This job can be monitored from: https://job.c3se.chalmers.se/alvis/6377018
4.26.2-0+++UE4+Release-4.26 522 0
Disabling core dumps.
Beginning scenario construction...
pygame 2.6.1 (SDL 2.28.4, Python 3.10.12)
Hello from the pygame community. https://www.pygame.org/contribute.html
  Loading cached version of road network...
  Loaded cached network in 0.13 seconds.
  Pruning scenario...
  Pruned scenario in 2.813e-05 seconds.
Scenario constructed in 1.69 seconds.
  Connecting to CARLA on port 2000
Beginning scenario construction...
pygame 2.6.1 (SDL 2.28.4, Python 3.10.12)
Hello from the pygame community. https://www.pygame.org/contribute.html
  Loading cached version of road network...
  Loaded cached network in 0.13 seconds.
  Pruning scenario...
  Pruned scenario in 2.36e-05 seconds.
Scenario constructed in 1.41 seconds.
  Connecting to CARLA on port 2000
  Map loaded in simulator.
  Generated scene in 1 iterations, 0.02105 seconds.
  Beginning simulation of top-level scenario...
  Ran simulation in 15.55 seconds.
Beginning scenario construction...
pygame 2.6.1 (SDL 2.28.4, Python 3.10.12)
Hello from the pygame community. https://www.pygame.org/contribute.html
  Loading cached version of road network...
  Loaded cached network in 0.14 seconds.
  Pruning scenario...
  Pruned scenario in 3.29e-05 seconds.
Scenario constructed in 1.61 seconds.
  Connecting to CARLA on port 2000
Beginning scenario construction...
pygame 2.6.1 (SDL 2.28.4, Python 3.10.12)
Hello from the pygame community. https://www.pygame.org/contribute.html
  Loading cached version of road network...
  Loaded cached network in 0.14 seconds.
  Pruning scenario...
  Pruned scenario in 3.219e-05 seconds.
Scenario constructed in 1.52 seconds.
  Connecting to CARLA on port 2000
  Map loaded in simulator.
  Generated scene in 1 iterations, 0.0109 seconds.
  Beginning simulation of top-level scenario...
  Ran simulation in 16.96 seconds.
Beginning scenario construction...
pygame 2.6.1 (SDL 2.28.4, Python 3.10.12)
Hello from the pygame community. https://www.pygame.org/contribute.html
  Loading cached version of road network...
  Loaded cached network in 0.15 seconds.
  Pruning scenario...
  Pruned scenario in 3.076e-05 seconds.
Scenario constructed in 1.73 seconds.
  Connecting to CARLA on port 2000
Beginning scenario construction...
pygame 2.6.1 (SDL 2.28.4, Python 3.10.12)
Hello from the pygame community. https://www.pygame.org/contribute.html
  Loading cached version of road network...
  Loaded cached network in 0.14 seconds.
  Pruning scenario...
  Pruned scenario in 2.98e-05 seconds.
Scenario constructed in 1.51 seconds.
  Connecting to CARLA on port 2000
Beginning scenario construction...
pygame 2.6.1 (SDL 2.28.4, Python 3.10.12)
Hello from the pygame community. https://www.pygame.org/contribute.html
  Loading cached version of road network...
  Loaded cached network in 0.14 seconds.
  Pruning scenario...
  Pruned scenario in 2.98e-05 seconds.
Scenario constructed in 1.74 seconds.
  Connecting to CARLA on port 2000
Beginning scenario construction...
pygame 2.6.1 (SDL 2.28.4, Python 3.10.12)
Hello from the pygame community. https://www.pygame.org/contribute.html
  Loading cached version of road network...
  Loaded cached network in 0.14 seconds.
  Pruning scenario...
  Pruned scenario in 3.433e-05 seconds.
Scenario constructed in 1.52 seconds.
  Connecting to CARLA on port 2000
Beginning scenario construction...
pygame 2.6.1 (SDL 2.28.4, Python 3.10.12)
Hello from the pygame community. https://www.pygame.org/contribute.html
  Loading cached version of road network...
  Loaded cached network in 0.13 seconds.
  Pruning scenario...
  Pruned scenario in 2.813e-05 seconds.
Scenario constructed in 1.54 seconds.
  Connecting to CARLA on port 2000
Beginning scenario construction...
pygame 2.6.1 (SDL 2.28.4, Python 3.10.12)
Hello from the pygame community. https://www.pygame.org/contribute.html
  Loading cached version of road network...
  Loaded cached network in 0.14 seconds.
  Pruning scenario...
  Pruned scenario in 3.123e-05 seconds.
Scenario constructed in 1.59 seconds.
  Connecting to CARLA on port 2000
  Map loaded in simulator.
  Generated scene in 1 iterations, 0.01212 seconds.
  Beginning simulation of top-level scenario...
  Ran simulation in 13.32 seconds.
Beginning scenario construction...
pygame 2.6.1 (SDL 2.28.4, Python 3.10.12)
Hello from the pygame community. https://www.pygame.org/contribute.html
  Loading cached version of road network...
  Loaded cached network in 0.14 seconds.
  Pruning scenario...
  Pruned scenario in 2.956e-05 seconds.
Scenario constructed in 1.72 seconds.
  Connecting to CARLA on port 2000
  Map loaded in simulator.
  Generated scene in 1 iterations, 0.01068 seconds.
  Beginning simulation of top-level scenario...
  Ran simulation in 14.9 seconds.
Beginning scenario construction...
pygame 2.6.1 (SDL 2.28.4, Python 3.10.12)
Hello from the pygame community. https://www.pygame.org/contribute.html
  Loading cached version of road network...
  Loaded cached network in 0.14 seconds.
  Pruning scenario...
  Pruned scenario in 3.29e-05 seconds.
Scenario constructed in 1.66 seconds.
  Connecting to CARLA on port 2000
  Map loaded in simulator.
  Generated scene in 1 iterations, 0.01072 seconds.
  Beginning simulation of top-level scenario...
  Ran simulation in 14.35 seconds.
Beginning scenario construction...
pygame 2.6.1 (SDL 2.28.4, Python 3.10.12)
Hello from the pygame community. https://www.pygame.org/contribute.html
  Loading cached version of road network...
  Loaded cached network in 0.15 seconds.
  Pruning scenario...
  Pruned scenario in 3.29e-05 seconds.
Scenario constructed in 1.67 seconds.
  Connecting to CARLA on port 2000
Beginning scenario construction...
pygame 2.6.1 (SDL 2.28.4, Python 3.10.12)
Hello from the pygame community. https://www.pygame.org/contribute.html
  Loading cached version of road network...
  Loaded cached network in 0.15 seconds.
  Pruning scenario...
  Pruned scenario in 3.147e-05 seconds.
Scenario constructed in 1.81 seconds.
  Connecting to CARLA on port 2000
  Map loaded in simulator.
  Generated scene in 1 iterations, 0.01097 seconds.
  Beginning simulation of top-level scenario...
  Ran simulation in 12.15 seconds.
Beginning scenario construction...
pygame 2.6.1 (SDL 2.28.4, Python 3.10.12)
Hello from the pygame community. https://www.pygame.org/contribute.html
  Loading cached version of road network...
  Loaded cached network in 0.15 seconds.
  Pruning scenario...
  Pruned scenario in 3.266e-05 seconds.
Scenario constructed in 1.60 seconds.
  Connecting to CARLA on port 2000
Beginning scenario construction...
pygame 2.6.1 (SDL 2.28.4, Python 3.10.12)
Hello from the pygame community. https://www.pygame.org/contribute.html
  Loading cached version of road network...
  Loaded cached network in 0.14 seconds.
  Pruning scenario...
  Pruned scenario in 2.933e-05 seconds.
Scenario constructed in 1.50 seconds.
  Connecting to CARLA on port 2000
  Map loaded in simulator.
  Generated scene in 1 iterations, 0.0111 seconds.
  Beginning simulation of top-level scenario...
  Ran simulation in 12.69 seconds.
Beginning scenario construction...
pygame 2.6.1 (SDL 2.28.4, Python 3.10.12)
Hello from the pygame community. https://www.pygame.org/contribute.html
  Loading cached version of road network...
  Loaded cached network in 0.14 seconds.
  Pruning scenario...
  Pruned scenario in 3.839e-05 seconds.
Scenario constructed in 1.55 seconds.
  Connecting to CARLA on port 2000
  Map loaded in simulator.
  Generated scene in 1 iterations, 0.01052 seconds.
  Beginning simulation of top-level scenario...
  Ran simulation in 12.13 seconds.
Beginning scenario construction...
pygame 2.6.1 (SDL 2.28.4, Python 3.10.12)
Hello from the pygame community. https://www.pygame.org/contribute.html
  Loading cached version of road network...
  Loaded cached network in 0.14 seconds.
  Pruning scenario...
  Pruned scenario in 3.076e-05 seconds.
Scenario constructed in 1.64 seconds.
  Connecting to CARLA on port 2000
  Map loaded in simulator.
  Generated scene in 1 iterations, 0.01074 seconds.
  Beginning simulation of top-level scenario...
  Ran simulation in 13.83 seconds.
Beginning scenario construction...
pygame 2.6.1 (SDL 2.28.4, Python 3.10.12)
Hello from the pygame community. https://www.pygame.org/contribute.html
  Loading cached version of road network...
  Loaded cached network in 0.14 seconds.
  Pruning scenario...
  Pruned scenario in 3.052e-05 seconds.
Scenario constructed in 1.55 seconds.
  Connecting to CARLA on port 2000
  Map loaded in simulator.
  Generated scene in 1 iterations, 0.01073 seconds.
  Beginning simulation of top-level scenario...
  Ran simulation in 12.13 seconds.
Beginning scenario construction...
pygame 2.6.1 (SDL 2.28.4, Python 3.10.12)
Hello from the pygame community. https://www.pygame.org/contribute.html
  Loading cached version of road network...
  Loaded cached network in 0.14 seconds.
  Pruning scenario...
  Pruned scenario in 3.672e-05 seconds.
Scenario constructed in 1.60 seconds.
  Connecting to CARLA on port 2000
  Map loaded in simulator.
  Generated scene in 1 iterations, 0.01107 seconds.
  Beginning simulation of top-level scenario...
  Ran simulation in 11.72 seconds.
Beginning scenario construction...
pygame 2.6.1 (SDL 2.28.4, Python 3.10.12)
Hello from the pygame community. https://www.pygame.org/contribute.html
  Loading cached version of road network...
  Loaded cached network in 0.14 seconds.
  Pruning scenario...
  Pruned scenario in 4.697e-05 seconds.
Scenario constructed in 1.53 seconds.
  Connecting to CARLA on port 2000
Beginning scenario construction...
pygame 2.6.1 (SDL 2.28.4, Python 3.10.12)
Hello from the pygame community. https://www.pygame.org/contribute.html
  Loading cached version of road network...
  Loaded cached network in 0.14 seconds.
  Pruning scenario...
  Pruned scenario in 3.052e-05 seconds.
Scenario constructed in 1.52 seconds.
  Connecting to CARLA on port 2000
  Map loaded in simulator.
  Generated scene in 1 iterations, 0.01108 seconds.
  Beginning simulation of top-level scenario...
  Ran simulation in 14.15 seconds.
Beginning scenario construction...
pygame 2.6.1 (SDL 2.28.4, Python 3.10.12)
Hello from the pygame community. https://www.pygame.org/contribute.html
  Loading cached version of road network...
  Loaded cached network in 0.14 seconds.
  Pruning scenario...
  Pruned scenario in 2.885e-05 seconds.
Scenario constructed in 1.51 seconds.
  Connecting to CARLA on port 2000
  Map loaded in simulator.
  Generated scene in 1 iterations, 0.01123 seconds.
  Beginning simulation of top-level scenario...
  Ran simulation in 13.98 seconds.
Beginning scenario construction...
pygame 2.6.1 (SDL 2.28.4, Python 3.10.12)
Hello from the pygame community. https://www.pygame.org/contribute.html
  Loading cached version of road network...
  Loaded cached network in 0.14 seconds.
  Pruning scenario...
  Pruned scenario in 3.076e-05 seconds.
Scenario constructed in 1.50 seconds.
  Connecting to CARLA on port 2000
  Map loaded in simulator.
  Generated scene in 1 iterations, 0.01052 seconds.
  Beginning simulation of top-level scenario...
  Ran simulation in 12.5 seconds.
Beginning scenario construction...
pygame 2.6.1 (SDL 2.28.4, Python 3.10.12)
Hello from the pygame community. https://www.pygame.org/contribute.html
  Loading cached version of road network...
  Loaded cached network in 0.14 seconds.
  Pruning scenario...
  Pruned scenario in 3.147e-05 seconds.
Scenario constructed in 1.55 seconds.
  Connecting to CARLA on port 2000
  Map loaded in simulator.
  Generated scene in 1 iterations, 0.01083 seconds.
  Beginning simulation of top-level scenario...
  Ran simulation in 10.97 seconds.
Beginning scenario construction...
pygame 2.6.1 (SDL 2.28.4, Python 3.10.12)
Hello from the pygame community. https://www.pygame.org/contribute.html
  Loading cached version of road network...
  Loaded cached network in 0.14 seconds.
  Pruning scenario...
  Pruned scenario in 2.861e-05 seconds.
Scenario constructed in 1.50 seconds.
  Connecting to CARLA on port 2000
  Map loaded in simulator.
  Generated scene in 1 iterations, 0.01084 seconds.
  Beginning simulation of top-level scenario...
  Ran simulation in 14.8 seconds.
Beginning scenario construction...
pygame 2.6.1 (SDL 2.28.4, Python 3.10.12)
Hello from the pygame community. https://www.pygame.org/contribute.html
  Loading cached version of road network...
  Loaded cached network in 0.14 seconds.
  Pruning scenario...
  Pruned scenario in 3.314e-05 seconds.
Scenario constructed in 1.65 seconds.
  Connecting to CARLA on port 2000
  Map loaded in simulator.
  Generated scene in 1 iterations, 0.01068 seconds.
  Beginning simulation of top-level scenario...
  Ran simulation in 11.43 seconds.
Beginning scenario construction...
pygame 2.6.1 (SDL 2.28.4, Python 3.10.12)
Hello from the pygame community. https://www.pygame.org/contribute.html
  Loading cached version of road network...
  Loaded cached network in 0.14 seconds.
  Pruning scenario...
  Pruned scenario in 3.099e-05 seconds.
Scenario constructed in 1.48 seconds.
  Connecting to CARLA on port 2000
  Map loaded in simulator.
  Generated scene in 1 iterations, 0.01128 seconds.
  Beginning simulation of top-level scenario...
  Ran simulation in 13.08 seconds.
Beginning scenario construction...
pygame 2.6.1 (SDL 2.28.4, Python 3.10.12)
Hello from the pygame community. https://www.pygame.org/contribute.html
  Loading cached version of road network...
  Loaded cached network in 0.14 seconds.
  Pruning scenario...
  Pruned scenario in 2.48e-05 seconds.
Scenario constructed in 1.45 seconds.
  Connecting to CARLA on port 2000
  Map loaded in simulator.
  Generated scene in 1 iterations, 0.01113 seconds.
  Beginning simulation of top-level scenario...
  Ran simulation in 13.2 seconds.
Beginning scenario construction...
pygame 2.6.1 (SDL 2.28.4, Python 3.10.12)
Hello from the pygame community. https://www.pygame.org/contribute.html
  Loading cached version of road network...
  Loaded cached network in 0.14 seconds.
  Pruning scenario...
  Pruned scenario in 2.718e-05 seconds.
Scenario constructed in 1.57 seconds.
  Connecting to CARLA on port 2000
  Map loaded in simulator.
  Generated scene in 1 iterations, 0.011 seconds.
  Beginning simulation of top-level scenario...
  Ran simulation in 13.62 seconds.
Beginning scenario construction...
pygame 2.6.1 (SDL 2.28.4, Python 3.10.12)
Hello from the pygame community. https://www.pygame.org/contribute.html
  Loading cached version of road network...
  Loaded cached network in 0.14 seconds.
  Pruning scenario...
  Pruned scenario in 2.575e-05 seconds.
Scenario constructed in 1.54 seconds.
  Connecting to CARLA on port 2000
  Map loaded in simulator.
  Generated scene in 1 iterations, 0.01144 seconds.
  Beginning simulation of top-level scenario...
  Ran simulation in 12.25 seconds.
Beginning scenario construction...
pygame 2.6.1 (SDL 2.28.4, Python 3.10.12)
Hello from the pygame community. https://www.pygame.org/contribute.html
  Loading cached version of road network...
  Loaded cached network in 0.14 seconds.
  Pruning scenario...
  Pruned scenario in 3.076e-05 seconds.
Scenario constructed in 1.51 seconds.
  Connecting to CARLA on port 2000
  Map loaded in simulator.
  Generated scene in 1 iterations, 0.01059 seconds.
  Beginning simulation of top-level scenario...
  Ran simulation in 11.11 seconds.
Beginning scenario construction...
pygame 2.6.1 (SDL 2.28.4, Python 3.10.12)
Hello from the pygame community. https://www.pygame.org/contribute.html
  Loading cached version of road network...
  Loaded cached network in 0.14 seconds.
  Pruning scenario...
  Pruned scenario in 3.123e-05 seconds.
Scenario constructed in 1.54 seconds.
  Connecting to CARLA on port 2000
  Map loaded in simulator.
  Generated scene in 1 iterations, 0.01055 seconds.
  Beginning simulation of top-level scenario...
  Ran simulation in 11.96 seconds.
Beginning scenario construction...
pygame 2.6.1 (SDL 2.28.4, Python 3.10.12)
Hello from the pygame community. https://www.pygame.org/contribute.html
  Loading cached version of road network...
  Loaded cached network in 0.14 seconds.
  Pruning scenario...
  Pruned scenario in 3.6e-05 seconds.
Scenario constructed in 1.50 seconds.
  Connecting to CARLA on port 2000
  Map loaded in simulator.
  Generated scene in 1 iterations, 0.01084 seconds.
  Beginning simulation of top-level scenario...
  Ran simulation in 13.25 seconds.
Beginning scenario construction...
pygame 2.6.1 (SDL 2.28.4, Python 3.10.12)
Hello from the pygame community. https://www.pygame.org/contribute.html
  Loading cached version of road network...
  Loaded cached network in 0.14 seconds.
  Pruning scenario...
  Pruned scenario in 3.052e-05 seconds.
Scenario constructed in 1.50 seconds.
  Connecting to CARLA on port 2000
  Map loaded in simulator.
  Generated scene in 1 iterations, 0.01126 seconds.
  Beginning simulation of top-level scenario...
  Ran simulation in 10.62 seconds.
Beginning scenario construction...
pygame 2.6.1 (SDL 2.28.4, Python 3.10.12)
Hello from the pygame community. https://www.pygame.org/contribute.html
  Loading cached version of road network...
  Loaded cached network in 0.14 seconds.
  Pruning scenario...
  Pruned scenario in 2.575e-05 seconds.
Scenario constructed in 1.48 seconds.
  Connecting to CARLA on port 2000
  Map loaded in simulator.
  Generated scene in 1 iterations, 0.01044 seconds.
  Beginning simulation of top-level scenario...
  Ran simulation in 12.44 seconds.
Beginning scenario construction...
pygame 2.6.1 (SDL 2.28.4, Python 3.10.12)
Hello from the pygame community. https://www.pygame.org/contribute.html
  Loading cached version of road network...
  Loaded cached network in 0.14 seconds.
  Pruning scenario...
  Pruned scenario in 3.362e-05 seconds.
Scenario constructed in 1.53 seconds.
  Connecting to CARLA on port 2000
  Map loaded in simulator.
  Generated scene in 1 iterations, 0.01039 seconds.
  Beginning simulation of top-level scenario...
  Ran simulation in 11.09 seconds.
Beginning scenario construction...
pygame 2.6.1 (SDL 2.28.4, Python 3.10.12)
Hello from the pygame community. https://www.pygame.org/contribute.html
  Loading cached version of road network...
  Loaded cached network in 0.13 seconds.
  Pruning scenario...
  Pruned scenario in 2.813e-05 seconds.
Scenario constructed in 1.50 seconds.
  Connecting to CARLA on port 2000
  Map loaded in simulator.
  Generated scene in 1 iterations, 0.01097 seconds.
  Beginning simulation of top-level scenario...
  Ran simulation in 12.27 seconds.
Beginning scenario construction...
pygame 2.6.1 (SDL 2.28.4, Python 3.10.12)
Hello from the pygame community. https://www.pygame.org/contribute.html
  Loading cached version of road network...
  Loaded cached network in 0.14 seconds.
  Pruning scenario...
  Pruned scenario in 2.909e-05 seconds.
Scenario constructed in 1.56 seconds.
  Connecting to CARLA on port 2000
  Map loaded in simulator.
  Generated scene in 1 iterations, 0.01077 seconds.
  Beginning simulation of top-level scenario...
  Ran simulation in 11.55 seconds.
Beginning scenario construction...
pygame 2.6.1 (SDL 2.28.4, Python 3.10.12)
Hello from the pygame community. https://www.pygame.org/contribute.html
  Loading cached version of road network...
  Loaded cached network in 0.14 seconds.
  Pruning scenario...
  Pruned scenario in 3.147e-05 seconds.
Scenario constructed in 1.51 seconds.
  Connecting to CARLA on port 2000
  Map loaded in simulator.
  Generated scene in 1 iterations, 0.0109 seconds.
  Beginning simulation of top-level scenario...
  Ran simulation in 11.88 seconds.
Beginning scenario construction...
pygame 2.6.1 (SDL 2.28.4, Python 3.10.12)
Hello from the pygame community. https://www.pygame.org/contribute.html
  Loading cached version of road network...
  Loaded cached network in 0.14 seconds.
  Pruning scenario...
  Pruned scenario in 2.861e-05 seconds.
Scenario constructed in 1.56 seconds.
  Connecting to CARLA on port 2000
  Map loaded in simulator.
  Generated scene in 1 iterations, 0.01054 seconds.
  Beginning simulation of top-level scenario...
  Ran simulation in 11.14 seconds.
Beginning scenario construction...
pygame 2.6.1 (SDL 2.28.4, Python 3.10.12)
Hello from the pygame community. https://www.pygame.org/contribute.html
  Loading cached version of road network...
  Loaded cached network in 0.14 seconds.
  Pruning scenario...
  Pruned scenario in 3.219e-05 seconds.
Scenario constructed in 1.49 seconds.
  Connecting to CARLA on port 2000
  Map loaded in simulator.
  Generated scene in 1 iterations, 0.01066 seconds.
  Beginning simulation of top-level scenario...
  Ran simulation in 11.14 seconds.
Beginning scenario construction...
pygame 2.6.1 (SDL 2.28.4, Python 3.10.12)
Hello from the pygame community. https://www.pygame.org/contribute.html
  Loading cached version of road network...
  Loaded cached network in 0.14 seconds.
  Pruning scenario...
  Pruned scenario in 2.527e-05 seconds.
Scenario constructed in 1.50 seconds.
  Connecting to CARLA on port 2000
  Map loaded in simulator.
  Generated scene in 1 iterations, 0.01092 seconds.
  Beginning simulation of top-level scenario...
  Ran simulation in 12.1 seconds.
Beginning scenario construction...
pygame 2.6.1 (SDL 2.28.4, Python 3.10.12)
Hello from the pygame community. https://www.pygame.org/contribute.html
  Loading cached version of road network...
  Loaded cached network in 0.14 seconds.
  Pruning scenario...
  Pruned scenario in 3.576e-05 seconds.
Scenario constructed in 1.48 seconds.
  Connecting to CARLA on port 2000
  Map loaded in simulator.
  Generated scene in 1 iterations, 0.0106 seconds.
  Beginning simulation of top-level scenario...
  Ran simulation in 12.32 seconds.
Beginning scenario construction...
pygame 2.6.1 (SDL 2.28.4, Python 3.10.12)
Hello from the pygame community. https://www.pygame.org/contribute.html
  Loading cached version of road network...
  Loaded cached network in 0.14 seconds.
  Pruning scenario...
  Pruned scenario in 3.028e-05 seconds.
Scenario constructed in 1.47 seconds.
  Connecting to CARLA on port 2000
  Map loaded in simulator.
  Generated scene in 1 iterations, 0.01054 seconds.
  Beginning simulation of top-level scenario...
  Ran simulation in 13.77 seconds.
Beginning scenario construction...
pygame 2.6.1 (SDL 2.28.4, Python 3.10.12)
Hello from the pygame community. https://www.pygame.org/contribute.html
  Loading cached version of road network...
  Loaded cached network in 0.14 seconds.
  Pruning scenario...
  Pruned scenario in 2.694e-05 seconds.
Scenario constructed in 1.46 seconds.
  Connecting to CARLA on port 2000
  Map loaded in simulator.
  Generated scene in 1 iterations, 0.01081 seconds.
  Beginning simulation of top-level scenario...
  Ran simulation in 11.1 seconds.
Beginning scenario construction...
pygame 2.6.1 (SDL 2.28.4, Python 3.10.12)
Hello from the pygame community. https://www.pygame.org/contribute.html
  Loading cached version of road network...
  Loaded cached network in 0.14 seconds.
  Pruning scenario...
  Pruned scenario in 3.052e-05 seconds.
Scenario constructed in 1.52 seconds.
  Connecting to CARLA on port 2000
  Map loaded in simulator.
  Generated scene in 1 iterations, 0.01039 seconds.
  Beginning simulation of top-level scenario...
  Ran simulation in 12.38 seconds.
Beginning scenario construction...
pygame 2.6.1 (SDL 2.28.4, Python 3.10.12)
Hello from the pygame community. https://www.pygame.org/contribute.html
  Loading cached version of road network...
  Loaded cached network in 0.14 seconds.
  Pruning scenario...
  Pruned scenario in 2.646e-05 seconds.
Scenario constructed in 1.54 seconds.
  Connecting to CARLA on port 2000
  Map loaded in simulator.
  Generated scene in 1 iterations, 0.01045 seconds.
  Beginning simulation of top-level scenario...
  Ran simulation in 12.41 seconds.
Beginning scenario construction...
pygame 2.6.1 (SDL 2.28.4, Python 3.10.12)
Hello from the pygame community. https://www.pygame.org/contribute.html
  Loading cached version of road network...
  Loaded cached network in 0.14 seconds.
  Pruning scenario...
  Pruned scenario in 3.123e-05 seconds.
Scenario constructed in 1.48 seconds.
  Connecting to CARLA on port 2000
  Map loaded in simulator.
  Generated scene in 1 iterations, 0.01045 seconds.
  Beginning simulation of top-level scenario...
  Ran simulation in 12.33 seconds.
Beginning scenario construction...
pygame 2.6.1 (SDL 2.28.4, Python 3.10.12)
Hello from the pygame community. https://www.pygame.org/contribute.html
  Loading cached version of road network...
  Loaded cached network in 0.14 seconds.
  Pruning scenario...
  Pruned scenario in 2.67e-05 seconds.
Scenario constructed in 1.49 seconds.
  Connecting to CARLA on port 2000
  Map loaded in simulator.
  Generated scene in 1 iterations, 0.01072 seconds.
  Beginning simulation of top-level scenario...
  Ran simulation in 11.31 seconds.
Beginning scenario construction...
pygame 2.6.1 (SDL 2.28.4, Python 3.10.12)
Hello from the pygame community. https://www.pygame.org/contribute.html
  Loading cached version of road network...
  Loaded cached network in 0.15 seconds.
  Pruning scenario...
  Pruned scenario in 3.314e-05 seconds.
Scenario constructed in 1.51 seconds.
  Connecting to CARLA on port 2000
  Map loaded in simulator.
  Generated scene in 1 iterations, 0.01077 seconds.
  Beginning simulation of top-level scenario...
  Ran simulation in 13.07 seconds.
Beginning scenario construction...
pygame 2.6.1 (SDL 2.28.4, Python 3.10.12)
Hello from the pygame community. https://www.pygame.org/contribute.html
  Loading cached version of road network...
  Loaded cached network in 0.14 seconds.
  Pruning scenario...
  Pruned scenario in 2.885e-05 seconds.
Scenario constructed in 1.49 seconds.
  Connecting to CARLA on port 2000
  Map loaded in simulator.
  Generated scene in 1 iterations, 0.01046 seconds.
  Beginning simulation of top-level scenario...
  Ran simulation in 10.97 seconds.
Beginning scenario construction...
pygame 2.6.1 (SDL 2.28.4, Python 3.10.12)
Hello from the pygame community. https://www.pygame.org/contribute.html
  Loading cached version of road network...
  Loaded cached network in 0.13 seconds.
  Pruning scenario...
  Pruned scenario in 4.101e-05 seconds.
Scenario constructed in 1.46 seconds.
  Connecting to CARLA on port 2000
  Map loaded in simulator.
  Generated scene in 1 iterations, 0.01124 seconds.
  Beginning simulation of top-level scenario...
  Ran simulation in 13.25 seconds.
Beginning scenario construction...
pygame 2.6.1 (SDL 2.28.4, Python 3.10.12)
Hello from the pygame community. https://www.pygame.org/contribute.html
  Loading cached version of road network...
  Loaded cached network in 0.14 seconds.
  Pruning scenario...
  Pruned scenario in 2.599e-05 seconds.
Scenario constructed in 1.49 seconds.
  Connecting to CARLA on port 2000
  Map loaded in simulator.
  Generated scene in 1 iterations, 0.01044 seconds.
  Beginning simulation of top-level scenario...
  Ran simulation in 12.15 seconds.
Beginning scenario construction...
pygame 2.6.1 (SDL 2.28.4, Python 3.10.12)
Hello from the pygame community. https://www.pygame.org/contribute.html
  Loading cached version of road network...
  Loaded cached network in 0.14 seconds.
  Pruning scenario...
  Pruned scenario in 4.578e-05 seconds.
Scenario constructed in 1.51 seconds.
  Connecting to CARLA on port 2000
  Map loaded in simulator.
  Generated scene in 1 iterations, 0.01227 seconds.
  Beginning simulation of top-level scenario...
  Ran simulation in 12.36 seconds.
Beginning scenario construction...
pygame 2.6.1 (SDL 2.28.4, Python 3.10.12)
Hello from the pygame community. https://www.pygame.org/contribute.html
  Loading cached version of road network...
  Loaded cached network in 0.14 seconds.
  Pruning scenario...
  Pruned scenario in 3.004e-05 seconds.
Scenario constructed in 1.51 seconds.
  Connecting to CARLA on port 2000
  Map loaded in simulator.
  Generated scene in 1 iterations, 0.01099 seconds.
  Beginning simulation of top-level scenario...
  Ran simulation in 12.23 seconds.
Beginning scenario construction...
pygame 2.6.1 (SDL 2.28.4, Python 3.10.12)
Hello from the pygame community. https://www.pygame.org/contribute.html
  Loading cached version of road network...
  Loaded cached network in 0.14 seconds.
  Pruning scenario...
  Pruned scenario in 2.861e-05 seconds.
Scenario constructed in 1.51 seconds.
  Connecting to CARLA on port 2000
  Map loaded in simulator.
  Generated scene in 1 iterations, 0.0105 seconds.
  Beginning simulation of top-level scenario...
  Ran simulation in 10.69 seconds.
Beginning scenario construction...
pygame 2.6.1 (SDL 2.28.4, Python 3.10.12)
Hello from the pygame community. https://www.pygame.org/contribute.html
  Loading cached version of road network...
  Loaded cached network in 0.14 seconds.
  Pruning scenario...
  Pruned scenario in 3.004e-05 seconds.
Scenario constructed in 1.47 seconds.
  Connecting to CARLA on port 2000
  Map loaded in simulator.
  Generated scene in 1 iterations, 0.01074 seconds.
  Beginning simulation of top-level scenario...
  Ran simulation in 14.47 seconds.
Beginning scenario construction...
pygame 2.6.1 (SDL 2.28.4, Python 3.10.12)
Hello from the pygame community. https://www.pygame.org/contribute.html
  Loading cached version of road network...
  Loaded cached network in 0.14 seconds.
  Pruning scenario...
  Pruned scenario in 2.837e-05 seconds.
Scenario constructed in 1.48 seconds.
  Connecting to CARLA on port 2000
  Map loaded in simulator.
  Generated scene in 1 iterations, 0.01118 seconds.
  Beginning simulation of top-level scenario...
  Ran simulation in 12.15 seconds.
Beginning scenario construction...
pygame 2.6.1 (SDL 2.28.4, Python 3.10.12)
Hello from the pygame community. https://www.pygame.org/contribute.html
  Loading cached version of road network...
  Loaded cached network in 0.14 seconds.
  Pruning scenario...
  Pruned scenario in 3.123e-05 seconds.
Scenario constructed in 1.51 seconds.
  Connecting to CARLA on port 2000
  Map loaded in simulator.
  Generated scene in 1 iterations, 0.01096 seconds.
  Beginning simulation of top-level scenario...
  Ran simulation in 10.93 seconds.
Beginning scenario construction...
pygame 2.6.1 (SDL 2.28.4, Python 3.10.12)
Hello from the pygame community. https://www.pygame.org/contribute.html
  Loading cached version of road network...
  Loaded cached network in 0.14 seconds.
  Pruning scenario...
  Pruned scenario in 3.123e-05 seconds.
Scenario constructed in 1.50 seconds.
  Connecting to CARLA on port 2000
  Map loaded in simulator.
  Generated scene in 1 iterations, 0.01035 seconds.
  Beginning simulation of top-level scenario...
  Ran simulation in 12.44 seconds.
Beginning scenario construction...
pygame 2.6.1 (SDL 2.28.4, Python 3.10.12)
Hello from the pygame community. https://www.pygame.org/contribute.html
  Loading cached version of road network...
  Loaded cached network in 0.15 seconds.
  Pruning scenario...
  Pruned scenario in 2.623e-05 seconds.
Scenario constructed in 1.51 seconds.
  Connecting to CARLA on port 2000
  Map loaded in simulator.
  Generated scene in 1 iterations, 0.01084 seconds.
  Beginning simulation of top-level scenario...
  Ran simulation in 11.49 seconds.
Beginning scenario construction...
pygame 2.6.1 (SDL 2.28.4, Python 3.10.12)
Hello from the pygame community. https://www.pygame.org/contribute.html
  Loading cached version of road network...
  Loaded cached network in 0.13 seconds.
  Pruning scenario...
  Pruned scenario in 2.694e-05 seconds.
Scenario constructed in 1.48 seconds.
  Connecting to CARLA on port 2000
  Map loaded in simulator.
  Generated scene in 1 iterations, 0.01071 seconds.
  Beginning simulation of top-level scenario...
  Ran simulation in 11.81 seconds.
Beginning scenario construction...
pygame 2.6.1 (SDL 2.28.4, Python 3.10.12)
Hello from the pygame community. https://www.pygame.org/contribute.html
  Loading cached version of road network...
  Loaded cached network in 0.15 seconds.
  Pruning scenario...
  Pruned scenario in 3.052e-05 seconds.
Scenario constructed in 1.53 seconds.
  Connecting to CARLA on port 2000
  Map loaded in simulator.
  Generated scene in 1 iterations, 0.01065 seconds.
  Beginning simulation of top-level scenario...
  Ran simulation in 14.12 seconds.
Beginning scenario construction...
pygame 2.6.1 (SDL 2.28.4, Python 3.10.12)
Hello from the pygame community. https://www.pygame.org/contribute.html
  Loading cached version of road network...
  Loaded cached network in 0.14 seconds.
  Pruning scenario...
  Pruned scenario in 2.575e-05 seconds.
Scenario constructed in 1.52 seconds.
  Connecting to CARLA on port 2000
  Map loaded in simulator.
  Generated scene in 1 iterations, 0.01101 seconds.
  Beginning simulation of top-level scenario...
  Ran simulation in 14.23 seconds.
Beginning scenario construction...
pygame 2.6.1 (SDL 2.28.4, Python 3.10.12)
Hello from the pygame community. https://www.pygame.org/contribute.html
  Loading cached version of road network...
  Loaded cached network in 0.14 seconds.
  Pruning scenario...
  Pruned scenario in 2.98e-05 seconds.
Scenario constructed in 1.49 seconds.
  Connecting to CARLA on port 2000
  Map loaded in simulator.
  Generated scene in 1 iterations, 0.01075 seconds.
  Beginning simulation of top-level scenario...
  Ran simulation in 12.29 seconds.
Beginning scenario construction...
pygame 2.6.1 (SDL 2.28.4, Python 3.10.12)
Hello from the pygame community. https://www.pygame.org/contribute.html
  Loading cached version of road network...
  Loaded cached network in 0.14 seconds.
  Pruning scenario...
  Pruned scenario in 3.147e-05 seconds.
Scenario constructed in 1.56 seconds.
  Connecting to CARLA on port 2000
  Map loaded in simulator.
  Generated scene in 1 iterations, 0.01045 seconds.
  Beginning simulation of top-level scenario...
  Ran simulation in 12.04 seconds.
Beginning scenario construction...
pygame 2.6.1 (SDL 2.28.4, Python 3.10.12)
Hello from the pygame community. https://www.pygame.org/contribute.html
  Loading cached version of road network...
  Loaded cached network in 0.14 seconds.
  Pruning scenario...
  Pruned scenario in 2.956e-05 seconds.
Scenario constructed in 1.49 seconds.
  Connecting to CARLA on port 2000
  Map loaded in simulator.
  Generated scene in 1 iterations, 0.01152 seconds.
  Beginning simulation of top-level scenario...
  Ran simulation in 12.18 seconds.
Beginning scenario construction...
pygame 2.6.1 (SDL 2.28.4, Python 3.10.12)
Hello from the pygame community. https://www.pygame.org/contribute.html
  Loading cached version of road network...
  Loaded cached network in 0.14 seconds.
  Pruning scenario...
  Pruned scenario in 3.004e-05 seconds.
Scenario constructed in 1.46 seconds.
  Connecting to CARLA on port 2000
  Map loaded in simulator.
  Generated scene in 1 iterations, 0.01059 seconds.
  Beginning simulation of top-level scenario...
  Ran simulation in 11.4 seconds.
Beginning scenario construction...
pygame 2.6.1 (SDL 2.28.4, Python 3.10.12)
Hello from the pygame community. https://www.pygame.org/contribute.html
  Loading cached version of road network...
  Loaded cached network in 0.14 seconds.
  Pruning scenario...
  Pruned scenario in 2.909e-05 seconds.
Scenario constructed in 1.52 seconds.
  Connecting to CARLA on port 2000
  Map loaded in simulator.
  Generated scene in 1 iterations, 0.01052 seconds.
  Beginning simulation of top-level scenario...
  Ran simulation in 11.35 seconds.
Beginning scenario construction...
pygame 2.6.1 (SDL 2.28.4, Python 3.10.12)
Hello from the pygame community. https://www.pygame.org/contribute.html
  Loading cached version of road network...
  Loaded cached network in 0.14 seconds.
  Pruning scenario...
  Pruned scenario in 3.099e-05 seconds.
Scenario constructed in 1.56 seconds.
  Connecting to CARLA on port 2000
  Map loaded in simulator.
  Generated scene in 1 iterations, 0.0106 seconds.
  Beginning simulation of top-level scenario...
  Ran simulation in 13.94 seconds.
Beginning scenario construction...
pygame 2.6.1 (SDL 2.28.4, Python 3.10.12)
Hello from the pygame community. https://www.pygame.org/contribute.html
  Loading cached version of road network...
  Loaded cached network in 0.15 seconds.
  Pruning scenario...
  Pruned scenario in 3.028e-05 seconds.
Scenario constructed in 1.55 seconds.
  Connecting to CARLA on port 2000
  Map loaded in simulator.
  Generated scene in 1 iterations, 0.01087 seconds.
  Beginning simulation of top-level scenario...
  Ran simulation in 11.85 seconds.
Beginning scenario construction...
pygame 2.6.1 (SDL 2.28.4, Python 3.10.12)
Hello from the pygame community. https://www.pygame.org/contribute.html
  Loading cached version of road network...
  Loaded cached network in 0.14 seconds.
  Pruning scenario...
  Pruned scenario in 2.909e-05 seconds.
Scenario constructed in 1.54 seconds.
  Connecting to CARLA on port 2000
  Map loaded in simulator.
  Generated scene in 1 iterations, 0.01037 seconds.
  Beginning simulation of top-level scenario...
  Ran simulation in 13.89 seconds.
Beginning scenario construction...
pygame 2.6.1 (SDL 2.28.4, Python 3.10.12)
Hello from the pygame community. https://www.pygame.org/contribute.html
  Loading cached version of road network...
  Loaded cached network in 0.14 seconds.
  Pruning scenario...
  Pruned scenario in 3.409e-05 seconds.
Scenario constructed in 1.48 seconds.
  Connecting to CARLA on port 2000
  Map loaded in simulator.
  Generated scene in 1 iterations, 0.01037 seconds.
  Beginning simulation of top-level scenario...
  Ran simulation in 13.65 seconds.
Beginning scenario construction...
pygame 2.6.1 (SDL 2.28.4, Python 3.10.12)
Hello from the pygame community. https://www.pygame.org/contribute.html
  Loading cached version of road network...
  Loaded cached network in 0.14 seconds.
  Pruning scenario...
  Pruned scenario in 3.219e-05 seconds.
Scenario constructed in 1.50 seconds.
  Connecting to CARLA on port 2000
  Map loaded in simulator.
  Generated scene in 1 iterations, 0.01104 seconds.
  Beginning simulation of top-level scenario...
  Ran simulation in 12.29 seconds.
Beginning scenario construction...
pygame 2.6.1 (SDL 2.28.4, Python 3.10.12)
Hello from the pygame community. https://www.pygame.org/contribute.html
  Loading cached version of road network...
  Loaded cached network in 0.14 seconds.
  Pruning scenario...
  Pruned scenario in 3.099e-05 seconds.
Scenario constructed in 1.54 seconds.
  Connecting to CARLA on port 2000
  Map loaded in simulator.
  Generated scene in 1 iterations, 0.01001 seconds.
  Beginning simulation of top-level scenario...
  Ran simulation in 13.71 seconds.
Beginning scenario construction...
pygame 2.6.1 (SDL 2.28.4, Python 3.10.12)
Hello from the pygame community. https://www.pygame.org/contribute.html
  Loading cached version of road network...
  Loaded cached network in 0.13 seconds.
  Pruning scenario...
  Pruned scenario in 2.575e-05 seconds.
Scenario constructed in 1.58 seconds.
  Connecting to CARLA on port 2000
  Map loaded in simulator.
  Generated scene in 1 iterations, 0.01044 seconds.
  Beginning simulation of top-level scenario...
  Ran simulation in 14.44 seconds.
Beginning scenario construction...
pygame 2.6.1 (SDL 2.28.4, Python 3.10.12)
Hello from the pygame community. https://www.pygame.org/contribute.html
  Loading cached version of road network...
  Loaded cached network in 0.14 seconds.
  Pruning scenario...
  Pruned scenario in 2.551e-05 seconds.
Scenario constructed in 1.43 seconds.
  Connecting to CARLA on port 2000
  Map loaded in simulator.
  Generated scene in 1 iterations, 0.01043 seconds.
  Beginning simulation of top-level scenario...
  Ran simulation in 12.13 seconds.
Beginning scenario construction...
pygame 2.6.1 (SDL 2.28.4, Python 3.10.12)
Hello from the pygame community. https://www.pygame.org/contribute.html
  Loading cached version of road network...
  Loaded cached network in 0.14 seconds.
  Pruning scenario...
  Pruned scenario in 2.98e-05 seconds.
Scenario constructed in 1.56 seconds.
  Connecting to CARLA on port 2000
  Map loaded in simulator.
  Generated scene in 1 iterations, 0.01128 seconds.
  Beginning simulation of top-level scenario...
  Ran simulation in 14.55 seconds.
Beginning scenario construction...
pygame 2.6.1 (SDL 2.28.4, Python 3.10.12)
Hello from the pygame community. https://www.pygame.org/contribute.html
  Loading cached version of road network...
  Loaded cached network in 0.14 seconds.
  Pruning scenario...
  Pruned scenario in 3.457e-05 seconds.
Scenario constructed in 1.47 seconds.
  Connecting to CARLA on port 2000
  Map loaded in simulator.
  Generated scene in 1 iterations, 0.0108 seconds.
  Beginning simulation of top-level scenario...
  Ran simulation in 11.96 seconds.
Beginning scenario construction...
pygame 2.6.1 (SDL 2.28.4, Python 3.10.12)
Hello from the pygame community. https://www.pygame.org/contribute.html
  Loading cached version of road network...
  Loaded cached network in 0.14 seconds.
  Pruning scenario...
  Pruned scenario in 2.837e-05 seconds.
Scenario constructed in 1.46 seconds.
  Connecting to CARLA on port 2000
  Map loaded in simulator.
  Generated scene in 1 iterations, 0.0105 seconds.
  Beginning simulation of top-level scenario...
  Ran simulation in 12.13 seconds.
Beginning scenario construction...
pygame 2.6.1 (SDL 2.28.4, Python 3.10.12)
Hello from the pygame community. https://www.pygame.org/contribute.html
  Loading cached version of road network...
  Loaded cached network in 0.15 seconds.
  Pruning scenario...
  Pruned scenario in 3.028e-05 seconds.
Scenario constructed in 1.67 seconds.
  Connecting to CARLA on port 2000
  Map loaded in simulator.
  Generated scene in 1 iterations, 0.01095 seconds.
  Beginning simulation of top-level scenario...
  Ran simulation in 12.39 seconds.
Beginning scenario construction...
pygame 2.6.1 (SDL 2.28.4, Python 3.10.12)
Hello from the pygame community. https://www.pygame.org/contribute.html
  Loading cached version of road network...
  Loaded cached network in 0.14 seconds.
  Pruning scenario...
  Pruned scenario in 3.099e-05 seconds.
Scenario constructed in 1.55 seconds.
  Connecting to CARLA on port 2000
  Map loaded in simulator.
  Generated scene in 1 iterations, 0.01087 seconds.
  Beginning simulation of top-level scenario...
  Ran simulation in 13.37 seconds.
Beginning scenario construction...
pygame 2.6.1 (SDL 2.28.4, Python 3.10.12)
Hello from the pygame community. https://www.pygame.org/contribute.html
  Loading cached version of road network...
  Loaded cached network in 0.14 seconds.
  Pruning scenario...
  Pruned scenario in 2.837e-05 seconds.
Scenario constructed in 1.46 seconds.
  Connecting to CARLA on port 2000
  Map loaded in simulator.
  Generated scene in 1 iterations, 0.01092 seconds.
  Beginning simulation of top-level scenario...
  Ran simulation in 13.18 seconds.
Beginning scenario construction...
pygame 2.6.1 (SDL 2.28.4, Python 3.10.12)
Hello from the pygame community. https://www.pygame.org/contribute.html
  Loading cached version of road network...
  Loaded cached network in 0.14 seconds.
  Pruning scenario...
  Pruned scenario in 3.004e-05 seconds.
Scenario constructed in 1.46 seconds.
  Connecting to CARLA on port 2000
  Map loaded in simulator.
  Generated scene in 1 iterations, 0.0105 seconds.
  Beginning simulation of top-level scenario...
  Ran simulation in 13.48 seconds.
Beginning scenario construction...
pygame 2.6.1 (SDL 2.28.4, Python 3.10.12)
Hello from the pygame community. https://www.pygame.org/contribute.html
  Loading cached version of road network...
  Loaded cached network in 0.13 seconds.
  Pruning scenario...
  Pruned scenario in 2.36e-05 seconds.
Scenario constructed in 1.46 seconds.
  Connecting to CARLA on port 2000
  Map loaded in simulator.
  Generated scene in 1 iterations, 0.01091 seconds.
  Beginning simulation of top-level scenario...
  Ran simulation in 12.21 seconds.
Beginning scenario construction...
pygame 2.6.1 (SDL 2.28.4, Python 3.10.12)
Hello from the pygame community. https://www.pygame.org/contribute.html
  Loading cached version of road network...
  Loaded cached network in 0.15 seconds.
  Pruning scenario...
  Pruned scenario in 3.123e-05 seconds.
Scenario constructed in 1.55 seconds.
  Connecting to CARLA on port 2000
  Map loaded in simulator.
  Generated scene in 1 iterations, 0.01073 seconds.
  Beginning simulation of top-level scenario...
  Ran simulation in 14.31 seconds.
Beginning scenario construction...
pygame 2.6.1 (SDL 2.28.4, Python 3.10.12)
Hello from the pygame community. https://www.pygame.org/contribute.html
  Loading cached version of road network...
  Loaded cached network in 0.14 seconds.
  Pruning scenario...
  Pruned scenario in 2.933e-05 seconds.
Scenario constructed in 1.48 seconds.
  Connecting to CARLA on port 2000
  Map loaded in simulator.
  Generated scene in 1 iterations, 0.01029 seconds.
  Beginning simulation of top-level scenario...
  Ran simulation in 12.87 seconds.
Beginning scenario construction...
pygame 2.6.1 (SDL 2.28.4, Python 3.10.12)
Hello from the pygame community. https://www.pygame.org/contribute.html
  Loading cached version of road network...
  Loaded cached network in 0.14 seconds.
  Pruning scenario...
  Pruned scenario in 2.813e-05 seconds.
Scenario constructed in 1.46 seconds.
  Connecting to CARLA on port 2000
  Map loaded in simulator.
  Generated scene in 1 iterations, 0.01051 seconds.
  Beginning simulation of top-level scenario...
  Ran simulation in 13.16 seconds.
Beginning scenario construction...
pygame 2.6.1 (SDL 2.28.4, Python 3.10.12)
Hello from the pygame community. https://www.pygame.org/contribute.html
  Loading cached version of road network...
  Loaded cached network in 0.14 seconds.
  Pruning scenario...
  Pruned scenario in 2.837e-05 seconds.
Scenario constructed in 1.48 seconds.
  Connecting to CARLA on port 2000
  Map loaded in simulator.
  Generated scene in 1 iterations, 0.01051 seconds.
  Beginning simulation of top-level scenario...
  Ran simulation in 14.6 seconds.
Beginning scenario construction...
pygame 2.6.1 (SDL 2.28.4, Python 3.10.12)
Hello from the pygame community. https://www.pygame.org/contribute.html
  Loading cached version of road network...
  Loaded cached network in 0.14 seconds.
  Pruning scenario...
  Pruned scenario in 2.503e-05 seconds.
Scenario constructed in 1.49 seconds.
  Connecting to CARLA on port 2000
  Map loaded in simulator.
  Generated scene in 1 iterations, 0.01109 seconds.
  Beginning simulation of top-level scenario...
  Ran simulation in 14.67 seconds.
Beginning scenario construction...
pygame 2.6.1 (SDL 2.28.4, Python 3.10.12)
Hello from the pygame community. https://www.pygame.org/contribute.html
  Loading cached version of road network...
  Loaded cached network in 0.14 seconds.
  Pruning scenario...
  Pruned scenario in 2.456e-05 seconds.
Scenario constructed in 1.45 seconds.
  Connecting to CARLA on port 2000
  Map loaded in simulator.
  Generated scene in 1 iterations, 0.01047 seconds.
  Beginning simulation of top-level scenario...
  Ran simulation in 12.57 seconds.
Beginning scenario construction...
pygame 2.6.1 (SDL 2.28.4, Python 3.10.12)
Hello from the pygame community. https://www.pygame.org/contribute.html
  Loading cached version of road network...
  Loaded cached network in 0.14 seconds.
  Pruning scenario...
  Pruned scenario in 2.456e-05 seconds.
Scenario constructed in 1.50 seconds.
  Connecting to CARLA on port 2000
  Map loaded in simulator.
  Generated scene in 1 iterations, 0.01037 seconds.
  Beginning simulation of top-level scenario...
  Ran simulation in 12.15 seconds.
Beginning scenario construction...
pygame 2.6.1 (SDL 2.28.4, Python 3.10.12)
Hello from the pygame community. https://www.pygame.org/contribute.html
  Loading cached version of road network...
  Loaded cached network in 0.13 seconds.
  Pruning scenario...
  Pruned scenario in 3.099e-05 seconds.
Scenario constructed in 1.45 seconds.
  Connecting to CARLA on port 2000
  Map loaded in simulator.
  Generated scene in 1 iterations, 0.01089 seconds.
  Beginning simulation of top-level scenario...
  Ran simulation in 14.13 seconds.
Beginning scenario construction...
pygame 2.6.1 (SDL 2.28.4, Python 3.10.12)
Hello from the pygame community. https://www.pygame.org/contribute.html
  Loading cached version of road network...
  Loaded cached network in 0.14 seconds.
  Pruning scenario...
  Pruned scenario in 2.933e-05 seconds.
Scenario constructed in 1.50 seconds.
  Connecting to CARLA on port 2000
  Map loaded in simulator.
  Generated scene in 1 iterations, 0.01047 seconds.
  Beginning simulation of top-level scenario...
  Ran simulation in 11.66 seconds.
Beginning scenario construction...
pygame 2.6.1 (SDL 2.28.4, Python 3.10.12)
Hello from the pygame community. https://www.pygame.org/contribute.html
  Loading cached version of road network...
  Loaded cached network in 0.14 seconds.
  Pruning scenario...
  Pruned scenario in 3.266e-05 seconds.
Scenario constructed in 1.48 seconds.
  Connecting to CARLA on port 2000
  Map loaded in simulator.
  Generated scene in 1 iterations, 0.01077 seconds.
  Beginning simulation of top-level scenario...
  Ran simulation in 13.43 seconds.
Beginning scenario construction...
pygame 2.6.1 (SDL 2.28.4, Python 3.10.12)
Hello from the pygame community. https://www.pygame.org/contribute.html
  Loading cached version of road network...
  Loaded cached network in 0.13 seconds.
  Pruning scenario...
  Pruned scenario in 2.432e-05 seconds.
Scenario constructed in 1.49 seconds.
  Connecting to CARLA on port 2000
  Map loaded in simulator.
  Generated scene in 1 iterations, 0.01009 seconds.
  Beginning simulation of top-level scenario...
  Ran simulation in 12.83 seconds.
Beginning scenario construction...
pygame 2.6.1 (SDL 2.28.4, Python 3.10.12)
Hello from the pygame community. https://www.pygame.org/contribute.html
  Loading cached version of road network...
  Loaded cached network in 0.13 seconds.
  Pruning scenario...
  Pruned scenario in 3.338e-05 seconds.
Scenario constructed in 1.53 seconds.
  Connecting to CARLA on port 2000
  Map loaded in simulator.
  Generated scene in 1 iterations, 0.01075 seconds.
  Beginning simulation of top-level scenario...
  Ran simulation in 13 seconds.
Beginning scenario construction...
pygame 2.6.1 (SDL 2.28.4, Python 3.10.12)
Hello from the pygame community. https://www.pygame.org/contribute.html
  Loading cached version of road network...
  Loaded cached network in 0.14 seconds.
  Pruning scenario...
  Pruned scenario in 2.48e-05 seconds.
Scenario constructed in 1.57 seconds.
  Connecting to CARLA on port 2000
  Map loaded in simulator.
  Generated scene in 1 iterations, 0.01094 seconds.
  Beginning simulation of top-level scenario...
  Ran simulation in 12.47 seconds.
Beginning scenario construction...
pygame 2.6.1 (SDL 2.28.4, Python 3.10.12)
Hello from the pygame community. https://www.pygame.org/contribute.html
  Loading cached version of road network...
  Loaded cached network in 0.14 seconds.
  Pruning scenario...
  Pruned scenario in 2.861e-05 seconds.
Scenario constructed in 1.53 seconds.
  Connecting to CARLA on port 2000
  Map loaded in simulator.
  Generated scene in 1 iterations, 0.01047 seconds.
  Beginning simulation of top-level scenario...
  Ran simulation in 11.98 seconds.
Beginning scenario construction...
pygame 2.6.1 (SDL 2.28.4, Python 3.10.12)
Hello from the pygame community. https://www.pygame.org/contribute.html
  Loading cached version of road network...
  Loaded cached network in 0.14 seconds.
  Pruning scenario...
  Pruned scenario in 2.742e-05 seconds.
Scenario constructed in 1.51 seconds.
  Connecting to CARLA on port 2000
  Map loaded in simulator.
  Generated scene in 1 iterations, 0.01054 seconds.
  Beginning simulation of top-level scenario...
  Ran simulation in 13.78 seconds.
Beginning scenario construction...
pygame 2.6.1 (SDL 2.28.4, Python 3.10.12)
Hello from the pygame community. https://www.pygame.org/contribute.html
  Loading cached version of road network...
  Loaded cached network in 0.14 seconds.
  Pruning scenario...
  Pruned scenario in 3.099e-05 seconds.
Scenario constructed in 1.52 seconds.
  Connecting to CARLA on port 2000
  Map loaded in simulator.
  Generated scene in 1 iterations, 0.01053 seconds.
  Beginning simulation of top-level scenario...
  Ran simulation in 11.23 seconds.
Beginning scenario construction...
pygame 2.6.1 (SDL 2.28.4, Python 3.10.12)
Hello from the pygame community. https://www.pygame.org/contribute.html
  Loading cached version of road network...
  Loaded cached network in 0.14 seconds.
  Pruning scenario...
  Pruned scenario in 2.861e-05 seconds.
Scenario constructed in 1.49 seconds.
  Connecting to CARLA on port 2000
  Map loaded in simulator.
  Generated scene in 1 iterations, 0.01048 seconds.
  Beginning simulation of top-level scenario...
  Ran simulation in 14.29 seconds.
Beginning scenario construction...
pygame 2.6.1 (SDL 2.28.4, Python 3.10.12)
Hello from the pygame community. https://www.pygame.org/contribute.html
  Loading cached version of road network...
  Loaded cached network in 0.14 seconds.
  Pruning scenario...
  Pruned scenario in 3.028e-05 seconds.
Scenario constructed in 1.48 seconds.
  Connecting to CARLA on port 2000
  Map loaded in simulator.
  Generated scene in 1 iterations, 0.01099 seconds.
  Beginning simulation of top-level scenario...
  Ran simulation in 12.07 seconds.
Beginning scenario construction...
pygame 2.6.1 (SDL 2.28.4, Python 3.10.12)
Hello from the pygame community. https://www.pygame.org/contribute.html
  Loading cached version of road network...
  Loaded cached network in 0.14 seconds.
  Pruning scenario...
  Pruned scenario in 2.48e-05 seconds.
Scenario constructed in 1.51 seconds.
  Connecting to CARLA on port 2000
  Map loaded in simulator.
  Generated scene in 1 iterations, 0.0111 seconds.
  Beginning simulation of top-level scenario...
  Ran simulation in 14.17 seconds.
Beginning scenario construction...
pygame 2.6.1 (SDL 2.28.4, Python 3.10.12)
Hello from the pygame community. https://www.pygame.org/contribute.html
  Loading cached version of road network...
  Loaded cached network in 0.14 seconds.
  Pruning scenario...
  Pruned scenario in 2.766e-05 seconds.
Scenario constructed in 1.48 seconds.
  Connecting to CARLA on port 2000
  Map loaded in simulator.
  Generated scene in 1 iterations, 0.01069 seconds.
  Beginning simulation of top-level scenario...
  Ran simulation in 12.53 seconds.
Beginning scenario construction...
pygame 2.6.1 (SDL 2.28.4, Python 3.10.12)
Hello from the pygame community. https://www.pygame.org/contribute.html
  Loading cached version of road network...
  Loaded cached network in 0.14 seconds.
  Pruning scenario...
  Pruned scenario in 3.242e-05 seconds.
Scenario constructed in 1.58 seconds.
  Connecting to CARLA on port 2000
  Map loaded in simulator.
  Generated scene in 1 iterations, 0.01118 seconds.
  Beginning simulation of top-level scenario...
  Ran simulation in 17.38 seconds.
Beginning scenario construction...
pygame 2.6.1 (SDL 2.28.4, Python 3.10.12)
Hello from the pygame community. https://www.pygame.org/contribute.html
  Loading cached version of road network...
  Loaded cached network in 0.14 seconds.
  Pruning scenario...
  Pruned scenario in 2.646e-05 seconds.
Scenario constructed in 1.48 seconds.
  Connecting to CARLA on port 2000
  Map loaded in simulator.
  Generated scene in 1 iterations, 0.01128 seconds.
  Beginning simulation of top-level scenario...
  Ran simulation in 18.63 seconds.
Beginning scenario construction...
pygame 2.6.1 (SDL 2.28.4, Python 3.10.12)
Hello from the pygame community. https://www.pygame.org/contribute.html
  Loading cached version of road network...
  Loaded cached network in 0.13 seconds.
  Pruning scenario...
  Pruned scenario in 2.575e-05 seconds.
Scenario constructed in 1.46 seconds.
  Connecting to CARLA on port 2000
  Map loaded in simulator.
  Generated scene in 1 iterations, 0.011 seconds.
  Beginning simulation of top-level scenario...
  Ran simulation in 22.5 seconds.
Beginning scenario construction...
pygame 2.6.1 (SDL 2.28.4, Python 3.10.12)
Hello from the pygame community. https://www.pygame.org/contribute.html
  Loading cached version of road network...
  Loaded cached network in 0.13 seconds.
  Pruning scenario...
  Pruned scenario in 2.813e-05 seconds.
Scenario constructed in 1.46 seconds.
  Connecting to CARLA on port 2000
  Map loaded in simulator.
  Generated scene in 1 iterations, 0.01077 seconds.
  Beginning simulation of top-level scenario...
  Ran simulation in 25.07 seconds.
Beginning scenario construction...
pygame 2.6.1 (SDL 2.28.4, Python 3.10.12)
Hello from the pygame community. https://www.pygame.org/contribute.html
  Loading cached version of road network...
  Loaded cached network in 0.13 seconds.
  Pruning scenario...
  Pruned scenario in 2.599e-05 seconds.
Scenario constructed in 1.43 seconds.
  Connecting to CARLA on port 2000
  Map loaded in simulator.
  Generated scene in 1 iterations, 0.0108 seconds.
  Beginning simulation of top-level scenario...
  Ran simulation in 23.43 seconds.
Beginning scenario construction...
pygame 2.6.1 (SDL 2.28.4, Python 3.10.12)
Hello from the pygame community. https://www.pygame.org/contribute.html
  Loading cached version of road network...
  Loaded cached network in 0.13 seconds.
  Pruning scenario...
  Pruned scenario in 2.599e-05 seconds.
Scenario constructed in 1.43 seconds.
  Connecting to CARLA on port 2000
  Map loaded in simulator.
  Generated scene in 1 iterations, 0.01081 seconds.
  Beginning simulation of top-level scenario...
  Ran simulation in 24.81 seconds.
Beginning scenario construction...
pygame 2.6.1 (SDL 2.28.4, Python 3.10.12)
Hello from the pygame community. https://www.pygame.org/contribute.html
  Loading cached version of road network...
  Loaded cached network in 0.13 seconds.
  Pruning scenario...
  Pruned scenario in 2.956e-05 seconds.
Scenario constructed in 1.45 seconds.
  Connecting to CARLA on port 2000
  Map loaded in simulator.
  Generated scene in 1 iterations, 0.01091 seconds.
  Beginning simulation of top-level scenario...
  Ran simulation in 23.77 seconds.
Beginning scenario construction...
pygame 2.6.1 (SDL 2.28.4, Python 3.10.12)
Hello from the pygame community. https://www.pygame.org/contribute.html
  Loading cached version of road network...
  Loaded cached network in 0.14 seconds.
  Pruning scenario...
  Pruned scenario in 3.099e-05 seconds.
Scenario constructed in 1.47 seconds.
  Connecting to CARLA on port 2000
  Map loaded in simulator.
  Generated scene in 1 iterations, 0.01118 seconds.
  Beginning simulation of top-level scenario...
  Ran simulation in 26.83 seconds.
Beginning scenario construction...
pygame 2.6.1 (SDL 2.28.4, Python 3.10.12)
Hello from the pygame community. https://www.pygame.org/contribute.html
  Loading cached version of road network...
  Loaded cached network in 0.14 seconds.
  Pruning scenario...
  Pruned scenario in 2.885e-05 seconds.
Scenario constructed in 1.48 seconds.
  Connecting to CARLA on port 2000
  Map loaded in simulator.
  Generated scene in 1 iterations, 0.01098 seconds.
  Beginning simulation of top-level scenario...
  Ran simulation in 25.06 seconds.
Beginning scenario construction...
pygame 2.6.1 (SDL 2.28.4, Python 3.10.12)
Hello from the pygame community. https://www.pygame.org/contribute.html
  Loading cached version of road network...
  Loaded cached network in 0.14 seconds.
  Pruning scenario...
  Pruned scenario in 2.956e-05 seconds.
Scenario constructed in 1.48 seconds.
  Connecting to CARLA on port 2000
  Map loaded in simulator.
  Generated scene in 1 iterations, 0.01105 seconds.
  Beginning simulation of top-level scenario...
  Ran simulation in 25.86 seconds.
Beginning scenario construction...
pygame 2.6.1 (SDL 2.28.4, Python 3.10.12)
Hello from the pygame community. https://www.pygame.org/contribute.html
  Loading cached version of road network...
  Loaded cached network in 0.13 seconds.
  Pruning scenario...
  Pruned scenario in 2.909e-05 seconds.
Scenario constructed in 1.46 seconds.
  Connecting to CARLA on port 2000
  Map loaded in simulator.
  Generated scene in 1 iterations, 0.01142 seconds.
  Beginning simulation of top-level scenario...
  Ran simulation in 25.56 seconds.
Beginning scenario construction...
pygame 2.6.1 (SDL 2.28.4, Python 3.10.12)
Hello from the pygame community. https://www.pygame.org/contribute.html
  Loading cached version of road network...
  Loaded cached network in 0.15 seconds.
  Pruning scenario...
  Pruned scenario in 3.433e-05 seconds.
Scenario constructed in 1.83 seconds.
  Connecting to CARLA on port 2000
Beginning scenario construction...
pygame 2.6.1 (SDL 2.28.4, Python 3.10.12)
Hello from the pygame community. https://www.pygame.org/contribute.html
  Loading cached version of road network...
  Loaded cached network in 0.14 seconds.
  Pruning scenario...
  Pruned scenario in 3.171e-05 seconds.
Scenario constructed in 1.70 seconds.
  Connecting to CARLA on port 2000
Beginning scenario construction...
pygame 2.6.1 (SDL 2.28.4, Python 3.10.12)
Hello from the pygame community. https://www.pygame.org/contribute.html
  Loading cached version of road network...
  Loaded cached network in 0.14 seconds.
  Pruning scenario...
  Pruned scenario in 2.885e-05 seconds.
Scenario constructed in 1.89 seconds.
  Connecting to CARLA on port 2000
Beginning scenario construction...
pygame 2.6.1 (SDL 2.28.4, Python 3.10.12)
Hello from the pygame community. https://www.pygame.org/contribute.html
  Loading cached version of road network...
  Loaded cached network in 0.15 seconds.
  Pruning scenario...
  Pruned scenario in 2.646e-05 seconds.
Scenario constructed in 1.79 seconds.
  Connecting to CARLA on port 2000
Beginning scenario construction...
pygame 2.6.1 (SDL 2.28.4, Python 3.10.12)
Hello from the pygame community. https://www.pygame.org/contribute.html
  Loading cached version of road network...
  Loaded cached network in 0.14 seconds.
  Pruning scenario...
  Pruned scenario in 3.338e-05 seconds.
Scenario constructed in 1.75 seconds.
  Connecting to CARLA on port 2000
Beginning scenario construction...
pygame 2.6.1 (SDL 2.28.4, Python 3.10.12)
Hello from the pygame community. https://www.pygame.org/contribute.html
  Loading cached version of road network...
  Loaded cached network in 0.14 seconds.
  Pruning scenario...
  Pruned scenario in 3.028e-05 seconds.
Scenario constructed in 1.71 seconds.
  Connecting to CARLA on port 2000
Beginning scenario construction...
pygame 2.6.1 (SDL 2.28.4, Python 3.10.12)
Hello from the pygame community. https://www.pygame.org/contribute.html
  Loading cached version of road network...
  Loaded cached network in 0.15 seconds.
  Pruning scenario...
  Pruned scenario in 3.147e-05 seconds.
Scenario constructed in 1.90 seconds.
  Connecting to CARLA on port 2000
Beginning scenario construction...
pygame 2.6.1 (SDL 2.28.4, Python 3.10.12)
Hello from the pygame community. https://www.pygame.org/contribute.html
  Loading cached version of road network...
  Loaded cached network in 0.14 seconds.
  Pruning scenario...
  Pruned scenario in 2.861e-05 seconds.
Scenario constructed in 1.61 seconds.
  Connecting to CARLA on port 2000
Beginning scenario construction...
pygame 2.6.1 (SDL 2.28.4, Python 3.10.12)
Hello from the pygame community. https://www.pygame.org/contribute.html
  Loading cached version of road network...
  Loaded cached network in 0.14 seconds.
  Pruning scenario...
  Pruned scenario in 3.123e-05 seconds.
Scenario constructed in 1.69 seconds.
  Connecting to CARLA on port 2000
Beginning scenario construction...
pygame 2.6.1 (SDL 2.28.4, Python 3.10.12)
Hello from the pygame community. https://www.pygame.org/contribute.html
  Loading cached version of road network...
  Loaded cached network in 0.14 seconds.
  Pruning scenario...
  Pruned scenario in 2.956e-05 seconds.
Scenario constructed in 1.69 seconds.
  Connecting to CARLA on port 2000
Beginning scenario construction...
pygame 2.6.1 (SDL 2.28.4, Python 3.10.12)
Hello from the pygame community. https://www.pygame.org/contribute.html
  Loading cached version of road network...
  Loaded cached network in 0.14 seconds.
  Pruning scenario...
  Pruned scenario in 2.813e-05 seconds.
Scenario constructed in 1.73 seconds.
  Connecting to CARLA on port 2000
Beginning scenario construction...
pygame 2.6.1 (SDL 2.28.4, Python 3.10.12)
Hello from the pygame community. https://www.pygame.org/contribute.html
  Loading cached version of road network...
  Loaded cached network in 0.14 seconds.
  Pruning scenario...
  Pruned scenario in 2.956e-05 seconds.
Scenario constructed in 1.90 seconds.
  Connecting to CARLA on port 2000
Beginning scenario construction...
pygame 2.6.1 (SDL 2.28.4, Python 3.10.12)
Hello from the pygame community. https://www.pygame.org/contribute.html
  Loading cached version of road network...
  Loaded cached network in 0.15 seconds.
  Pruning scenario...
  Pruned scenario in 3.004e-05 seconds.
Scenario constructed in 1.77 seconds.
  Connecting to CARLA on port 2000
Beginning scenario construction...
pygame 2.6.1 (SDL 2.28.4, Python 3.10.12)
Hello from the pygame community. https://www.pygame.org/contribute.html
  Loading cached version of road network...
  Loaded cached network in 0.14 seconds.
  Pruning scenario...
  Pruned scenario in 2.861e-05 seconds.
Scenario constructed in 1.81 seconds.
  Connecting to CARLA on port 2000
Beginning scenario construction...
pygame 2.6.1 (SDL 2.28.4, Python 3.10.12)
Hello from the pygame community. https://www.pygame.org/contribute.html
  Loading cached version of road network...
  Loaded cached network in 0.14 seconds.
  Pruning scenario...
  Pruned scenario in 3.195e-05 seconds.
Scenario constructed in 1.81 seconds.
  Connecting to CARLA on port 2000
Beginning scenario construction...
pygame 2.6.1 (SDL 2.28.4, Python 3.10.12)
Hello from the pygame community. https://www.pygame.org/contribute.html
  Loading cached version of road network...
  Loaded cached network in 0.15 seconds.
  Pruning scenario...
  Pruned scenario in 3.076e-05 seconds.
Scenario constructed in 1.90 seconds.
  Connecting to CARLA on port 2000
Beginning scenario construction...
pygame 2.6.1 (SDL 2.28.4, Python 3.10.12)
Hello from the pygame community. https://www.pygame.org/contribute.html
  Loading cached version of road network...
  Loaded cached network in 0.15 seconds.
  Pruning scenario...
  Pruned scenario in 4.148e-05 seconds.
Scenario constructed in 1.78 seconds.
  Connecting to CARLA on port 2000
Beginning scenario construction...
pygame 2.6.1 (SDL 2.28.4, Python 3.10.12)
Hello from the pygame community. https://www.pygame.org/contribute.html
  Loading cached version of road network...
  Loaded cached network in 0.14 seconds.
  Pruning scenario...
  Pruned scenario in 2.742e-05 seconds.
Scenario constructed in 1.88 seconds.
  Connecting to CARLA on port 2000
Beginning scenario construction...
pygame 2.6.1 (SDL 2.28.4, Python 3.10.12)
Hello from the pygame community. https://www.pygame.org/contribute.html
  Loading cached version of road network...
  Loaded cached network in 0.15 seconds.
  Pruning scenario...
  Pruned scenario in 3.123e-05 seconds.
Scenario constructed in 1.77 seconds.
  Connecting to CARLA on port 2000
Beginning scenario construction...
pygame 2.6.1 (SDL 2.28.4, Python 3.10.12)
Hello from the pygame community. https://www.pygame.org/contribute.html
  Loading cached version of road network...
  Loaded cached network in 0.13 seconds.
  Pruning scenario...
  Pruned scenario in 3.099e-05 seconds.
Scenario constructed in 1.78 seconds.
  Connecting to CARLA on port 2000
Beginning scenario construction...
pygame 2.6.1 (SDL 2.28.4, Python 3.10.12)
Hello from the pygame community. https://www.pygame.org/contribute.html
  Loading cached version of road network...
  Loaded cached network in 0.15 seconds.
  Pruning scenario...
  Pruned scenario in 2.813e-05 seconds.
Scenario constructed in 1.71 seconds.
  Connecting to CARLA on port 2000
Beginning scenario construction...
pygame 2.6.1 (SDL 2.28.4, Python 3.10.12)
Hello from the pygame community. https://www.pygame.org/contribute.html
  Loading cached version of road network...
  Loaded cached network in 0.16 seconds.
  Pruning scenario...
  Pruned scenario in 3.123e-05 seconds.
Scenario constructed in 1.99 seconds.
  Connecting to CARLA on port 2000
Beginning scenario construction...
pygame 2.6.1 (SDL 2.28.4, Python 3.10.12)
Hello from the pygame community. https://www.pygame.org/contribute.html
  Loading cached version of road network...
  Loaded cached network in 0.14 seconds.
  Pruning scenario...
  Pruned scenario in 2.956e-05 seconds.
Scenario constructed in 1.62 seconds.
  Connecting to CARLA on port 2000
Beginning scenario construction...
pygame 2.6.1 (SDL 2.28.4, Python 3.10.12)
Hello from the pygame community. https://www.pygame.org/contribute.html
  Loading cached version of road network...
  Loaded cached network in 0.14 seconds.
  Pruning scenario...
  Pruned scenario in 2.813e-05 seconds.
Scenario constructed in 1.76 seconds.
  Connecting to CARLA on port 2000
Beginning scenario construction...
pygame 2.6.1 (SDL 2.28.4, Python 3.10.12)
Hello from the pygame community. https://www.pygame.org/contribute.html
  Loading cached version of road network...
  Loaded cached network in 0.14 seconds.
  Pruning scenario...
  Pruned scenario in 2.599e-05 seconds.
Scenario constructed in 1.85 seconds.
  Connecting to CARLA on port 2000
Beginning scenario construction...
pygame 2.6.1 (SDL 2.28.4, Python 3.10.12)
Hello from the pygame community. https://www.pygame.org/contribute.html
  Loading cached version of road network...
  Loaded cached network in 0.14 seconds.
  Pruning scenario...
  Pruned scenario in 3.362e-05 seconds.
Scenario constructed in 1.75 seconds.
  Connecting to CARLA on port 2000
Beginning scenario construction...
pygame 2.6.1 (SDL 2.28.4, Python 3.10.12)
Hello from the pygame community. https://www.pygame.org/contribute.html
  Loading cached version of road network...
  Loaded cached network in 0.15 seconds.
  Pruning scenario...
  Pruned scenario in 3.314e-05 seconds.
Scenario constructed in 1.82 seconds.
  Connecting to CARLA on port 2000
Beginning scenario construction...
pygame 2.6.1 (SDL 2.28.4, Python 3.10.12)
Hello from the pygame community. https://www.pygame.org/contribute.html
  Loading cached version of road network...
  Loaded cached network in 0.15 seconds.
  Pruning scenario...
  Pruned scenario in 2.909e-05 seconds.
Scenario constructed in 1.71 seconds.
  Connecting to CARLA on port 2000
Beginning scenario construction...
pygame 2.6.1 (SDL 2.28.4, Python 3.10.12)
Hello from the pygame community. https://www.pygame.org/contribute.html
  Loading cached version of road network...
  Loaded cached network in 0.15 seconds.
  Pruning scenario...
  Pruned scenario in 2.98e-05 seconds.
Scenario constructed in 1.81 seconds.
  Connecting to CARLA on port 2000
Beginning scenario construction...
pygame 2.6.1 (SDL 2.28.4, Python 3.10.12)
Hello from the pygame community. https://www.pygame.org/contribute.html
  Loading cached version of road network...
  Loaded cached network in 0.15 seconds.
  Pruning scenario...
  Pruned scenario in 3.147e-05 seconds.
Scenario constructed in 1.81 seconds.
  Connecting to CARLA on port 2000
Beginning scenario construction...
pygame 2.6.1 (SDL 2.28.4, Python 3.10.12)
Hello from the pygame community. https://www.pygame.org/contribute.html
  Loading cached version of road network...
  Loaded cached network in 0.14 seconds.
  Pruning scenario...
  Pruned scenario in 2.98e-05 seconds.
Scenario constructed in 2.69 seconds.
  Connecting to CARLA on port 2000
Beginning scenario construction...
pygame 2.6.1 (SDL 2.28.4, Python 3.10.12)
Hello from the pygame community. https://www.pygame.org/contribute.html
  Loading cached version of road network...
  Loaded cached network in 0.14 seconds.
  Pruning scenario...
  Pruned scenario in 3.076e-05 seconds.
Scenario constructed in 1.71 seconds.
  Connecting to CARLA on port 2000
Beginning scenario construction...
pygame 2.6.1 (SDL 2.28.4, Python 3.10.12)
Hello from the pygame community. https://www.pygame.org/contribute.html
  Loading cached version of road network...
  Loaded cached network in 0.14 seconds.
  Pruning scenario...
  Pruned scenario in 3.052e-05 seconds.
Scenario constructed in 1.82 seconds.
  Connecting to CARLA on port 2000
Beginning scenario construction...
pygame 2.6.1 (SDL 2.28.4, Python 3.10.12)
Hello from the pygame community. https://www.pygame.org/contribute.html
  Loading cached version of road network...
  Loaded cached network in 0.14 seconds.
  Pruning scenario...
  Pruned scenario in 2.694e-05 seconds.
Scenario constructed in 1.62 seconds.
  Connecting to CARLA on port 2000
Beginning scenario construction...
pygame 2.6.1 (SDL 2.28.4, Python 3.10.12)
Hello from the pygame community. https://www.pygame.org/contribute.html
  Loading cached version of road network...
  Loaded cached network in 0.14 seconds.
  Pruning scenario...
  Pruned scenario in 2.742e-05 seconds.
Scenario constructed in 1.86 seconds.
  Connecting to CARLA on port 2000
Beginning scenario construction...
pygame 2.6.1 (SDL 2.28.4, Python 3.10.12)
Hello from the pygame community. https://www.pygame.org/contribute.html
  Loading cached version of road network...
  Loaded cached network in 0.14 seconds.
  Pruning scenario...
  Pruned scenario in 3.314e-05 seconds.
Scenario constructed in 2.16 seconds.
  Connecting to CARLA on port 2000
Beginning scenario construction...
pygame 2.6.1 (SDL 2.28.4, Python 3.10.12)
Hello from the pygame community. https://www.pygame.org/contribute.html
  Loading cached version of road network...
  Loaded cached network in 0.18 seconds.
  Pruning scenario...
  Pruned scenario in 2.456e-05 seconds.
Scenario constructed in 1.98 seconds.
  Connecting to CARLA on port 2000
Beginning scenario construction...
pygame 2.6.1 (SDL 2.28.4, Python 3.10.12)
Hello from the pygame community. https://www.pygame.org/contribute.html
  Loading cached version of road network...
  Loaded cached network in 0.15 seconds.
  Pruning scenario...
  Pruned scenario in 3.123e-05 seconds.
Scenario constructed in 2.01 seconds.
  Connecting to CARLA on port 2000
Beginning scenario construction...
pygame 2.6.1 (SDL 2.28.4, Python 3.10.12)
Hello from the pygame community. https://www.pygame.org/contribute.html
  Loading cached version of road network...
  Loaded cached network in 0.15 seconds.
  Pruning scenario...
  Pruned scenario in 3.314e-05 seconds.
Scenario constructed in 1.98 seconds.
  Connecting to CARLA on port 2000
Beginning scenario construction...
pygame 2.6.1 (SDL 2.28.4, Python 3.10.12)
Hello from the pygame community. https://www.pygame.org/contribute.html
  Loading cached version of road network...
  Loaded cached network in 0.15 seconds.
  Pruning scenario...
  Pruned scenario in 3.338e-05 seconds.
Scenario constructed in 1.84 seconds.
  Connecting to CARLA on port 2000
Beginning scenario construction...
pygame 2.6.1 (SDL 2.28.4, Python 3.10.12)
Hello from the pygame community. https://www.pygame.org/contribute.html
  Loading cached version of road network...
  Loaded cached network in 0.13 seconds.
  Pruning scenario...
  Pruned scenario in 2.933e-05 seconds.
Scenario constructed in 2.91 seconds.
  Connecting to CARLA on port 2000
Beginning scenario construction...
pygame 2.6.1 (SDL 2.28.4, Python 3.10.12)
Hello from the pygame community. https://www.pygame.org/contribute.html
  Loading cached version of road network...
  Loaded cached network in 0.14 seconds.
  Pruning scenario...
  Pruned scenario in 3.386e-05 seconds.
Scenario constructed in 1.80 seconds.
  Connecting to CARLA on port 2000
Beginning scenario construction...
pygame 2.6.1 (SDL 2.28.4, Python 3.10.12)
Hello from the pygame community. https://www.pygame.org/contribute.html
  Loading cached version of road network...
  Loaded cached network in 0.18 seconds.
  Pruning scenario...
  Pruned scenario in 2.551e-05 seconds.
Scenario constructed in 1.81 seconds.
  Connecting to CARLA on port 2000
Beginning scenario construction...
pygame 2.6.1 (SDL 2.28.4, Python 3.10.12)
Hello from the pygame community. https://www.pygame.org/contribute.html
  Loading cached version of road network...
  Loaded cached network in 0.15 seconds.
  Pruning scenario...
  Pruned scenario in 3.195e-05 seconds.
Scenario constructed in 1.87 seconds.
  Connecting to CARLA on port 2000
Beginning scenario construction...
pygame 2.6.1 (SDL 2.28.4, Python 3.10.12)
Hello from the pygame community. https://www.pygame.org/contribute.html
  Loading cached version of road network...
  Loaded cached network in 0.16 seconds.
  Pruning scenario...
  Pruned scenario in 2.623e-05 seconds.
Scenario constructed in 2.08 seconds.
  Connecting to CARLA on port 2000
Beginning scenario construction...
pygame 2.6.1 (SDL 2.28.4, Python 3.10.12)
Hello from the pygame community. https://www.pygame.org/contribute.html
  Loading cached version of road network...
  Loaded cached network in 0.16 seconds.
  Pruning scenario...
  Pruned scenario in 3.242e-05 seconds.
Scenario constructed in 1.97 seconds.
  Connecting to CARLA on port 2000
Beginning scenario construction...
pygame 2.6.1 (SDL 2.28.4, Python 3.10.12)
Hello from the pygame community. https://www.pygame.org/contribute.html
  Loading cached version of road network...
  Loaded cached network in 0.14 seconds.
  Pruning scenario...
  Pruned scenario in 3.052e-05 seconds.
Scenario constructed in 2.03 seconds.
  Connecting to CARLA on port 2000
Beginning scenario construction...
pygame 2.6.1 (SDL 2.28.4, Python 3.10.12)
Hello from the pygame community. https://www.pygame.org/contribute.html
  Loading cached version of road network...
  Loaded cached network in 0.14 seconds.
  Pruning scenario...
  Pruned scenario in 3.362e-05 seconds.
Scenario constructed in 1.94 seconds.
  Connecting to CARLA on port 2000
Beginning scenario construction...
pygame 2.6.1 (SDL 2.28.4, Python 3.10.12)
Hello from the pygame community. https://www.pygame.org/contribute.html
  Loading cached version of road network...
  Loaded cached network in 0.17 seconds.
  Pruning scenario...
  Pruned scenario in 2.861e-05 seconds.
Scenario constructed in 1.83 seconds.
  Connecting to CARLA on port 2000
Beginning scenario construction...
pygame 2.6.1 (SDL 2.28.4, Python 3.10.12)
Hello from the pygame community. https://www.pygame.org/contribute.html
  Loading cached version of road network...
  Loaded cached network in 0.14 seconds.
  Pruning scenario...
  Pruned scenario in 2.885e-05 seconds.
Scenario constructed in 1.85 seconds.
  Connecting to CARLA on port 2000
Beginning scenario construction...
pygame 2.6.1 (SDL 2.28.4, Python 3.10.12)
Hello from the pygame community. https://www.pygame.org/contribute.html
  Loading cached version of road network...
  Loaded cached network in 0.17 seconds.
  Pruning scenario...
  Pruned scenario in 2.718e-05 seconds.
Scenario constructed in 1.98 seconds.
  Connecting to CARLA on port 2000
Beginning scenario construction...
pygame 2.6.1 (SDL 2.28.4, Python 3.10.12)
Hello from the pygame community. https://www.pygame.org/contribute.html
  Loading cached version of road network...
  Loaded cached network in 0.14 seconds.
  Pruning scenario...
  Pruned scenario in 3.242e-05 seconds.
Scenario constructed in 1.99 seconds.
  Connecting to CARLA on port 2000
Beginning scenario construction...
pygame 2.6.1 (SDL 2.28.4, Python 3.10.12)
Hello from the pygame community. https://www.pygame.org/contribute.html
  Loading cached version of road network...
  Loaded cached network in 0.16 seconds.
  Pruning scenario...
  Pruned scenario in 2.98e-05 seconds.
Scenario constructed in 1.87 seconds.
  Connecting to CARLA on port 2000
Beginning scenario construction...
pygame 2.6.1 (SDL 2.28.4, Python 3.10.12)
Hello from the pygame community. https://www.pygame.org/contribute.html
  Loading cached version of road network...
  Loaded cached network in 0.14 seconds.
  Pruning scenario...
  Pruned scenario in 2.933e-05 seconds.
Scenario constructed in 1.81 seconds.
  Connecting to CARLA on port 2000
Beginning scenario construction...
pygame 2.6.1 (SDL 2.28.4, Python 3.10.12)
Hello from the pygame community. https://www.pygame.org/contribute.html
  Loading cached version of road network...
  Loaded cached network in 0.15 seconds.
  Pruning scenario...
  Pruned scenario in 2.909e-05 seconds.
Scenario constructed in 1.88 seconds.
  Connecting to CARLA on port 2000
Beginning scenario construction...
pygame 2.6.1 (SDL 2.28.4, Python 3.10.12)
Hello from the pygame community. https://www.pygame.org/contribute.html
  Loading cached version of road network...
  Loaded cached network in 0.14 seconds.
  Pruning scenario...
  Pruned scenario in 3.266e-05 seconds.
Scenario constructed in 1.90 seconds.
  Connecting to CARLA on port 2000
Beginning scenario construction...
pygame 2.6.1 (SDL 2.28.4, Python 3.10.12)
Hello from the pygame community. https://www.pygame.org/contribute.html
  Loading cached version of road network...
  Loaded cached network in 0.13 seconds.
  Pruning scenario...
  Pruned scenario in 3.028e-05 seconds.
Scenario constructed in 1.79 seconds.
  Connecting to CARLA on port 2000
Beginning scenario construction...
pygame 2.6.1 (SDL 2.28.4, Python 3.10.12)
Hello from the pygame community. https://www.pygame.org/contribute.html
  Loading cached version of road network...
  Loaded cached network in 0.18 seconds.
  Pruning scenario...
  Pruned scenario in 2.813e-05 seconds.
Scenario constructed in 1.97 seconds.
  Connecting to CARLA on port 2000
Beginning scenario construction...
pygame 2.6.1 (SDL 2.28.4, Python 3.10.12)
Hello from the pygame community. https://www.pygame.org/contribute.html
  Loading cached version of road network...
  Loaded cached network in 0.14 seconds.
  Pruning scenario...
  Pruned scenario in 3.028e-05 seconds.
Scenario constructed in 2.11 seconds.
  Connecting to CARLA on port 2000
Beginning scenario construction...
pygame 2.6.1 (SDL 2.28.4, Python 3.10.12)
Hello from the pygame community. https://www.pygame.org/contribute.html
  Loading cached version of road network...
  Loaded cached network in 0.13 seconds.
  Pruning scenario...
  Pruned scenario in 2.837e-05 seconds.
Scenario constructed in 1.80 seconds.
  Connecting to CARLA on port 2000
Beginning scenario construction...
pygame 2.6.1 (SDL 2.28.4, Python 3.10.12)
Hello from the pygame community. https://www.pygame.org/contribute.html
  Loading cached version of road network...
  Loaded cached network in 0.14 seconds.
  Pruning scenario...
  Pruned scenario in 2.933e-05 seconds.
Scenario constructed in 2.10 seconds.
  Connecting to CARLA on port 2000
Beginning scenario construction...
pygame 2.6.1 (SDL 2.28.4, Python 3.10.12)
Hello from the pygame community. https://www.pygame.org/contribute.html
  Loading cached version of road network...
  Loaded cached network in 0.15 seconds.
  Pruning scenario...
  Pruned scenario in 3.076e-05 seconds.
Scenario constructed in 1.85 seconds.
  Connecting to CARLA on port 2000
Beginning scenario construction...
pygame 2.6.1 (SDL 2.28.4, Python 3.10.12)
Hello from the pygame community. https://www.pygame.org/contribute.html
  Loading cached version of road network...
  Loaded cached network in 0.14 seconds.
  Pruning scenario...
  Pruned scenario in 3.052e-05 seconds.
Scenario constructed in 1.99 seconds.
  Connecting to CARLA on port 2000
Beginning scenario construction...
pygame 2.6.1 (SDL 2.28.4, Python 3.10.12)
Hello from the pygame community. https://www.pygame.org/contribute.html
  Loading cached version of road network...
  Loaded cached network in 0.14 seconds.
  Pruning scenario...
  Pruned scenario in 3.028e-05 seconds.
Scenario constructed in 1.78 seconds.
  Connecting to CARLA on port 2000
Beginning scenario construction...
pygame 2.6.1 (SDL 2.28.4, Python 3.10.12)
Hello from the pygame community. https://www.pygame.org/contribute.html
  Loading cached version of road network...
  Loaded cached network in 0.18 seconds.
  Pruning scenario...
  Pruned scenario in 3.076e-05 seconds.
Scenario constructed in 2.30 seconds.
  Connecting to CARLA on port 2000
Beginning scenario construction...
pygame 2.6.1 (SDL 2.28.4, Python 3.10.12)
Hello from the pygame community. https://www.pygame.org/contribute.html
  Loading cached version of road network...
  Loaded cached network in 0.13 seconds.
  Pruning scenario...
  Pruned scenario in 2.503e-05 seconds.
Scenario constructed in 1.84 seconds.
  Connecting to CARLA on port 2000
Beginning scenario construction...
pygame 2.6.1 (SDL 2.28.4, Python 3.10.12)
Hello from the pygame community. https://www.pygame.org/contribute.html
  Loading cached version of road network...
  Loaded cached network in 0.14 seconds.
  Pruning scenario...
  Pruned scenario in 3.505e-05 seconds.
Scenario constructed in 3.13 seconds.
  Connecting to CARLA on port 2000
Beginning scenario construction...
pygame 2.6.1 (SDL 2.28.4, Python 3.10.12)
Hello from the pygame community. https://www.pygame.org/contribute.html
  Loading cached version of road network...
  Loaded cached network in 0.14 seconds.
  Pruning scenario...
  Pruned scenario in 3.433e-05 seconds.
Scenario constructed in 1.70 seconds.
  Connecting to CARLA on port 2000
Beginning scenario construction...
pygame 2.6.1 (SDL 2.28.4, Python 3.10.12)
Hello from the pygame community. https://www.pygame.org/contribute.html
  Loading cached version of road network...
  Loaded cached network in 0.14 seconds.
  Pruning scenario...
  Pruned scenario in 3.028e-05 seconds.
Scenario constructed in 1.98 seconds.
  Connecting to CARLA on port 2000
Beginning scenario construction...
pygame 2.6.1 (SDL 2.28.4, Python 3.10.12)
Hello from the pygame community. https://www.pygame.org/contribute.html
  Loading cached version of road network...
  Loaded cached network in 0.14 seconds.
  Pruning scenario...
  Pruned scenario in 3.123e-05 seconds.
Scenario constructed in 1.84 seconds.
  Connecting to CARLA on port 2000
Beginning scenario construction...
pygame 2.6.1 (SDL 2.28.4, Python 3.10.12)
Hello from the pygame community. https://www.pygame.org/contribute.html
  Loading cached version of road network...
  Loaded cached network in 0.14 seconds.
  Pruning scenario...
  Pruned scenario in 3.481e-05 seconds.
Scenario constructed in 1.85 seconds.
  Connecting to CARLA on port 2000
Beginning scenario construction...
pygame 2.6.1 (SDL 2.28.4, Python 3.10.12)
Hello from the pygame community. https://www.pygame.org/contribute.html
  Loading cached version of road network...
  Loaded cached network in 0.14 seconds.
  Pruning scenario...
  Pruned scenario in 2.527e-05 seconds.
Scenario constructed in 1.79 seconds.
  Connecting to CARLA on port 2000
Beginning scenario construction...
pygame 2.6.1 (SDL 2.28.4, Python 3.10.12)
Hello from the pygame community. https://www.pygame.org/contribute.html
  Loading cached version of road network...
  Loaded cached network in 0.14 seconds.
  Pruning scenario...
  Pruned scenario in 2.813e-05 seconds.
Scenario constructed in 1.98 seconds.
  Connecting to CARLA on port 2000
Beginning scenario construction...
pygame 2.6.1 (SDL 2.28.4, Python 3.10.12)
Hello from the pygame community. https://www.pygame.org/contribute.html
  Loading cached version of road network...
  Loaded cached network in 0.16 seconds.
  Pruning scenario...
  Pruned scenario in 2.837e-05 seconds.
Scenario constructed in 1.79 seconds.
  Connecting to CARLA on port 2000
Beginning scenario construction...
pygame 2.6.1 (SDL 2.28.4, Python 3.10.12)
Hello from the pygame community. https://www.pygame.org/contribute.html
  Loading cached version of road network...
  Loaded cached network in 0.15 seconds.
  Pruning scenario...
  Pruned scenario in 3.123e-05 seconds.
Scenario constructed in 2.12 seconds.
  Connecting to CARLA on port 2000
Beginning scenario construction...
pygame 2.6.1 (SDL 2.28.4, Python 3.10.12)
Hello from the pygame community. https://www.pygame.org/contribute.html
  Loading cached version of road network...
  Loaded cached network in 0.16 seconds.
  Pruning scenario...
  Pruned scenario in 3.123e-05 seconds.
Scenario constructed in 1.76 seconds.
  Connecting to CARLA on port 2000
Beginning scenario construction...
pygame 2.6.1 (SDL 2.28.4, Python 3.10.12)
Hello from the pygame community. https://www.pygame.org/contribute.html
  Loading cached version of road network...
  Loaded cached network in 0.14 seconds.
  Pruning scenario...
  Pruned scenario in 2.67e-05 seconds.
Scenario constructed in 1.94 seconds.
  Connecting to CARLA on port 2000
Beginning scenario construction...
pygame 2.6.1 (SDL 2.28.4, Python 3.10.12)
Hello from the pygame community. https://www.pygame.org/contribute.html
  Loading cached version of road network...
  Loaded cached network in 0.15 seconds.
  Pruning scenario...
  Pruned scenario in 3.123e-05 seconds.
Scenario constructed in 1.86 seconds.
  Connecting to CARLA on port 2000
Beginning scenario construction...
pygame 2.6.1 (SDL 2.28.4, Python 3.10.12)
Hello from the pygame community. https://www.pygame.org/contribute.html
  Loading cached version of road network...
  Loaded cached network in 0.14 seconds.
  Pruning scenario...
  Pruned scenario in 2.861e-05 seconds.
Scenario constructed in 2.23 seconds.
  Connecting to CARLA on port 2000
Beginning scenario construction...
pygame 2.6.1 (SDL 2.28.4, Python 3.10.12)
Hello from the pygame community. https://www.pygame.org/contribute.html
  Loading cached version of road network...
  Loaded cached network in 0.14 seconds.
  Pruning scenario...
  Pruned scenario in 2.885e-05 seconds.
Scenario constructed in 1.65 seconds.
  Connecting to CARLA on port 2000
Beginning scenario construction...
pygame 2.6.1 (SDL 2.28.4, Python 3.10.12)
Hello from the pygame community. https://www.pygame.org/contribute.html
  Loading cached version of road network...
  Loaded cached network in 0.16 seconds.
  Pruning scenario...
  Pruned scenario in 3.099e-05 seconds.
Scenario constructed in 1.85 seconds.
  Connecting to CARLA on port 2000
Beginning scenario construction...
pygame 2.6.1 (SDL 2.28.4, Python 3.10.12)
Hello from the pygame community. https://www.pygame.org/contribute.html
  Loading cached version of road network...
  Loaded cached network in 0.14 seconds.
  Pruning scenario...
  Pruned scenario in 3.171e-05 seconds.
Scenario constructed in 1.74 seconds.
  Connecting to CARLA on port 2000
Beginning scenario construction...
pygame 2.6.1 (SDL 2.28.4, Python 3.10.12)
Hello from the pygame community. https://www.pygame.org/contribute.html
  Loading cached version of road network...
  Loaded cached network in 0.17 seconds.
  Pruning scenario...
  Pruned scenario in 2.933e-05 seconds.
Scenario constructed in 1.95 seconds.
  Connecting to CARLA on port 2000
Beginning scenario construction...
pygame 2.6.1 (SDL 2.28.4, Python 3.10.12)
Hello from the pygame community. https://www.pygame.org/contribute.html
  Loading cached version of road network...
  Loaded cached network in 0.14 seconds.
  Pruning scenario...
  Pruned scenario in 3.266e-05 seconds.
Scenario constructed in 1.82 seconds.
  Connecting to CARLA on port 2000
Beginning scenario construction...
pygame 2.6.1 (SDL 2.28.4, Python 3.10.12)
Hello from the pygame community. https://www.pygame.org/contribute.html
  Loading cached version of road network...
  Loaded cached network in 0.16 seconds.
  Pruning scenario...
  Pruned scenario in 2.956e-05 seconds.
Scenario constructed in 1.80 seconds.
  Connecting to CARLA on port 2000
Beginning scenario construction...
pygame 2.6.1 (SDL 2.28.4, Python 3.10.12)
Hello from the pygame community. https://www.pygame.org/contribute.html
  Loading cached version of road network...
  Loaded cached network in 0.14 seconds.
  Pruning scenario...
  Pruned scenario in 2.837e-05 seconds.
Scenario constructed in 2.08 seconds.
  Connecting to CARLA on port 2000
Beginning scenario construction...
pygame 2.6.1 (SDL 2.28.4, Python 3.10.12)
Hello from the pygame community. https://www.pygame.org/contribute.html
  Loading cached version of road network...
  Loaded cached network in 0.14 seconds.
  Pruning scenario...
  Pruned scenario in 2.933e-05 seconds.
Scenario constructed in 2.06 seconds.
  Connecting to CARLA on port 2000
Beginning scenario construction...
pygame 2.6.1 (SDL 2.28.4, Python 3.10.12)
Hello from the pygame community. https://www.pygame.org/contribute.html
  Loading cached version of road network...
  Loaded cached network in 0.14 seconds.
  Pruning scenario...
  Pruned scenario in 3.028e-05 seconds.
Scenario constructed in 1.82 seconds.
  Connecting to CARLA on port 2000
Beginning scenario construction...
pygame 2.6.1 (SDL 2.28.4, Python 3.10.12)
Hello from the pygame community. https://www.pygame.org/contribute.html
  Loading cached version of road network...
  Loaded cached network in 0.14 seconds.
  Pruning scenario...
  Pruned scenario in 3.099e-05 seconds.
Scenario constructed in 1.78 seconds.
  Connecting to CARLA on port 2000
Beginning scenario construction...
pygame 2.6.1 (SDL 2.28.4, Python 3.10.12)
Hello from the pygame community. https://www.pygame.org/contribute.html
  Loading cached version of road network...
  Loaded cached network in 0.13 seconds.
  Pruning scenario...
  Pruned scenario in 3.052e-05 seconds.
Scenario constructed in 1.71 seconds.
  Connecting to CARLA on port 2000
Beginning scenario construction...
pygame 2.6.1 (SDL 2.28.4, Python 3.10.12)
Hello from the pygame community. https://www.pygame.org/contribute.html
  Loading cached version of road network...
  Loaded cached network in 0.14 seconds.
  Pruning scenario...
  Pruned scenario in 2.837e-05 seconds.
Scenario constructed in 2.00 seconds.
  Connecting to CARLA on port 2000
Beginning scenario construction...
pygame 2.6.1 (SDL 2.28.4, Python 3.10.12)
Hello from the pygame community. https://www.pygame.org/contribute.html
  Loading cached version of road network...
  Loaded cached network in 0.14 seconds.
  Pruning scenario...
  Pruned scenario in 3.409e-05 seconds.
Scenario constructed in 1.73 seconds.
  Connecting to CARLA on port 2000
Beginning scenario construction...
pygame 2.6.1 (SDL 2.28.4, Python 3.10.12)
Hello from the pygame community. https://www.pygame.org/contribute.html
  Loading cached version of road network...
  Loaded cached network in 0.15 seconds.
  Pruning scenario...
  Pruned scenario in 3.028e-05 seconds.
Scenario constructed in 2.95 seconds.
  Connecting to CARLA on port 2000
Beginning scenario construction...
pygame 2.6.1 (SDL 2.28.4, Python 3.10.12)
Hello from the pygame community. https://www.pygame.org/contribute.html
  Loading cached version of road network...
  Loaded cached network in 0.15 seconds.
  Pruning scenario...
  Pruned scenario in 2.67e-05 seconds.
Scenario constructed in 1.59 seconds.
  Connecting to CARLA on port 2000
Beginning scenario construction...
pygame 2.6.1 (SDL 2.28.4, Python 3.10.12)
Hello from the pygame community. https://www.pygame.org/contribute.html
  Loading cached version of road network...
  Loaded cached network in 0.14 seconds.
  Pruning scenario...
  Pruned scenario in 2.933e-05 seconds.
Scenario constructed in 1.79 seconds.
  Connecting to CARLA on port 2000
Beginning scenario construction...
pygame 2.6.1 (SDL 2.28.4, Python 3.10.12)
Hello from the pygame community. https://www.pygame.org/contribute.html
  Loading cached version of road network...
  Loaded cached network in 0.14 seconds.
  Pruning scenario...
  Pruned scenario in 2.837e-05 seconds.
Scenario constructed in 1.80 seconds.
  Connecting to CARLA on port 2000
Beginning scenario construction...
pygame 2.6.1 (SDL 2.28.4, Python 3.10.12)
Hello from the pygame community. https://www.pygame.org/contribute.html
  Loading cached version of road network...
  Loaded cached network in 0.14 seconds.
  Pruning scenario...
  Pruned scenario in 3.099e-05 seconds.
Scenario constructed in 1.88 seconds.
  Connecting to CARLA on port 2000
Beginning scenario construction...
pygame 2.6.1 (SDL 2.28.4, Python 3.10.12)
Hello from the pygame community. https://www.pygame.org/contribute.html
  Loading cached version of road network...
  Loaded cached network in 0.17 seconds.
  Pruning scenario...
  Pruned scenario in 2.909e-05 seconds.
Scenario constructed in 1.84 seconds.
  Connecting to CARLA on port 2000
Beginning scenario construction...
pygame 2.6.1 (SDL 2.28.4, Python 3.10.12)
Hello from the pygame community. https://www.pygame.org/contribute.html
  Loading cached version of road network...
  Loaded cached network in 0.14 seconds.
  Pruning scenario...
  Pruned scenario in 3.099e-05 seconds.
Scenario constructed in 1.87 seconds.
  Connecting to CARLA on port 2000
Beginning scenario construction...
pygame 2.6.1 (SDL 2.28.4, Python 3.10.12)
Hello from the pygame community. https://www.pygame.org/contribute.html
  Loading cached version of road network...
  Loaded cached network in 0.14 seconds.
  Pruning scenario...
  Pruned scenario in 3.052e-05 seconds.
Scenario constructed in 1.73 seconds.
  Connecting to CARLA on port 2000
Beginning scenario construction...
pygame 2.6.1 (SDL 2.28.4, Python 3.10.12)
Hello from the pygame community. https://www.pygame.org/contribute.html
  Loading cached version of road network...
  Loaded cached network in 0.14 seconds.
  Pruning scenario...
  Pruned scenario in 3.147e-05 seconds.
Scenario constructed in 2.09 seconds.
  Connecting to CARLA on port 2000
Beginning scenario construction...
pygame 2.6.1 (SDL 2.28.4, Python 3.10.12)
Hello from the pygame community. https://www.pygame.org/contribute.html
  Loading cached version of road network...
  Loaded cached network in 0.13 seconds.
  Pruning scenario...
  Pruned scenario in 3.171e-05 seconds.
Scenario constructed in 1.68 seconds.
  Connecting to CARLA on port 2000
Beginning scenario construction...
pygame 2.6.1 (SDL 2.28.4, Python 3.10.12)
Hello from the pygame community. https://www.pygame.org/contribute.html
  Loading cached version of road network...
  Loaded cached network in 0.14 seconds.
  Pruning scenario...
  Pruned scenario in 3.004e-05 seconds.
Scenario constructed in 1.93 seconds.
  Connecting to CARLA on port 2000
Beginning scenario construction...
pygame 2.6.1 (SDL 2.28.4, Python 3.10.12)
Hello from the pygame community. https://www.pygame.org/contribute.html
  Loading cached version of road network...
  Loaded cached network in 0.15 seconds.
  Pruning scenario...
  Pruned scenario in 3.004e-05 seconds.
Scenario constructed in 1.97 seconds.
  Connecting to CARLA on port 2000
Beginning scenario construction...
pygame 2.6.1 (SDL 2.28.4, Python 3.10.12)
Hello from the pygame community. https://www.pygame.org/contribute.html
  Loading cached version of road network...
  Loaded cached network in 0.15 seconds.
  Pruning scenario...
  Pruned scenario in 2.933e-05 seconds.
Scenario constructed in 1.94 seconds.
  Connecting to CARLA on port 2000
Beginning scenario construction...
pygame 2.6.1 (SDL 2.28.4, Python 3.10.12)
Hello from the pygame community. https://www.pygame.org/contribute.html
  Loading cached version of road network...
  Loaded cached network in 0.14 seconds.
  Pruning scenario...
  Pruned scenario in 2.885e-05 seconds.
Scenario constructed in 1.83 seconds.
  Connecting to CARLA on port 2000
Beginning scenario construction...
pygame 2.6.1 (SDL 2.28.4, Python 3.10.12)
Hello from the pygame community. https://www.pygame.org/contribute.html
  Loading cached version of road network...
  Loaded cached network in 0.15 seconds.
  Pruning scenario...
  Pruned scenario in 3.362e-05 seconds.
Scenario constructed in 2.99 seconds.
  Connecting to CARLA on port 2000
Beginning scenario construction...
pygame 2.6.1 (SDL 2.28.4, Python 3.10.12)
Hello from the pygame community. https://www.pygame.org/contribute.html
  Loading cached version of road network...
  Loaded cached network in 0.15 seconds.
  Pruning scenario...
  Pruned scenario in 3.219e-05 seconds.
Scenario constructed in 2.02 seconds.
  Connecting to CARLA on port 2000
Beginning scenario construction...
pygame 2.6.1 (SDL 2.28.4, Python 3.10.12)
Hello from the pygame community. https://www.pygame.org/contribute.html
  Loading cached version of road network...
  Loaded cached network in 0.14 seconds.
  Pruning scenario...
  Pruned scenario in 2.813e-05 seconds.
Scenario constructed in 2.79 seconds.
  Connecting to CARLA on port 2000
Beginning scenario construction...
pygame 2.6.1 (SDL 2.28.4, Python 3.10.12)
Hello from the pygame community. https://www.pygame.org/contribute.html
  Loading cached version of road network...
  Loaded cached network in 0.17 seconds.
  Pruning scenario...
  Pruned scenario in 3.123e-05 seconds.
Scenario constructed in 1.72 seconds.
  Connecting to CARLA on port 2000
Beginning scenario construction...
pygame 2.6.1 (SDL 2.28.4, Python 3.10.12)
Hello from the pygame community. https://www.pygame.org/contribute.html
  Loading cached version of road network...
  Loaded cached network in 0.16 seconds.
  Pruning scenario...
  Pruned scenario in 3.123e-05 seconds.
Scenario constructed in 2.00 seconds.
  Connecting to CARLA on port 2000
Beginning scenario construction...
pygame 2.6.1 (SDL 2.28.4, Python 3.10.12)
Hello from the pygame community. https://www.pygame.org/contribute.html
  Loading cached version of road network...
  Loaded cached network in 0.14 seconds.
  Pruning scenario...
  Pruned scenario in 2.909e-05 seconds.
Scenario constructed in 1.76 seconds.
  Connecting to CARLA on port 2000
Beginning scenario construction...
pygame 2.6.1 (SDL 2.28.4, Python 3.10.12)
Hello from the pygame community. https://www.pygame.org/contribute.html
  Loading cached version of road network...
  Loaded cached network in 0.14 seconds.
  Pruning scenario...
  Pruned scenario in 3.076e-05 seconds.
Scenario constructed in 2.87 seconds.
  Connecting to CARLA on port 2000
Beginning scenario construction...
pygame 2.6.1 (SDL 2.28.4, Python 3.10.12)
Hello from the pygame community. https://www.pygame.org/contribute.html
  Loading cached version of road network...
  Loaded cached network in 0.15 seconds.
  Pruning scenario...
  Pruned scenario in 3.171e-05 seconds.
Scenario constructed in 1.87 seconds.
  Connecting to CARLA on port 2000
Beginning scenario construction...
pygame 2.6.1 (SDL 2.28.4, Python 3.10.12)
Hello from the pygame community. https://www.pygame.org/contribute.html
  Loading cached version of road network...
  Loaded cached network in 0.14 seconds.
  Pruning scenario...
  Pruned scenario in 2.813e-05 seconds.
Scenario constructed in 1.77 seconds.
  Connecting to CARLA on port 2000
Beginning scenario construction...
pygame 2.6.1 (SDL 2.28.4, Python 3.10.12)
Hello from the pygame community. https://www.pygame.org/contribute.html
  Loading cached version of road network...
  Loaded cached network in 0.15 seconds.
  Pruning scenario...
  Pruned scenario in 2.98e-05 seconds.
Scenario constructed in 1.71 seconds.
  Connecting to CARLA on port 2000
Beginning scenario construction...
pygame 2.6.1 (SDL 2.28.4, Python 3.10.12)
Hello from the pygame community. https://www.pygame.org/contribute.html
  Loading cached version of road network...
  Loaded cached network in 0.14 seconds.
  Pruning scenario...
  Pruned scenario in 3.171e-05 seconds.
Scenario constructed in 2.84 seconds.
  Connecting to CARLA on port 2000
Beginning scenario construction...
pygame 2.6.1 (SDL 2.28.4, Python 3.10.12)
Hello from the pygame community. https://www.pygame.org/contribute.html
  Loading cached version of road network...
  Loaded cached network in 0.14 seconds.
  Pruning scenario...
  Pruned scenario in 3.266e-05 seconds.
Scenario constructed in 1.80 seconds.
  Connecting to CARLA on port 2000
Beginning scenario construction...
pygame 2.6.1 (SDL 2.28.4, Python 3.10.12)
Hello from the pygame community. https://www.pygame.org/contribute.html
  Loading cached version of road network...
  Loaded cached network in 0.16 seconds.
  Pruning scenario...
  Pruned scenario in 3.099e-05 seconds.
Scenario constructed in 1.85 seconds.
  Connecting to CARLA on port 2000
Beginning scenario construction...
pygame 2.6.1 (SDL 2.28.4, Python 3.10.12)
Hello from the pygame community. https://www.pygame.org/contribute.html
  Loading cached version of road network...
  Loaded cached network in 0.15 seconds.
  Pruning scenario...
  Pruned scenario in 3.91e-05 seconds.
Scenario constructed in 1.84 seconds.
  Connecting to CARLA on port 2000
Beginning scenario construction...
pygame 2.6.1 (SDL 2.28.4, Python 3.10.12)
Hello from the pygame community. https://www.pygame.org/contribute.html
  Loading cached version of road network...
  Loaded cached network in 0.15 seconds.
  Pruning scenario...
  Pruned scenario in 3.958e-05 seconds.
Scenario constructed in 1.83 seconds.
  Connecting to CARLA on port 2000
Beginning scenario construction...
pygame 2.6.1 (SDL 2.28.4, Python 3.10.12)
Hello from the pygame community. https://www.pygame.org/contribute.html
  Loading cached version of road network...
  Loaded cached network in 0.13 seconds.
  Pruning scenario...
  Pruned scenario in 3.004e-05 seconds.
Scenario constructed in 1.86 seconds.
  Connecting to CARLA on port 2000
Beginning scenario construction...
pygame 2.6.1 (SDL 2.28.4, Python 3.10.12)
Hello from the pygame community. https://www.pygame.org/contribute.html
  Loading cached version of road network...
  Loaded cached network in 0.13 seconds.
  Pruning scenario...
  Pruned scenario in 2.766e-05 seconds.
Scenario constructed in 1.60 seconds.
  Connecting to CARLA on port 2000
Beginning scenario construction...
pygame 2.6.1 (SDL 2.28.4, Python 3.10.12)
Hello from the pygame community. https://www.pygame.org/contribute.html
  Loading cached version of road network...
  Loaded cached network in 0.14 seconds.
  Pruning scenario...
  Pruned scenario in 3.028e-05 seconds.
Scenario constructed in 1.86 seconds.
  Connecting to CARLA on port 2000
Beginning scenario construction...
pygame 2.6.1 (SDL 2.28.4, Python 3.10.12)
Hello from the pygame community. https://www.pygame.org/contribute.html
  Loading cached version of road network...
  Loaded cached network in 0.14 seconds.
  Pruning scenario...
  Pruned scenario in 3.028e-05 seconds.
Scenario constructed in 1.86 seconds.
  Connecting to CARLA on port 2000
Beginning scenario construction...
pygame 2.6.1 (SDL 2.28.4, Python 3.10.12)
Hello from the pygame community. https://www.pygame.org/contribute.html
  Loading cached version of road network...
  Loaded cached network in 0.14 seconds.
  Pruning scenario...
  Pruned scenario in 3.028e-05 seconds.
Scenario constructed in 1.69 seconds.
  Connecting to CARLA on port 2000
Beginning scenario construction...
pygame 2.6.1 (SDL 2.28.4, Python 3.10.12)
Hello from the pygame community. https://www.pygame.org/contribute.html
  Loading cached version of road network...
  Loaded cached network in 0.13 seconds.
  Pruning scenario...
  Pruned scenario in 2.694e-05 seconds.
Scenario constructed in 1.51 seconds.
  Connecting to CARLA on port 2000
Beginning scenario construction...
pygame 2.6.1 (SDL 2.28.4, Python 3.10.12)
Hello from the pygame community. https://www.pygame.org/contribute.html
  Loading cached version of road network...
  Loaded cached network in 0.14 seconds.
  Pruning scenario...
  Pruned scenario in 2.337e-05 seconds.
Scenario constructed in 1.48 seconds.
  Connecting to CARLA on port 2000
Beginning scenario construction...
pygame 2.6.1 (SDL 2.28.4, Python 3.10.12)
Hello from the pygame community. https://www.pygame.org/contribute.html
  Loading cached version of road network...
  Loaded cached network in 0.14 seconds.
  Pruning scenario...
  Pruned scenario in 2.217e-05 seconds.
Scenario constructed in 1.50 seconds.
  Connecting to CARLA on port 2000
Beginning scenario construction...
pygame 2.6.1 (SDL 2.28.4, Python 3.10.12)
Hello from the pygame community. https://www.pygame.org/contribute.html
  Loading cached version of road network...
  Loaded cached network in 0.15 seconds.
  Pruning scenario...
  Pruned scenario in 2.766e-05 seconds.
Scenario constructed in 1.64 seconds.
  Connecting to CARLA on port 2000
Beginning scenario construction...
pygame 2.6.1 (SDL 2.28.4, Python 3.10.12)
Hello from the pygame community. https://www.pygame.org/contribute.html
  Loading cached version of road network...
  Loaded cached network in 0.14 seconds.
  Pruning scenario...
  Pruned scenario in 2.67e-05 seconds.
Scenario constructed in 1.46 seconds.
  Connecting to CARLA on port 2000
Beginning scenario construction...
pygame 2.6.1 (SDL 2.28.4, Python 3.10.12)
Hello from the pygame community. https://www.pygame.org/contribute.html
  Loading cached version of road network...
  Loaded cached network in 0.14 seconds.
  Pruning scenario...
  Pruned scenario in 3.123e-05 seconds.
Scenario constructed in 1.54 seconds.
  Connecting to CARLA on port 2000
Beginning scenario construction...
pygame 2.6.1 (SDL 2.28.4, Python 3.10.12)
Hello from the pygame community. https://www.pygame.org/contribute.html
  Loading cached version of road network...
  Loaded cached network in 0.14 seconds.
  Pruning scenario...
  Pruned scenario in 2.766e-05 seconds.
Scenario constructed in 1.47 seconds.
  Connecting to CARLA on port 2000
Beginning scenario construction...
pygame 2.6.1 (SDL 2.28.4, Python 3.10.12)
Hello from the pygame community. https://www.pygame.org/contribute.html
  Loading cached version of road network...
  Loaded cached network in 0.14 seconds.
  Pruning scenario...
  Pruned scenario in 2.766e-05 seconds.
Scenario constructed in 1.60 seconds.
  Connecting to CARLA on port 2000
Beginning scenario construction...
pygame 2.6.1 (SDL 2.28.4, Python 3.10.12)
Hello from the pygame community. https://www.pygame.org/contribute.html
  Loading cached version of road network...
  Loaded cached network in 0.14 seconds.
  Pruning scenario...
  Pruned scenario in 3.004e-05 seconds.
Scenario constructed in 1.52 seconds.
  Connecting to CARLA on port 2000
Beginning scenario construction...
pygame 2.6.1 (SDL 2.28.4, Python 3.10.12)
Hello from the pygame community. https://www.pygame.org/contribute.html
  Loading cached version of road network...
  Loaded cached network in 0.14 seconds.
  Pruning scenario...
  Pruned scenario in 3.004e-05 seconds.
Scenario constructed in 1.54 seconds.
  Connecting to CARLA on port 2000
Beginning scenario construction...
pygame 2.6.1 (SDL 2.28.4, Python 3.10.12)
Hello from the pygame community. https://www.pygame.org/contribute.html
  Loading cached version of road network...
  Loaded cached network in 0.14 seconds.
  Pruning scenario...
  Pruned scenario in 2.766e-05 seconds.
Scenario constructed in 1.55 seconds.
  Connecting to CARLA on port 2000
Beginning scenario construction...
pygame 2.6.1 (SDL 2.28.4, Python 3.10.12)
Hello from the pygame community. https://www.pygame.org/contribute.html
  Loading cached version of road network...
  Loaded cached network in 0.14 seconds.
  Pruning scenario...
  Pruned scenario in 2.909e-05 seconds.
Scenario constructed in 1.64 seconds.
  Connecting to CARLA on port 2000
Beginning scenario construction...
pygame 2.6.1 (SDL 2.28.4, Python 3.10.12)
Hello from the pygame community. https://www.pygame.org/contribute.html
  Loading cached version of road network...
  Loaded cached network in 0.14 seconds.
  Pruning scenario...
  Pruned scenario in 2.67e-05 seconds.
Scenario constructed in 1.50 seconds.
  Connecting to CARLA on port 2000
Beginning scenario construction...
pygame 2.6.1 (SDL 2.28.4, Python 3.10.12)
Hello from the pygame community. https://www.pygame.org/contribute.html
  Loading cached version of road network...
  Loaded cached network in 0.14 seconds.
  Pruning scenario...
  Pruned scenario in 2.766e-05 seconds.
Scenario constructed in 1.60 seconds.
  Connecting to CARLA on port 2000
Beginning scenario construction...
pygame 2.6.1 (SDL 2.28.4, Python 3.10.12)
Hello from the pygame community. https://www.pygame.org/contribute.html
  Loading cached version of road network...
  Loaded cached network in 0.14 seconds.
  Pruning scenario...
  Pruned scenario in 2.789e-05 seconds.
Scenario constructed in 1.46 seconds.
  Connecting to CARLA on port 2000
Beginning scenario construction...
pygame 2.6.1 (SDL 2.28.4, Python 3.10.12)
Hello from the pygame community. https://www.pygame.org/contribute.html
  Loading cached version of road network...
  Loaded cached network in 0.14 seconds.
  Pruning scenario...
  Pruned scenario in 2.837e-05 seconds.
Scenario constructed in 1.60 seconds.
  Connecting to CARLA on port 2000
  Map loaded in simulator.
  Generated scene in 1 iterations, 0.0112 seconds.
  Beginning simulation of top-level scenario...
  Ran simulation in 26.69 seconds.
Beginning scenario construction...
pygame 2.6.1 (SDL 2.28.4, Python 3.10.12)
Hello from the pygame community. https://www.pygame.org/contribute.html
  Loading cached version of road network...
  Loaded cached network in 0.14 seconds.
  Pruning scenario...
  Pruned scenario in 3.242e-05 seconds.
Scenario constructed in 1.63 seconds.
  Connecting to CARLA on port 2000
  Map loaded in simulator.
  Generated scene in 1 iterations, 0.01112 seconds.
  Beginning simulation of top-level scenario...
  Ran simulation in 26.08 seconds.
Beginning scenario construction...
pygame 2.6.1 (SDL 2.28.4, Python 3.10.12)
Hello from the pygame community. https://www.pygame.org/contribute.html
  Loading cached version of road network...
  Loaded cached network in 0.14 seconds.
  Pruning scenario...
  Pruned scenario in 2.909e-05 seconds.
Scenario constructed in 1.58 seconds.
  Connecting to CARLA on port 2000
  Map loaded in simulator.
  Generated scene in 1 iterations, 0.01145 seconds.
  Beginning simulation of top-level scenario...
  Ran simulation in 27.05 seconds.
Beginning scenario construction...
pygame 2.6.1 (SDL 2.28.4, Python 3.10.12)
Hello from the pygame community. https://www.pygame.org/contribute.html
  Loading cached version of road network...
  Loaded cached network in 0.14 seconds.
  Pruning scenario...
  Pruned scenario in 3.004e-05 seconds.
Scenario constructed in 1.57 seconds.
  Connecting to CARLA on port 2000
Beginning scenario construction...
pygame 2.6.1 (SDL 2.28.4, Python 3.10.12)
Hello from the pygame community. https://www.pygame.org/contribute.html
  Loading cached version of road network...
  Loaded cached network in 0.13 seconds.
  Pruning scenario...
  Pruned scenario in 2.813e-05 seconds.
Scenario constructed in 1.53 seconds.
  Connecting to CARLA on port 2000
Beginning scenario construction...
pygame 2.6.1 (SDL 2.28.4, Python 3.10.12)
Hello from the pygame community. https://www.pygame.org/contribute.html
  Loading cached version of road network...
  Loaded cached network in 0.13 seconds.
  Pruning scenario...
  Pruned scenario in 3.29e-05 seconds.
Scenario constructed in 1.47 seconds.
  Connecting to CARLA on port 2000
Beginning scenario construction...
pygame 2.6.1 (SDL 2.28.4, Python 3.10.12)
Hello from the pygame community. https://www.pygame.org/contribute.html
  Loading cached version of road network...
  Loaded cached network in 0.14 seconds.
  Pruning scenario...
  Pruned scenario in 3.982e-05 seconds.
Scenario constructed in 1.56 seconds.
  Connecting to CARLA on port 2000
Beginning scenario construction...
pygame 2.6.1 (SDL 2.28.4, Python 3.10.12)
Hello from the pygame community. https://www.pygame.org/contribute.html
  Loading cached version of road network...
  Loaded cached network in 0.14 seconds.
  Pruning scenario...
  Pruned scenario in 2.718e-05 seconds.
Scenario constructed in 1.49 seconds.
  Connecting to CARLA on port 2000
Beginning scenario construction...
pygame 2.6.1 (SDL 2.28.4, Python 3.10.12)
Hello from the pygame community. https://www.pygame.org/contribute.html
  Loading cached version of road network...
  Loaded cached network in 0.14 seconds.
  Pruning scenario...
  Pruned scenario in 3.004e-05 seconds.
Scenario constructed in 1.53 seconds.
  Connecting to CARLA on port 2000
Beginning scenario construction...
pygame 2.6.1 (SDL 2.28.4, Python 3.10.12)
Hello from the pygame community. https://www.pygame.org/contribute.html
  Loading cached version of road network...
  Loaded cached network in 0.13 seconds.
  Pruning scenario...
  Pruned scenario in 3.195e-05 seconds.
Scenario constructed in 1.58 seconds.
  Connecting to CARLA on port 2000
Beginning scenario construction...
pygame 2.6.1 (SDL 2.28.4, Python 3.10.12)
Hello from the pygame community. https://www.pygame.org/contribute.html
  Loading cached version of road network...
  Loaded cached network in 0.14 seconds.
  Pruning scenario...
  Pruned scenario in 2.98e-05 seconds.
Scenario constructed in 1.55 seconds.
  Connecting to CARLA on port 2000
  Map loaded in simulator.
  Generated scene in 1 iterations, 0.011 seconds.
  Beginning simulation of top-level scenario...
  Ran simulation in 26.04 seconds.
Beginning scenario construction...
pygame 2.6.1 (SDL 2.28.4, Python 3.10.12)
Hello from the pygame community. https://www.pygame.org/contribute.html
  Loading cached version of road network...
  Loaded cached network in 0.14 seconds.
  Pruning scenario...
  Pruned scenario in 3.815e-05 seconds.
Scenario constructed in 1.59 seconds.
  Connecting to CARLA on port 2000
  Map loaded in simulator.
  Generated scene in 1 iterations, 0.01121 seconds.
  Beginning simulation of top-level scenario...
  Ran simulation in 27.37 seconds.
Beginning scenario construction...
pygame 2.6.1 (SDL 2.28.4, Python 3.10.12)
Hello from the pygame community. https://www.pygame.org/contribute.html
  Loading cached version of road network...
  Loaded cached network in 0.14 seconds.
  Pruning scenario...
  Pruned scenario in 2.933e-05 seconds.
Scenario constructed in 1.53 seconds.
  Connecting to CARLA on port 2000
  Map loaded in simulator.
  Generated scene in 1 iterations, 0.01104 seconds.
  Beginning simulation of top-level scenario...
  Ran simulation in 26.66 seconds.
Beginning scenario construction...
pygame 2.6.1 (SDL 2.28.4, Python 3.10.12)
Hello from the pygame community. https://www.pygame.org/contribute.html
  Loading cached version of road network...
  Loaded cached network in 0.14 seconds.
  Pruning scenario...
  Pruned scenario in 3.099e-05 seconds.
Scenario constructed in 1.54 seconds.
  Connecting to CARLA on port 2000
  Map loaded in simulator.
  Generated scene in 1 iterations, 0.01127 seconds.
  Beginning simulation of top-level scenario...
  Ran simulation in 29.32 seconds.
Beginning scenario construction...
pygame 2.6.1 (SDL 2.28.4, Python 3.10.12)
Hello from the pygame community. https://www.pygame.org/contribute.html
  Loading cached version of road network...
  Loaded cached network in 0.14 seconds.
  Pruning scenario...
  Pruned scenario in 2.933e-05 seconds.
Scenario constructed in 1.53 seconds.
  Connecting to CARLA on port 2000
  Map loaded in simulator.
  Generated scene in 1 iterations, 0.01118 seconds.
  Beginning simulation of top-level scenario...
  Ran simulation in 27.21 seconds.
Beginning scenario construction...
pygame 2.6.1 (SDL 2.28.4, Python 3.10.12)
Hello from the pygame community. https://www.pygame.org/contribute.html
  Loading cached version of road network...
  Loaded cached network in 0.14 seconds.
  Pruning scenario...
  Pruned scenario in 2.933e-05 seconds.
Scenario constructed in 1.51 seconds.
  Connecting to CARLA on port 2000
  Map loaded in simulator.
  Generated scene in 1 iterations, 0.01135 seconds.
  Beginning simulation of top-level scenario...
  Ran simulation in 26.8 seconds.
Beginning scenario construction...
pygame 2.6.1 (SDL 2.28.4, Python 3.10.12)
Hello from the pygame community. https://www.pygame.org/contribute.html
  Loading cached version of road network...
  Loaded cached network in 0.14 seconds.
  Pruning scenario...
  Pruned scenario in 3.147e-05 seconds.
Scenario constructed in 1.52 seconds.
  Connecting to CARLA on port 2000
  Map loaded in simulator.
  Generated scene in 1 iterations, 0.01086 seconds.
  Beginning simulation of top-level scenario...
  Ran simulation in 26.99 seconds.
Beginning scenario construction...
pygame 2.6.1 (SDL 2.28.4, Python 3.10.12)
Hello from the pygame community. https://www.pygame.org/contribute.html
  Loading cached version of road network...
  Loaded cached network in 0.14 seconds.
  Pruning scenario...
  Pruned scenario in 2.789e-05 seconds.
Scenario constructed in 1.47 seconds.
  Connecting to CARLA on port 2000
  Map loaded in simulator.
  Generated scene in 1 iterations, 0.01076 seconds.
  Beginning simulation of top-level scenario...
  Ran simulation in 28.63 seconds.
Beginning scenario construction...
pygame 2.6.1 (SDL 2.28.4, Python 3.10.12)
Hello from the pygame community. https://www.pygame.org/contribute.html
  Loading cached version of road network...
  Loaded cached network in 0.13 seconds.
  Pruning scenario...
  Pruned scenario in 2.909e-05 seconds.
Scenario constructed in 1.49 seconds.
  Connecting to CARLA on port 2000
  Map loaded in simulator.
  Generated scene in 1 iterations, 0.01107 seconds.
  Beginning simulation of top-level scenario...
  Ran simulation in 26.9 seconds.
Beginning scenario construction...
pygame 2.6.1 (SDL 2.28.4, Python 3.10.12)
Hello from the pygame community. https://www.pygame.org/contribute.html
  Loading cached version of road network...
  Loaded cached network in 0.13 seconds.
  Pruning scenario...
  Pruned scenario in 2.766e-05 seconds.
Scenario constructed in 1.42 seconds.
  Connecting to CARLA on port 2000
  Map loaded in simulator.
  Generated scene in 1 iterations, 0.01094 seconds.
  Beginning simulation of top-level scenario...
  Ran simulation in 27.51 seconds.
Beginning scenario construction...
pygame 2.6.1 (SDL 2.28.4, Python 3.10.12)
Hello from the pygame community. https://www.pygame.org/contribute.html
  Loading cached version of road network...
  Loaded cached network in 0.13 seconds.
  Pruning scenario...
  Pruned scenario in 3.028e-05 seconds.
Scenario constructed in 1.46 seconds.
  Connecting to CARLA on port 2000
  Map loaded in simulator.
  Generated scene in 1 iterations, 0.01101 seconds.
  Beginning simulation of top-level scenario...
  Ran simulation in 27.21 seconds.
Beginning scenario construction...
pygame 2.6.1 (SDL 2.28.4, Python 3.10.12)
Hello from the pygame community. https://www.pygame.org/contribute.html
  Loading cached version of road network...
  Loaded cached network in 0.13 seconds.
  Pruning scenario...
  Pruned scenario in 2.909e-05 seconds.
Scenario constructed in 1.46 seconds.
  Connecting to CARLA on port 2000
  Map loaded in simulator.
  Generated scene in 1 iterations, 0.01102 seconds.
  Beginning simulation of top-level scenario...
  Ran simulation in 27.52 seconds.
Beginning scenario construction...
pygame 2.6.1 (SDL 2.28.4, Python 3.10.12)
Hello from the pygame community. https://www.pygame.org/contribute.html
  Loading cached version of road network...
  Loaded cached network in 0.13 seconds.
  Pruning scenario...
  Pruned scenario in 2.742e-05 seconds.
Scenario constructed in 1.47 seconds.
  Connecting to CARLA on port 2000
  Map loaded in simulator.
  Generated scene in 1 iterations, 0.01089 seconds.
  Beginning simulation of top-level scenario...
  Ran simulation in 25.82 seconds.
Beginning scenario construction...
pygame 2.6.1 (SDL 2.28.4, Python 3.10.12)
Hello from the pygame community. https://www.pygame.org/contribute.html
  Loading cached version of road network...
  Loaded cached network in 0.14 seconds.
  Pruning scenario...
  Pruned scenario in 2.909e-05 seconds.
Scenario constructed in 1.44 seconds.
  Connecting to CARLA on port 2000
  Map loaded in simulator.
  Generated scene in 1 iterations, 0.01101 seconds.
  Beginning simulation of top-level scenario...
  Ran simulation in 28 seconds.
Beginning scenario construction...
pygame 2.6.1 (SDL 2.28.4, Python 3.10.12)
Hello from the pygame community. https://www.pygame.org/contribute.html
  Loading cached version of road network...
  Loaded cached network in 0.13 seconds.
  Pruning scenario...
  Pruned scenario in 2.98e-05 seconds.
Scenario constructed in 1.47 seconds.
  Connecting to CARLA on port 2000
  Map loaded in simulator.
  Generated scene in 1 iterations, 0.01099 seconds.
  Beginning simulation of top-level scenario...
  Ran simulation in 28.25 seconds.
Beginning scenario construction...
pygame 2.6.1 (SDL 2.28.4, Python 3.10.12)
Hello from the pygame community. https://www.pygame.org/contribute.html
  Loading cached version of road network...
  Loaded cached network in 0.13 seconds.
  Pruning scenario...
  Pruned scenario in 2.742e-05 seconds.
Scenario constructed in 1.44 seconds.
  Connecting to CARLA on port 2000
  Map loaded in simulator.
  Generated scene in 1 iterations, 0.0108 seconds.
  Beginning simulation of top-level scenario...
  Ran simulation in 26.82 seconds.
Beginning scenario construction...
pygame 2.6.1 (SDL 2.28.4, Python 3.10.12)
Hello from the pygame community. https://www.pygame.org/contribute.html
  Loading cached version of road network...
  Loaded cached network in 0.14 seconds.
  Pruning scenario...
  Pruned scenario in 2.646e-05 seconds.
Scenario constructed in 1.44 seconds.
  Connecting to CARLA on port 2000
  Map loaded in simulator.
  Generated scene in 1 iterations, 0.011 seconds.
  Beginning simulation of top-level scenario...
  Ran simulation in 27.47 seconds.
Beginning scenario construction...
pygame 2.6.1 (SDL 2.28.4, Python 3.10.12)
Hello from the pygame community. https://www.pygame.org/contribute.html
  Loading cached version of road network...
  Loaded cached network in 0.13 seconds.
  Pruning scenario...
  Pruned scenario in 2.789e-05 seconds.
Scenario constructed in 1.44 seconds.
  Connecting to CARLA on port 2000
  Map loaded in simulator.
  Generated scene in 1 iterations, 0.01066 seconds.
  Beginning simulation of top-level scenario...
  Ran simulation in 26.88 seconds.
Beginning scenario construction...
pygame 2.6.1 (SDL 2.28.4, Python 3.10.12)
Hello from the pygame community. https://www.pygame.org/contribute.html
  Loading cached version of road network...
  Loaded cached network in 0.13 seconds.
  Pruning scenario...
  Pruned scenario in 2.837e-05 seconds.
Scenario constructed in 1.47 seconds.
  Connecting to CARLA on port 2000
  Map loaded in simulator.
  Generated scene in 1 iterations, 0.0108 seconds.
  Beginning simulation of top-level scenario...
  Ran simulation in 27.09 seconds.
Beginning scenario construction...
pygame 2.6.1 (SDL 2.28.4, Python 3.10.12)
Hello from the pygame community. https://www.pygame.org/contribute.html
  Loading cached version of road network...
  Loaded cached network in 0.13 seconds.
  Pruning scenario...
  Pruned scenario in 2.789e-05 seconds.
Scenario constructed in 1.46 seconds.
  Connecting to CARLA on port 2000
  Map loaded in simulator.
  Generated scene in 1 iterations, 0.01071 seconds.
  Beginning simulation of top-level scenario...
  Ran simulation in 29.71 seconds.
Beginning scenario construction...
pygame 2.6.1 (SDL 2.28.4, Python 3.10.12)
Hello from the pygame community. https://www.pygame.org/contribute.html
  Loading cached version of road network...
  Loaded cached network in 0.13 seconds.
  Pruning scenario...
  Pruned scenario in 2.742e-05 seconds.
Scenario constructed in 1.43 seconds.
  Connecting to CARLA on port 2000
  Map loaded in simulator.
  Generated scene in 1 iterations, 0.01106 seconds.
  Beginning simulation of top-level scenario...
  Ran simulation in 27.36 seconds.
Beginning scenario construction...
pygame 2.6.1 (SDL 2.28.4, Python 3.10.12)
Hello from the pygame community. https://www.pygame.org/contribute.html
  Loading cached version of road network...
  Loaded cached network in 0.13 seconds.
  Pruning scenario...
  Pruned scenario in 2.694e-05 seconds.
Scenario constructed in 1.42 seconds.
  Connecting to CARLA on port 2000
  Map loaded in simulator.
  Generated scene in 1 iterations, 0.01085 seconds.
  Beginning simulation of top-level scenario...
  Ran simulation in 26.8 seconds.
Beginning scenario construction...
pygame 2.6.1 (SDL 2.28.4, Python 3.10.12)
Hello from the pygame community. https://www.pygame.org/contribute.html
  Loading cached version of road network...
  Loaded cached network in 0.13 seconds.
  Pruning scenario...
  Pruned scenario in 2.861e-05 seconds.
Scenario constructed in 1.44 seconds.
  Connecting to CARLA on port 2000
  Map loaded in simulator.
  Generated scene in 1 iterations, 0.01077 seconds.
  Beginning simulation of top-level scenario...
  Ran simulation in 28.46 seconds.
Beginning scenario construction...
pygame 2.6.1 (SDL 2.28.4, Python 3.10.12)
Hello from the pygame community. https://www.pygame.org/contribute.html
  Loading cached version of road network...
  Loaded cached network in 0.13 seconds.
  Pruning scenario...
  Pruned scenario in 2.789e-05 seconds.
Scenario constructed in 1.42 seconds.
  Connecting to CARLA on port 2000
  Map loaded in simulator.
  Generated scene in 1 iterations, 0.01088 seconds.
  Beginning simulation of top-level scenario...
  Ran simulation in 27.41 seconds.
Beginning scenario construction...
pygame 2.6.1 (SDL 2.28.4, Python 3.10.12)
Hello from the pygame community. https://www.pygame.org/contribute.html
  Loading cached version of road network...
  Loaded cached network in 0.13 seconds.
  Pruning scenario...
  Pruned scenario in 2.789e-05 seconds.
Scenario constructed in 1.44 seconds.
  Connecting to CARLA on port 2000
  Map loaded in simulator.
  Generated scene in 1 iterations, 0.0112 seconds.
  Beginning simulation of top-level scenario...
  Ran simulation in 29.85 seconds.
Beginning scenario construction...
pygame 2.6.1 (SDL 2.28.4, Python 3.10.12)
Hello from the pygame community. https://www.pygame.org/contribute.html
  Loading cached version of road network...
  Loaded cached network in 0.13 seconds.
  Pruning scenario...
  Pruned scenario in 2.67e-05 seconds.
Scenario constructed in 1.41 seconds.
  Connecting to CARLA on port 2000
  Map loaded in simulator.
  Generated scene in 1 iterations, 0.01088 seconds.
  Beginning simulation of top-level scenario...
  Ran simulation in 26.78 seconds.
Beginning scenario construction...
pygame 2.6.1 (SDL 2.28.4, Python 3.10.12)
Hello from the pygame community. https://www.pygame.org/contribute.html
  Loading cached version of road network...
  Loaded cached network in 0.13 seconds.
  Pruning scenario...
  Pruned scenario in 2.861e-05 seconds.
Scenario constructed in 1.44 seconds.
  Connecting to CARLA on port 2000
  Map loaded in simulator.
  Generated scene in 1 iterations, 0.011 seconds.
  Beginning simulation of top-level scenario...
  Ran simulation in 28.19 seconds.
Beginning scenario construction...
pygame 2.6.1 (SDL 2.28.4, Python 3.10.12)
Hello from the pygame community. https://www.pygame.org/contribute.html
  Loading cached version of road network...
  Loaded cached network in 0.13 seconds.
  Pruning scenario...
  Pruned scenario in 2.813e-05 seconds.
Scenario constructed in 1.41 seconds.
  Connecting to CARLA on port 2000
  Map loaded in simulator.
  Generated scene in 1 iterations, 0.01088 seconds.
  Beginning simulation of top-level scenario...
  Ran simulation in 26.9 seconds.
Beginning scenario construction...
pygame 2.6.1 (SDL 2.28.4, Python 3.10.12)
Hello from the pygame community. https://www.pygame.org/contribute.html
  Loading cached version of road network...
  Loaded cached network in 0.13 seconds.
  Pruning scenario...
  Pruned scenario in 3.266e-05 seconds.
Scenario constructed in 1.41 seconds.
  Connecting to CARLA on port 2000
  Map loaded in simulator.
  Generated scene in 1 iterations, 0.01088 seconds.
  Beginning simulation of top-level scenario...
  Ran simulation in 27.1 seconds.
Beginning scenario construction...
pygame 2.6.1 (SDL 2.28.4, Python 3.10.12)
Hello from the pygame community. https://www.pygame.org/contribute.html
  Loading cached version of road network...
  Loaded cached network in 0.13 seconds.
  Pruning scenario...
  Pruned scenario in 2.956e-05 seconds.
Scenario constructed in 1.42 seconds.
  Connecting to CARLA on port 2000
  Map loaded in simulator.
  Generated scene in 1 iterations, 0.01091 seconds.
  Beginning simulation of top-level scenario...
  Ran simulation in 27.77 seconds.
Beginning scenario construction...
pygame 2.6.1 (SDL 2.28.4, Python 3.10.12)
Hello from the pygame community. https://www.pygame.org/contribute.html
  Loading cached version of road network...
  Loaded cached network in 0.13 seconds.
  Pruning scenario...
  Pruned scenario in 2.933e-05 seconds.
Scenario constructed in 1.47 seconds.
  Connecting to CARLA on port 2000
  Map loaded in simulator.
  Generated scene in 1 iterations, 0.01067 seconds.
  Beginning simulation of top-level scenario...
  Ran simulation in 28.62 seconds.
Beginning scenario construction...
pygame 2.6.1 (SDL 2.28.4, Python 3.10.12)
Hello from the pygame community. https://www.pygame.org/contribute.html
  Loading cached version of road network...
  Loaded cached network in 0.13 seconds.
  Pruning scenario...
  Pruned scenario in 2.789e-05 seconds.
Scenario constructed in 1.43 seconds.
  Connecting to CARLA on port 2000
  Map loaded in simulator.
  Generated scene in 1 iterations, 0.01071 seconds.
  Beginning simulation of top-level scenario...
  Ran simulation in 28.55 seconds.
Beginning scenario construction...
pygame 2.6.1 (SDL 2.28.4, Python 3.10.12)
Hello from the pygame community. https://www.pygame.org/contribute.html
  Loading cached version of road network...
  Loaded cached network in 0.13 seconds.
  Pruning scenario...
  Pruned scenario in 2.909e-05 seconds.
Scenario constructed in 1.44 seconds.
  Connecting to CARLA on port 2000
  Map loaded in simulator.
  Generated scene in 1 iterations, 0.0108 seconds.
  Beginning simulation of top-level scenario...
  Ran simulation in 26.39 seconds.
Beginning scenario construction...
pygame 2.6.1 (SDL 2.28.4, Python 3.10.12)
Hello from the pygame community. https://www.pygame.org/contribute.html
  Loading cached version of road network...
  Loaded cached network in 0.13 seconds.
  Pruning scenario...
  Pruned scenario in 2.408e-05 seconds.
Scenario constructed in 1.43 seconds.
  Connecting to CARLA on port 2000
  Map loaded in simulator.
  Generated scene in 1 iterations, 0.0107 seconds.
  Beginning simulation of top-level scenario...
  Ran simulation in 28.27 seconds.
Beginning scenario construction...
pygame 2.6.1 (SDL 2.28.4, Python 3.10.12)
Hello from the pygame community. https://www.pygame.org/contribute.html
  Loading cached version of road network...
  Loaded cached network in 0.13 seconds.
  Pruning scenario...
  Pruned scenario in 2.575e-05 seconds.
Scenario constructed in 1.43 seconds.
  Connecting to CARLA on port 2000
  Map loaded in simulator.
  Generated scene in 1 iterations, 0.01088 seconds.
  Beginning simulation of top-level scenario...
  Ran simulation in 29.36 seconds.
Beginning scenario construction...
pygame 2.6.1 (SDL 2.28.4, Python 3.10.12)
Hello from the pygame community. https://www.pygame.org/contribute.html
  Loading cached version of road network...
  Loaded cached network in 0.13 seconds.
  Pruning scenario...
  Pruned scenario in 2.67e-05 seconds.
Scenario constructed in 1.42 seconds.
  Connecting to CARLA on port 2000
  Map loaded in simulator.
  Generated scene in 1 iterations, 0.01079 seconds.
  Beginning simulation of top-level scenario...
  Ran simulation in 27 seconds.
Beginning scenario construction...
pygame 2.6.1 (SDL 2.28.4, Python 3.10.12)
Hello from the pygame community. https://www.pygame.org/contribute.html
  Loading cached version of road network...
  Loaded cached network in 0.13 seconds.
  Pruning scenario...
  Pruned scenario in 3.266e-05 seconds.
Scenario constructed in 1.44 seconds.
  Connecting to CARLA on port 2000
  Map loaded in simulator.
  Generated scene in 1 iterations, 0.01096 seconds.
  Beginning simulation of top-level scenario...
  Ran simulation in 26.92 seconds.
Beginning scenario construction...
pygame 2.6.1 (SDL 2.28.4, Python 3.10.12)
Hello from the pygame community. https://www.pygame.org/contribute.html
  Loading cached version of road network...
  Loaded cached network in 0.13 seconds.
  Pruning scenario...
  Pruned scenario in 2.766e-05 seconds.
Scenario constructed in 1.43 seconds.
  Connecting to CARLA on port 2000
  Map loaded in simulator.
  Generated scene in 1 iterations, 0.01085 seconds.
  Beginning simulation of top-level scenario...
  Ran simulation in 30.4 seconds.
Beginning scenario construction...
pygame 2.6.1 (SDL 2.28.4, Python 3.10.12)
Hello from the pygame community. https://www.pygame.org/contribute.html
  Loading cached version of road network...
  Loaded cached network in 0.13 seconds.
  Pruning scenario...
  Pruned scenario in 2.575e-05 seconds.
Scenario constructed in 1.44 seconds.
  Connecting to CARLA on port 2000
  Map loaded in simulator.
  Generated scene in 1 iterations, 0.01115 seconds.
  Beginning simulation of top-level scenario...
  Ran simulation in 28.24 seconds.
Beginning scenario construction...
pygame 2.6.1 (SDL 2.28.4, Python 3.10.12)
Hello from the pygame community. https://www.pygame.org/contribute.html
  Loading cached version of road network...
  Loaded cached network in 0.14 seconds.
  Pruning scenario...
  Pruned scenario in 2.909e-05 seconds.
Scenario constructed in 1.50 seconds.
  Connecting to CARLA on port 2000
  Map loaded in simulator.
  Generated scene in 1 iterations, 0.01099 seconds.
  Beginning simulation of top-level scenario...
  Ran simulation in 29.94 seconds.
Beginning scenario construction...
pygame 2.6.1 (SDL 2.28.4, Python 3.10.12)
Hello from the pygame community. https://www.pygame.org/contribute.html
  Loading cached version of road network...
  Loaded cached network in 0.14 seconds.
  Pruning scenario...
  Pruned scenario in 2.98e-05 seconds.
Scenario constructed in 1.55 seconds.
  Connecting to CARLA on port 2000
  Map loaded in simulator.
  Generated scene in 1 iterations, 0.01174 seconds.
  Beginning simulation of top-level scenario...
  Ran simulation in 28.43 seconds.
Beginning scenario construction...
pygame 2.6.1 (SDL 2.28.4, Python 3.10.12)
Hello from the pygame community. https://www.pygame.org/contribute.html
  Loading cached version of road network...
  Loaded cached network in 0.14 seconds.
  Pruning scenario...
  Pruned scenario in 3.028e-05 seconds.
Scenario constructed in 1.50 seconds.
  Connecting to CARLA on port 2000
  Map loaded in simulator.
  Generated scene in 1 iterations, 0.01119 seconds.
  Beginning simulation of top-level scenario...
  Ran simulation in 28.12 seconds.
Beginning scenario construction...
pygame 2.6.1 (SDL 2.28.4, Python 3.10.12)
Hello from the pygame community. https://www.pygame.org/contribute.html
  Loading cached version of road network...
  Loaded cached network in 0.15 seconds.
  Pruning scenario...
  Pruned scenario in 3.052e-05 seconds.
Scenario constructed in 1.55 seconds.
  Connecting to CARLA on port 2000
  Map loaded in simulator.
  Generated scene in 1 iterations, 0.01129 seconds.
  Beginning simulation of top-level scenario...
  Ran simulation in 27.13 seconds.
Beginning scenario construction...
pygame 2.6.1 (SDL 2.28.4, Python 3.10.12)
Hello from the pygame community. https://www.pygame.org/contribute.html
  Loading cached version of road network...
  Loaded cached network in 0.14 seconds.
  Pruning scenario...
  Pruned scenario in 3.076e-05 seconds.
Scenario constructed in 1.53 seconds.
  Connecting to CARLA on port 2000
  Map loaded in simulator.
  Generated scene in 1 iterations, 0.01144 seconds.
  Beginning simulation of top-level scenario...
  Ran simulation in 28.13 seconds.
Beginning scenario construction...
pygame 2.6.1 (SDL 2.28.4, Python 3.10.12)
Hello from the pygame community. https://www.pygame.org/contribute.html
  Loading cached version of road network...
  Loaded cached network in 0.14 seconds.
  Pruning scenario...
  Pruned scenario in 3.028e-05 seconds.
Scenario constructed in 1.57 seconds.
  Connecting to CARLA on port 2000
  Map loaded in simulator.
  Generated scene in 1 iterations, 0.01168 seconds.
  Beginning simulation of top-level scenario...
  Ran simulation in 28.4 seconds.
Beginning scenario construction...
pygame 2.6.1 (SDL 2.28.4, Python 3.10.12)
Hello from the pygame community. https://www.pygame.org/contribute.html
  Loading cached version of road network...
  Loaded cached network in 0.14 seconds.
  Pruning scenario...
  Pruned scenario in 2.885e-05 seconds.
Scenario constructed in 1.53 seconds.
  Connecting to CARLA on port 2000
  Map loaded in simulator.
  Generated scene in 1 iterations, 0.01096 seconds.
  Beginning simulation of top-level scenario...
  Ran simulation in 27.12 seconds.
Beginning scenario construction...
pygame 2.6.1 (SDL 2.28.4, Python 3.10.12)
Hello from the pygame community. https://www.pygame.org/contribute.html
  Loading cached version of road network...
  Loaded cached network in 0.14 seconds.
  Pruning scenario...
  Pruned scenario in 2.956e-05 seconds.
Scenario constructed in 1.51 seconds.
  Connecting to CARLA on port 2000
  Map loaded in simulator.
  Generated scene in 1 iterations, 0.0111 seconds.
  Beginning simulation of top-level scenario...
  Ran simulation in 29.25 seconds.
Beginning scenario construction...
pygame 2.6.1 (SDL 2.28.4, Python 3.10.12)
Hello from the pygame community. https://www.pygame.org/contribute.html
  Loading cached version of road network...
  Loaded cached network in 0.14 seconds.
  Pruning scenario...
  Pruned scenario in 3.171e-05 seconds.
Scenario constructed in 1.52 seconds.
  Connecting to CARLA on port 2000
  Map loaded in simulator.
  Generated scene in 1 iterations, 0.01154 seconds.
  Beginning simulation of top-level scenario...
  Ran simulation in 28.35 seconds.
Beginning scenario construction...
pygame 2.6.1 (SDL 2.28.4, Python 3.10.12)
Hello from the pygame community. https://www.pygame.org/contribute.html
  Loading cached version of road network...
  Loaded cached network in 0.14 seconds.
  Pruning scenario...
  Pruned scenario in 2.885e-05 seconds.
Scenario constructed in 1.56 seconds.
  Connecting to CARLA on port 2000
  Map loaded in simulator.
  Generated scene in 1 iterations, 0.01124 seconds.
  Beginning simulation of top-level scenario...
  Ran simulation in 27.64 seconds.
Beginning scenario construction...
pygame 2.6.1 (SDL 2.28.4, Python 3.10.12)
Hello from the pygame community. https://www.pygame.org/contribute.html
  Loading cached version of road network...
  Loaded cached network in 0.14 seconds.
  Pruning scenario...
  Pruned scenario in 3.076e-05 seconds.
Scenario constructed in 1.53 seconds.
  Connecting to CARLA on port 2000
  Map loaded in simulator.
  Generated scene in 1 iterations, 0.01135 seconds.
  Beginning simulation of top-level scenario...
  Ran simulation in 29.28 seconds.
Beginning scenario construction...
pygame 2.6.1 (SDL 2.28.4, Python 3.10.12)
Hello from the pygame community. https://www.pygame.org/contribute.html
  Loading cached version of road network...
  Loaded cached network in 0.14 seconds.
  Pruning scenario...
  Pruned scenario in 3.123e-05 seconds.
Scenario constructed in 1.57 seconds.
  Connecting to CARLA on port 2000
  Map loaded in simulator.
  Generated scene in 1 iterations, 0.01101 seconds.
  Beginning simulation of top-level scenario...
  Ran simulation in 27.53 seconds.
Beginning scenario construction...
pygame 2.6.1 (SDL 2.28.4, Python 3.10.12)
Hello from the pygame community. https://www.pygame.org/contribute.html
  Loading cached version of road network...
  Loaded cached network in 0.14 seconds.
  Pruning scenario...
  Pruned scenario in 2.789e-05 seconds.
Scenario constructed in 1.53 seconds.
  Connecting to CARLA on port 2000
  Map loaded in simulator.
  Generated scene in 1 iterations, 0.01109 seconds.
  Beginning simulation of top-level scenario...
  Ran simulation in 27.51 seconds.
Beginning scenario construction...
pygame 2.6.1 (SDL 2.28.4, Python 3.10.12)
Hello from the pygame community. https://www.pygame.org/contribute.html
  Loading cached version of road network...
  Loaded cached network in 0.14 seconds.
  Pruning scenario...
  Pruned scenario in 2.933e-05 seconds.
Scenario constructed in 1.56 seconds.
  Connecting to CARLA on port 2000
  Map loaded in simulator.
  Generated scene in 1 iterations, 0.0121 seconds.
  Beginning simulation of top-level scenario...
  Ran simulation in 30.06 seconds.
Beginning scenario construction...
pygame 2.6.1 (SDL 2.28.4, Python 3.10.12)
Hello from the pygame community. https://www.pygame.org/contribute.html
  Loading cached version of road network...
  Loaded cached network in 0.14 seconds.
  Pruning scenario...
  Pruned scenario in 2.837e-05 seconds.
Scenario constructed in 1.51 seconds.
  Connecting to CARLA on port 2000
  Map loaded in simulator.
  Generated scene in 1 iterations, 0.011 seconds.
  Beginning simulation of top-level scenario...
  Ran simulation in 27.34 seconds.
Beginning scenario construction...
pygame 2.6.1 (SDL 2.28.4, Python 3.10.12)
Hello from the pygame community. https://www.pygame.org/contribute.html
  Loading cached version of road network...
  Loaded cached network in 0.14 seconds.
  Pruning scenario...
  Pruned scenario in 2.909e-05 seconds.
Scenario constructed in 1.51 seconds.
  Connecting to CARLA on port 2000
  Map loaded in simulator.
  Generated scene in 1 iterations, 0.01123 seconds.
  Beginning simulation of top-level scenario...
  Ran simulation in 27.87 seconds.
Beginning scenario construction...
pygame 2.6.1 (SDL 2.28.4, Python 3.10.12)
Hello from the pygame community. https://www.pygame.org/contribute.html
  Loading cached version of road network...
  Loaded cached network in 0.14 seconds.
  Pruning scenario...
  Pruned scenario in 3.052e-05 seconds.
Scenario constructed in 1.57 seconds.
  Connecting to CARLA on port 2000
  Map loaded in simulator.
  Generated scene in 1 iterations, 0.01165 seconds.
  Beginning simulation of top-level scenario...
  Ran simulation in 30.77 seconds.
Beginning scenario construction...
pygame 2.6.1 (SDL 2.28.4, Python 3.10.12)
Hello from the pygame community. https://www.pygame.org/contribute.html
  Loading cached version of road network...
  Loaded cached network in 0.14 seconds.
  Pruning scenario...
  Pruned scenario in 2.933e-05 seconds.
Scenario constructed in 1.53 seconds.
  Connecting to CARLA on port 2000
  Map loaded in simulator.
  Generated scene in 1 iterations, 0.01113 seconds.
  Beginning simulation of top-level scenario...
  Ran simulation in 28.66 seconds.
Beginning scenario construction...
pygame 2.6.1 (SDL 2.28.4, Python 3.10.12)
Hello from the pygame community. https://www.pygame.org/contribute.html
  Loading cached version of road network...
  Loaded cached network in 0.14 seconds.
  Pruning scenario...
  Pruned scenario in 2.861e-05 seconds.
Scenario constructed in 1.52 seconds.
  Connecting to CARLA on port 2000
  Map loaded in simulator.
  Generated scene in 1 iterations, 0.01132 seconds.
  Beginning simulation of top-level scenario...
  Ran simulation in 27.85 seconds.
Beginning scenario construction...
pygame 2.6.1 (SDL 2.28.4, Python 3.10.12)
Hello from the pygame community. https://www.pygame.org/contribute.html
  Loading cached version of road network...
  Loaded cached network in 0.14 seconds.
  Pruning scenario...
  Pruned scenario in 3.147e-05 seconds.
Scenario constructed in 1.58 seconds.
  Connecting to CARLA on port 2000
  Map loaded in simulator.
  Generated scene in 1 iterations, 0.01125 seconds.
  Beginning simulation of top-level scenario...
  Ran simulation in 27.84 seconds.
Beginning scenario construction...
pygame 2.6.1 (SDL 2.28.4, Python 3.10.12)
Hello from the pygame community. https://www.pygame.org/contribute.html
  Loading cached version of road network...
  Loaded cached network in 0.15 seconds.
  Pruning scenario...
  Pruned scenario in 2.909e-05 seconds.
Scenario constructed in 1.51 seconds.
  Connecting to CARLA on port 2000
  Map loaded in simulator.
  Generated scene in 1 iterations, 0.01127 seconds.
  Beginning simulation of top-level scenario...
  Ran simulation in 27.44 seconds.
Beginning scenario construction...
pygame 2.6.1 (SDL 2.28.4, Python 3.10.12)
Hello from the pygame community. https://www.pygame.org/contribute.html
  Loading cached version of road network...
  Loaded cached network in 0.14 seconds.
  Pruning scenario...
  Pruned scenario in 3.004e-05 seconds.
Scenario constructed in 1.54 seconds.
  Connecting to CARLA on port 2000
  Map loaded in simulator.
  Generated scene in 1 iterations, 0.01133 seconds.
  Beginning simulation of top-level scenario...
  Ran simulation in 29.21 seconds.
Beginning scenario construction...
pygame 2.6.1 (SDL 2.28.4, Python 3.10.12)
Hello from the pygame community. https://www.pygame.org/contribute.html
  Loading cached version of road network...
  Loaded cached network in 0.15 seconds.
  Pruning scenario...
  Pruned scenario in 2.885e-05 seconds.
Scenario constructed in 1.54 seconds.
  Connecting to CARLA on port 2000
  Map loaded in simulator.
  Generated scene in 1 iterations, 0.01088 seconds.
  Beginning simulation of top-level scenario...
  Ran simulation in 27.75 seconds.
Beginning scenario construction...
pygame 2.6.1 (SDL 2.28.4, Python 3.10.12)
Hello from the pygame community. https://www.pygame.org/contribute.html
  Loading cached version of road network...
  Loaded cached network in 0.14 seconds.
  Pruning scenario...
  Pruned scenario in 3.123e-05 seconds.
Scenario constructed in 1.54 seconds.
  Connecting to CARLA on port 2000
  Map loaded in simulator.
  Generated scene in 1 iterations, 0.01135 seconds.
  Beginning simulation of top-level scenario...
  Ran simulation in 27.91 seconds.
Beginning scenario construction...
pygame 2.6.1 (SDL 2.28.4, Python 3.10.12)
Hello from the pygame community. https://www.pygame.org/contribute.html
  Loading cached version of road network...
  Loaded cached network in 0.13 seconds.
  Pruning scenario...
  Pruned scenario in 2.67e-05 seconds.
Scenario constructed in 1.48 seconds.
  Connecting to CARLA on port 2000
  Map loaded in simulator.
  Generated scene in 1 iterations, 0.0114 seconds.
  Beginning simulation of top-level scenario...
  Ran simulation in 29.98 seconds.
Beginning scenario construction...
pygame 2.6.1 (SDL 2.28.4, Python 3.10.12)
Hello from the pygame community. https://www.pygame.org/contribute.html
  Loading cached version of road network...
  Loaded cached network in 0.13 seconds.
  Pruning scenario...
  Pruned scenario in 3.147e-05 seconds.
Scenario constructed in 1.48 seconds.
  Connecting to CARLA on port 2000
  Map loaded in simulator.
  Generated scene in 1 iterations, 0.01178 seconds.
  Beginning simulation of top-level scenario...
  Ran simulation in 26.76 seconds.
Beginning scenario construction...
pygame 2.6.1 (SDL 2.28.4, Python 3.10.12)
Hello from the pygame community. https://www.pygame.org/contribute.html
  Loading cached version of road network...
  Loaded cached network in 0.14 seconds.
  Pruning scenario...
  Pruned scenario in 2.956e-05 seconds.
Scenario constructed in 1.53 seconds.
  Connecting to CARLA on port 2000
  Map loaded in simulator.
  Generated scene in 1 iterations, 0.01121 seconds.
  Beginning simulation of top-level scenario...
  Ran simulation in 26.78 seconds.
Beginning scenario construction...
pygame 2.6.1 (SDL 2.28.4, Python 3.10.12)
Hello from the pygame community. https://www.pygame.org/contribute.html
  Loading cached version of road network...
  Loaded cached network in 0.14 seconds.
  Pruning scenario...
  Pruned scenario in 3.672e-05 seconds.
Scenario constructed in 1.56 seconds.
  Connecting to CARLA on port 2000
  Map loaded in simulator.
  Generated scene in 1 iterations, 0.01133 seconds.
  Beginning simulation of top-level scenario...
  Ran simulation in 29.57 seconds.
Beginning scenario construction...
pygame 2.6.1 (SDL 2.28.4, Python 3.10.12)
Hello from the pygame community. https://www.pygame.org/contribute.html
  Loading cached version of road network...
  Loaded cached network in 0.14 seconds.
  Pruning scenario...
  Pruned scenario in 3.123e-05 seconds.
Scenario constructed in 1.51 seconds.
  Connecting to CARLA on port 2000
  Map loaded in simulator.
  Generated scene in 1 iterations, 0.01131 seconds.
  Beginning simulation of top-level scenario...
  Ran simulation in 27.27 seconds.
Beginning scenario construction...
pygame 2.6.1 (SDL 2.28.4, Python 3.10.12)
Hello from the pygame community. https://www.pygame.org/contribute.html
  Loading cached version of road network...
  Loaded cached network in 0.14 seconds.
  Pruning scenario...
  Pruned scenario in 2.813e-05 seconds.
Scenario constructed in 1.54 seconds.
  Connecting to CARLA on port 2000
  Map loaded in simulator.
  Generated scene in 1 iterations, 0.01116 seconds.
  Beginning simulation of top-level scenario...
  Ran simulation in 27.95 seconds.
Beginning scenario construction...
pygame 2.6.1 (SDL 2.28.4, Python 3.10.12)
Hello from the pygame community. https://www.pygame.org/contribute.html
  Loading cached version of road network...
  Loaded cached network in 0.14 seconds.
  Pruning scenario...
  Pruned scenario in 3.147e-05 seconds.
Scenario constructed in 1.55 seconds.
  Connecting to CARLA on port 2000
  Map loaded in simulator.
  Generated scene in 1 iterations, 0.01109 seconds.
  Beginning simulation of top-level scenario...
  Ran simulation in 27.17 seconds.
Beginning scenario construction...
pygame 2.6.1 (SDL 2.28.4, Python 3.10.12)
Hello from the pygame community. https://www.pygame.org/contribute.html
  Loading cached version of road network...
  Loaded cached network in 0.14 seconds.
  Pruning scenario...
  Pruned scenario in 2.837e-05 seconds.
Scenario constructed in 1.56 seconds.
  Connecting to CARLA on port 2000
  Map loaded in simulator.
  Generated scene in 1 iterations, 0.01084 seconds.
  Beginning simulation of top-level scenario...
  Ran simulation in 29.9 seconds.
Beginning scenario construction...
pygame 2.6.1 (SDL 2.28.4, Python 3.10.12)
Hello from the pygame community. https://www.pygame.org/contribute.html
  Loading cached version of road network...
  Loaded cached network in 0.14 seconds.
  Pruning scenario...
  Pruned scenario in 2.909e-05 seconds.
Scenario constructed in 1.56 seconds.
  Connecting to CARLA on port 2000
  Map loaded in simulator.
  Generated scene in 1 iterations, 0.01112 seconds.
  Beginning simulation of top-level scenario...
  Ran simulation in 29.25 seconds.
Beginning scenario construction...
pygame 2.6.1 (SDL 2.28.4, Python 3.10.12)
Hello from the pygame community. https://www.pygame.org/contribute.html
  Loading cached version of road network...
  Loaded cached network in 0.14 seconds.
  Pruning scenario...
  Pruned scenario in 3.004e-05 seconds.
Scenario constructed in 1.58 seconds.
  Connecting to CARLA on port 2000
  Map loaded in simulator.
  Generated scene in 1 iterations, 0.01133 seconds.
  Beginning simulation of top-level scenario...
  Ran simulation in 27.56 seconds.
Beginning scenario construction...
pygame 2.6.1 (SDL 2.28.4, Python 3.10.12)
Hello from the pygame community. https://www.pygame.org/contribute.html
  Loading cached version of road network...
  Loaded cached network in 0.14 seconds.
  Pruning scenario...
  Pruned scenario in 2.861e-05 seconds.
Scenario constructed in 1.58 seconds.
  Connecting to CARLA on port 2000
  Map loaded in simulator.
  Generated scene in 1 iterations, 0.01126 seconds.
  Beginning simulation of top-level scenario...
  Ran simulation in 28.69 seconds.
Beginning scenario construction...
pygame 2.6.1 (SDL 2.28.4, Python 3.10.12)
Hello from the pygame community. https://www.pygame.org/contribute.html
  Loading cached version of road network...
  Loaded cached network in 0.14 seconds.
  Pruning scenario...
  Pruned scenario in 3.147e-05 seconds.
Scenario constructed in 1.56 seconds.
  Connecting to CARLA on port 2000
Beginning scenario construction...
pygame 2.6.1 (SDL 2.28.4, Python 3.10.12)
Hello from the pygame community. https://www.pygame.org/contribute.html
  Loading cached version of road network...
  Loaded cached network in 0.15 seconds.
  Pruning scenario...
  Pruned scenario in 2.933e-05 seconds.
Scenario constructed in 1.57 seconds.
  Connecting to CARLA on port 2000
  Map loaded in simulator.
  Generated scene in 1 iterations, 0.01131 seconds.
  Beginning simulation of top-level scenario...
  Ran simulation in 29.97 seconds.
Beginning scenario construction...
pygame 2.6.1 (SDL 2.28.4, Python 3.10.12)
Hello from the pygame community. https://www.pygame.org/contribute.html
  Loading cached version of road network...
  Loaded cached network in 0.14 seconds.
  Pruning scenario...
  Pruned scenario in 3.123e-05 seconds.
Scenario constructed in 1.56 seconds.
  Connecting to CARLA on port 2000
  Map loaded in simulator.
  Generated scene in 1 iterations, 0.01136 seconds.
  Beginning simulation of top-level scenario...
  Ran simulation in 27.32 seconds.
Beginning scenario construction...
pygame 2.6.1 (SDL 2.28.4, Python 3.10.12)
Hello from the pygame community. https://www.pygame.org/contribute.html
  Loading cached version of road network...
  Loaded cached network in 0.15 seconds.
  Pruning scenario...
  Pruned scenario in 3.242e-05 seconds.
Scenario constructed in 1.65 seconds.
  Connecting to CARLA on port 2000
  Map loaded in simulator.
  Generated scene in 1 iterations, 0.01113 seconds.
  Beginning simulation of top-level scenario...
  Ran simulation in 29.5 seconds.
Beginning scenario construction...
pygame 2.6.1 (SDL 2.28.4, Python 3.10.12)
Hello from the pygame community. https://www.pygame.org/contribute.html
  Loading cached version of road network...
  Loaded cached network in 0.14 seconds.
  Pruning scenario...
  Pruned scenario in 3.505e-05 seconds.
Scenario constructed in 1.61 seconds.
  Connecting to CARLA on port 2000
  Map loaded in simulator.
  Generated scene in 1 iterations, 0.01143 seconds.
  Beginning simulation of top-level scenario...
  Ran simulation in 29.5 seconds.
Beginning scenario construction...
pygame 2.6.1 (SDL 2.28.4, Python 3.10.12)
Hello from the pygame community. https://www.pygame.org/contribute.html
  Loading cached version of road network...
  Loaded cached network in 0.14 seconds.
  Pruning scenario...
  Pruned scenario in 2.956e-05 seconds.
Scenario constructed in 1.57 seconds.
  Connecting to CARLA on port 2000
  Map loaded in simulator.
  Generated scene in 1 iterations, 0.01149 seconds.
  Beginning simulation of top-level scenario...
  Ran simulation in 28.98 seconds.
Beginning scenario construction...
pygame 2.6.1 (SDL 2.28.4, Python 3.10.12)
Hello from the pygame community. https://www.pygame.org/contribute.html
  Loading cached version of road network...
  Loaded cached network in 0.14 seconds.
  Pruning scenario...
  Pruned scenario in 4.721e-05 seconds.
Scenario constructed in 1.57 seconds.
  Connecting to CARLA on port 2000
  Map loaded in simulator.
  Generated scene in 1 iterations, 0.01108 seconds.
  Beginning simulation of top-level scenario...
  Ran simulation in 28.66 seconds.
Beginning scenario construction...
pygame 2.6.1 (SDL 2.28.4, Python 3.10.12)
Hello from the pygame community. https://www.pygame.org/contribute.html
  Loading cached version of road network...
  Loaded cached network in 0.13 seconds.
  Pruning scenario...
  Pruned scenario in 2.67e-05 seconds.
Scenario constructed in 1.55 seconds.
  Connecting to CARLA on port 2000
  Map loaded in simulator.
  Generated scene in 1 iterations, 0.01077 seconds.
  Beginning simulation of top-level scenario...
  Ran simulation in 26.83 seconds.
Beginning scenario construction...
pygame 2.6.1 (SDL 2.28.4, Python 3.10.12)
Hello from the pygame community. https://www.pygame.org/contribute.html
  Loading cached version of road network...
  Loaded cached network in 0.14 seconds.
  Pruning scenario...
  Pruned scenario in 2.933e-05 seconds.
Scenario constructed in 1.51 seconds.
  Connecting to CARLA on port 2000
  Map loaded in simulator.
  Generated scene in 1 iterations, 0.01101 seconds.
  Beginning simulation of top-level scenario...
  Ran simulation in 26.78 seconds.
Beginning scenario construction...
pygame 2.6.1 (SDL 2.28.4, Python 3.10.12)
Hello from the pygame community. https://www.pygame.org/contribute.html
  Loading cached version of road network...
  Loaded cached network in 0.14 seconds.
  Pruning scenario...
  Pruned scenario in 2.885e-05 seconds.
Scenario constructed in 1.46 seconds.
  Connecting to CARLA on port 2000
Beginning scenario construction...
pygame 2.6.1 (SDL 2.28.4, Python 3.10.12)
Hello from the pygame community. https://www.pygame.org/contribute.html
  Loading cached version of road network...
  Loaded cached network in 0.15 seconds.
  Pruning scenario...
  Pruned scenario in 2.956e-05 seconds.
Scenario constructed in 1.74 seconds.
  Connecting to CARLA on port 2000
Beginning scenario construction...
pygame 2.6.1 (SDL 2.28.4, Python 3.10.12)
Hello from the pygame community. https://www.pygame.org/contribute.html
  Loading cached version of road network...
  Loaded cached network in 0.16 seconds.
  Pruning scenario...
  Pruned scenario in 2.933e-05 seconds.
Scenario constructed in 1.63 seconds.
  Connecting to CARLA on port 2000
Beginning scenario construction...
pygame 2.6.1 (SDL 2.28.4, Python 3.10.12)
Hello from the pygame community. https://www.pygame.org/contribute.html
  Loading cached version of road network...
  Loaded cached network in 0.14 seconds.
  Pruning scenario...
  Pruned scenario in 2.456e-05 seconds.
Scenario constructed in 1.74 seconds.
  Connecting to CARLA on port 2000
Beginning scenario construction...
pygame 2.6.1 (SDL 2.28.4, Python 3.10.12)
Hello from the pygame community. https://www.pygame.org/contribute.html
  Loading cached version of road network...
  Loaded cached network in 0.13 seconds.
  Pruning scenario...
  Pruned scenario in 3.457e-05 seconds.
Scenario constructed in 1.70 seconds.
  Connecting to CARLA on port 2000
Beginning scenario construction...
pygame 2.6.1 (SDL 2.28.4, Python 3.10.12)
Hello from the pygame community. https://www.pygame.org/contribute.html
  Loading cached version of road network...
  Loaded cached network in 0.15 seconds.
  Pruning scenario...
  Pruned scenario in 3.266e-05 seconds.
Scenario constructed in 1.74 seconds.
  Connecting to CARLA on port 2000
Beginning scenario construction...
pygame 2.6.1 (SDL 2.28.4, Python 3.10.12)
Hello from the pygame community. https://www.pygame.org/contribute.html
  Loading cached version of road network...
  Loaded cached network in 0.14 seconds.
  Pruning scenario...
  Pruned scenario in 3.386e-05 seconds.
Scenario constructed in 1.62 seconds.
  Connecting to CARLA on port 2000
Beginning scenario construction...
pygame 2.6.1 (SDL 2.28.4, Python 3.10.12)
Hello from the pygame community. https://www.pygame.org/contribute.html
  Loading cached version of road network...
  Loaded cached network in 0.15 seconds.
  Pruning scenario...
  Pruned scenario in 3.004e-05 seconds.
Scenario constructed in 1.80 seconds.
  Connecting to CARLA on port 2000
Beginning scenario construction...
pygame 2.6.1 (SDL 2.28.4, Python 3.10.12)
Hello from the pygame community. https://www.pygame.org/contribute.html
  Loading cached version of road network...
  Loaded cached network in 0.14 seconds.
  Pruning scenario...
  Pruned scenario in 3.099e-05 seconds.
Scenario constructed in 1.72 seconds.
  Connecting to CARLA on port 2000
Beginning scenario construction...
pygame 2.6.1 (SDL 2.28.4, Python 3.10.12)
Hello from the pygame community. https://www.pygame.org/contribute.html
  Loading cached version of road network...
  Loaded cached network in 0.15 seconds.
  Pruning scenario...
  Pruned scenario in 3.099e-05 seconds.
Scenario constructed in 1.82 seconds.
  Connecting to CARLA on port 2000
Beginning scenario construction...
pygame 2.6.1 (SDL 2.28.4, Python 3.10.12)
Hello from the pygame community. https://www.pygame.org/contribute.html
  Loading cached version of road network...
  Loaded cached network in 0.14 seconds.
  Pruning scenario...
  Pruned scenario in 2.694e-05 seconds.
Scenario constructed in 1.71 seconds.
  Connecting to CARLA on port 2000
Beginning scenario construction...
pygame 2.6.1 (SDL 2.28.4, Python 3.10.12)
Hello from the pygame community. https://www.pygame.org/contribute.html
  Loading cached version of road network...
  Loaded cached network in 0.15 seconds.
  Pruning scenario...
  Pruned scenario in 3.386e-05 seconds.
Scenario constructed in 1.83 seconds.
  Connecting to CARLA on port 2000
Beginning scenario construction...
pygame 2.6.1 (SDL 2.28.4, Python 3.10.12)
Hello from the pygame community. https://www.pygame.org/contribute.html
  Loading cached version of road network...
  Loaded cached network in 0.14 seconds.
  Pruning scenario...
  Pruned scenario in 3.409e-05 seconds.
Scenario constructed in 1.70 seconds.
  Connecting to CARLA on port 2000
Beginning scenario construction...
pygame 2.6.1 (SDL 2.28.4, Python 3.10.12)
Hello from the pygame community. https://www.pygame.org/contribute.html
  Loading cached version of road network...
  Loaded cached network in 0.14 seconds.
  Pruning scenario...
  Pruned scenario in 2.694e-05 seconds.
Scenario constructed in 1.71 seconds.
  Connecting to CARLA on port 2000
Beginning scenario construction...
pygame 2.6.1 (SDL 2.28.4, Python 3.10.12)
Hello from the pygame community. https://www.pygame.org/contribute.html
  Loading cached version of road network...
  Loaded cached network in 0.14 seconds.
  Pruning scenario...
  Pruned scenario in 2.813e-05 seconds.
Scenario constructed in 1.77 seconds.
  Connecting to CARLA on port 2000
Beginning scenario construction...
pygame 2.6.1 (SDL 2.28.4, Python 3.10.12)
Hello from the pygame community. https://www.pygame.org/contribute.html
  Loading cached version of road network...
  Loaded cached network in 0.15 seconds.
  Pruning scenario...
  Pruned scenario in 3.123e-05 seconds.
Scenario constructed in 1.80 seconds.
  Connecting to CARLA on port 2000
Beginning scenario construction...
pygame 2.6.1 (SDL 2.28.4, Python 3.10.12)
Hello from the pygame community. https://www.pygame.org/contribute.html
  Loading cached version of road network...
  Loaded cached network in 0.15 seconds.
  Pruning scenario...
  Pruned scenario in 3.004e-05 seconds.
Scenario constructed in 1.83 seconds.
  Connecting to CARLA on port 2000
Beginning scenario construction...
pygame 2.6.1 (SDL 2.28.4, Python 3.10.12)
Hello from the pygame community. https://www.pygame.org/contribute.html
  Loading cached version of road network...
  Loaded cached network in 0.14 seconds.
  Pruning scenario...
  Pruned scenario in 2.766e-05 seconds.
Scenario constructed in 1.69 seconds.
  Connecting to CARLA on port 2000
Beginning scenario construction...
pygame 2.6.1 (SDL 2.28.4, Python 3.10.12)
Hello from the pygame community. https://www.pygame.org/contribute.html
  Loading cached version of road network...
  Loaded cached network in 0.13 seconds.
  Pruning scenario...
  Pruned scenario in 2.861e-05 seconds.
Scenario constructed in 1.71 seconds.
  Connecting to CARLA on port 2000
Beginning scenario construction...
pygame 2.6.1 (SDL 2.28.4, Python 3.10.12)
Hello from the pygame community. https://www.pygame.org/contribute.html
  Loading cached version of road network...
  Loaded cached network in 0.15 seconds.
  Pruning scenario...
  Pruned scenario in 3.004e-05 seconds.
Scenario constructed in 1.74 seconds.
  Connecting to CARLA on port 2000
Beginning scenario construction...
pygame 2.6.1 (SDL 2.28.4, Python 3.10.12)
Hello from the pygame community. https://www.pygame.org/contribute.html
  Loading cached version of road network...
  Loaded cached network in 0.17 seconds.
  Pruning scenario...
  Pruned scenario in 2.789e-05 seconds.
Scenario constructed in 1.75 seconds.
  Connecting to CARLA on port 2000
Executing sim 0
Simulation 0 failed. Retrying...
Executing sim 1
Simulation 1 failed. Retrying...
Executing sim 2
Simulation 2 failed. Retrying...
Executing sim 3
Simulation 3 failed. Retrying...
Executing sim 4
Simulation 4 failed. Retrying...
Executing sim 5
Executing sim 6
Executing sim 7
Simulation 7 failed. Retrying...
Executing sim 8
Simulation 8 failed. Retrying...
Executing sim 9
Executing sim 10
Executing sim 11
Executing sim 12
Executing sim 13
Simulation 13 failed. Retrying...
Executing sim 14
Executing sim 15
Executing sim 16
Executing sim 17
Executing sim 18
Executing sim 19
Executing sim 20
Executing sim 21
Executing sim 22
Executing sim 23
Executing sim 24
Executing sim 25
Executing sim 26
Executing sim 27
Executing sim 28
Executing sim 29
Executing sim 30
Executing sim 31
Executing sim 32
Executing sim 33
Executing sim 34
Executing sim 35
Executing sim 36
Executing sim 37
Executing sim 38
Executing sim 39
Executing sim 40
Executing sim 41
Executing sim 42
Executing sim 43
Executing sim 44
Executing sim 45
Executing sim 46
Executing sim 47
Executing sim 48
Executing sim 49
Executing sim 50
Executing sim 51
Executing sim 52
Executing sim 53
Executing sim 54
Executing sim 55
Executing sim 56
Executing sim 57
Executing sim 58
Executing sim 59
Executing sim 60
Executing sim 61
Executing sim 62
Executing sim 63
Executing sim 64
Executing sim 65
Executing sim 66
Executing sim 67
Executing sim 68
Executing sim 69
Executing sim 70
Executing sim 71
Executing sim 72
Executing sim 73
Executing sim 74
Executing sim 75
Executing sim 76
Executing sim 77
Executing sim 78
Executing sim 79
Executing sim 80
Executing sim 81
Executing sim 82
Executing sim 83
Executing sim 84
Executing sim 85
Executing sim 86
Executing sim 87
Executing sim 88
Executing sim 89
Executing sim 90
Executing sim 91
Executing sim 92
Executing sim 93
Executing sim 94
Executing sim 95
Executing sim 96
Executing sim 97
Executing sim 98
Executing sim 99
Executing sim 100
Executing sim 101
Executing sim 102
Executing sim 103
Executing sim 104
Executing sim 105
Executing sim 106
Executing sim 107
Executing sim 108
Executing sim 109
Simulation 109 failed. Retrying...
Executing sim 110
Simulation 110 failed. Retrying...
Executing sim 111
Simulation 111 failed. Retrying...
Executing sim 112
Simulation 112 failed. Retrying...
Executing sim 113
Simulation 113 failed. Retrying...
Executing sim 114
Simulation 114 failed. Retrying...
Executing sim 115
Simulation 115 failed. Retrying...
Executing sim 116
Simulation 116 failed. Retrying...
Executing sim 117
Simulation 117 failed. Retrying...
Executing sim 118
Simulation 118 failed. Retrying...
Executing sim 119
Simulation 119 failed. Retrying...
Executing sim 120
Simulation 120 failed. Retrying...
Executing sim 121
Simulation 121 failed. Retrying...
Executing sim 122
Simulation 122 failed. Retrying...
Executing sim 123
Simulation 123 failed. Retrying...
Executing sim 124
Simulation 124 failed. Retrying...
Executing sim 125
Simulation 125 failed. Retrying...
Executing sim 126
Simulation 126 failed. Retrying...
Executing sim 127
Simulation 127 failed. Retrying...
Executing sim 128
Simulation 128 failed. Retrying...
Executing sim 129
Simulation 129 failed. Retrying...
Executing sim 130
Simulation 130 failed. Retrying...
Executing sim 131
Simulation 131 failed. Retrying...
Executing sim 132
Simulation 132 failed. Retrying...
Executing sim 133
Simulation 133 failed. Retrying...
Executing sim 134
Simulation 134 failed. Retrying...
Executing sim 135
Simulation 135 failed. Retrying...
Executing sim 136
Simulation 136 failed. Retrying...
Executing sim 137
Simulation 137 failed. Retrying...
Executing sim 138
Simulation 138 failed. Retrying...
Executing sim 139
Simulation 139 failed. Retrying...
Executing sim 140
Simulation 140 failed. Retrying...
Executing sim 141
Simulation 141 failed. Retrying...
Executing sim 142
Simulation 142 failed. Retrying...
Executing sim 143
Simulation 143 failed. Retrying...
Executing sim 144
Simulation 144 failed. Retrying...
Executing sim 145
Simulation 145 failed. Retrying...
Executing sim 146
Simulation 146 failed. Retrying...
Executing sim 147
Simulation 147 failed. Retrying...
Executing sim 148
Simulation 148 failed. Retrying...
Executing sim 149
Simulation 149 failed. Retrying...
Executing sim 150
Simulation 150 failed. Retrying...
Executing sim 151
Simulation 151 failed. Retrying...
Executing sim 152
Simulation 152 failed. Retrying...
Executing sim 153
Simulation 153 failed. Retrying...
Executing sim 154
Simulation 154 failed. Retrying...
Executing sim 155
Simulation 155 failed. Retrying...
Executing sim 156
Simulation 156 failed. Retrying...
Executing sim 157
Simulation 157 failed. Retrying...
Executing sim 158
Simulation 158 failed. Retrying...
Executing sim 159
Simulation 159 failed. Retrying...
Executing sim 160
Simulation 160 failed. Retrying...
Executing sim 161
Simulation 161 failed. Retrying...
Executing sim 162
Simulation 162 failed. Retrying...
Executing sim 163
Simulation 163 failed. Retrying...
Executing sim 164
Simulation 164 failed. Retrying...
Executing sim 165
Simulation 165 failed. Retrying...
Executing sim 166
Simulation 166 failed. Retrying...
Executing sim 167
Simulation 167 failed. Retrying...
Executing sim 168
Simulation 168 failed. Retrying...
Executing sim 169
Simulation 169 failed. Retrying...
Executing sim 170
Simulation 170 failed. Retrying...
Executing sim 171
Simulation 171 failed. Retrying...
Executing sim 172
Simulation 172 failed. Retrying...
Executing sim 173
Simulation 173 failed. Retrying...
Executing sim 174
Simulation 174 failed. Retrying...
Executing sim 175
Simulation 175 failed. Retrying...
Executing sim 176
Simulation 176 failed. Retrying...
Executing sim 177
Simulation 177 failed. Retrying...
Executing sim 178
Simulation 178 failed. Retrying...
Executing sim 179
Simulation 179 failed. Retrying...
Executing sim 180
Executing sim 181
Executing sim 182
Simulation 182 failed. Retrying...
Executing sim 183
Simulation 183 failed. Retrying...
Executing sim 184
Simulation 184 failed. Retrying...
Executing sim 185
Simulation 185 failed. Retrying...
Executing sim 186
Executing sim 187
Executing sim 188
Executing sim 189
Executing sim 190
Executing sim 191
Executing sim 192
Executing sim 193
Executing sim 194
Executing sim 195
Executing sim 196
Executing sim 197
Executing sim 198
Executing sim 199
Executing sim 200
Executing sim 201
Executing sim 202
Executing sim 203
Executing sim 204
Executing sim 205
Executing sim 206
Executing sim 207
Executing sim 208
Executing sim 209
Executing sim 210
Executing sim 211
Executing sim 212
Executing sim 213
Executing sim 214
Executing sim 215
Executing sim 216
Executing sim 217
Executing sim 218
Executing sim 219
Executing sim 220
Executing sim 221
Executing sim 222
Executing sim 223
Executing sim 224
Executing sim 225
Executing sim 226
Executing sim 227
Executing sim 228
Executing sim 229
Executing sim 230
Executing sim 231
Executing sim 232
Executing sim 233
Executing sim 234
Executing sim 235
Executing sim 236
Executing sim 237
Executing sim 238
Executing sim 239
Executing sim 240
Executing sim 241
Executing sim 242
Executing sim 243
Executing sim 244
Executing sim 245
Executing sim 246
Executing sim 247
Executing sim 248
Executing sim 249
Executing sim 250
Executing sim 251
Executing sim 252
Executing sim 253
Executing sim 254
Executing sim 255
Executing sim 256
Executing sim 257
Executing sim 258
Executing sim 259
Simulation 259 failed. Retrying...
Executing sim 260
Executing sim 261
Executing sim 262
Executing sim 263
Executing sim 264
Executing sim 265
Executing sim 266
Executing sim 267
Simulation 267 failed. Retrying...
Executing sim 268
Simulation 268 failed. Retrying...
Executing sim 269
Simulation 269 failed. Retrying...
Executing sim 270
Simulation 270 failed. Retrying...
Executing sim 271
Simulation 271 failed. Retrying...
Executing sim 272
Simulation 272 failed. Retrying...
Executing sim 273
Simulation 273 failed. Retrying...
Executing sim 274
Simulation 274 failed. Retrying...
Executing sim 275
Simulation 275 failed. Retrying...
Executing sim 276
Simulation 276 failed. Retrying...
Executing sim 277
Beginning scenario construction...
pygame 2.6.1 (SDL 2.28.4, Python 3.10.12)
Hello from the pygame community. https://www.pygame.org/contribute.html
  Loading cached version of road network...
  Loaded cached network in 0.15 seconds.
  Pruning scenario...
  Pruned scenario in 3.028e-05 seconds.
Scenario constructed in 1.76 seconds.
  Connecting to CARLA on port 2000
Beginning scenario construction...
pygame 2.6.1 (SDL 2.28.4, Python 3.10.12)
Hello from the pygame community. https://www.pygame.org/contribute.html
  Loading cached version of road network...
  Loaded cached network in 0.13 seconds.
  Pruning scenario...
  Pruned scenario in 2.909e-05 seconds.
Scenario constructed in 1.68 seconds.
  Connecting to CARLA on port 2000
Beginning scenario construction...
pygame 2.6.1 (SDL 2.28.4, Python 3.10.12)
Hello from the pygame community. https://www.pygame.org/contribute.html
  Loading cached version of road network...
  Loaded cached network in 0.15 seconds.
  Pruning scenario...
  Pruned scenario in 2.98e-05 seconds.
Scenario constructed in 1.73 seconds.
  Connecting to CARLA on port 2000
Beginning scenario construction...
pygame 2.6.1 (SDL 2.28.4, Python 3.10.12)
Hello from the pygame community. https://www.pygame.org/contribute.html
  Loading cached version of road network...
  Loaded cached network in 0.14 seconds.
  Pruning scenario...
  Pruned scenario in 2.861e-05 seconds.
Scenario constructed in 1.81 seconds.
  Connecting to CARLA on port 2000
Beginning scenario construction...
pygame 2.6.1 (SDL 2.28.4, Python 3.10.12)
Hello from the pygame community. https://www.pygame.org/contribute.html
  Loading cached version of road network...
  Loaded cached network in 0.15 seconds.
  Pruning scenario...
  Pruned scenario in 2.861e-05 seconds.
Scenario constructed in 1.76 seconds.
  Connecting to CARLA on port 2000
Beginning scenario construction...
pygame 2.6.1 (SDL 2.28.4, Python 3.10.12)
Hello from the pygame community. https://www.pygame.org/contribute.html
  Loading cached version of road network...
  Loaded cached network in 0.14 seconds.
  Pruning scenario...
  Pruned scenario in 3.123e-05 seconds.
Scenario constructed in 1.80 seconds.
  Connecting to CARLA on port 2000
Beginning scenario construction...
pygame 2.6.1 (SDL 2.28.4, Python 3.10.12)
Hello from the pygame community. https://www.pygame.org/contribute.html
  Loading cached version of road network...
  Loaded cached network in 0.14 seconds.
  Pruning scenario...
  Pruned scenario in 2.956e-05 seconds.
Scenario constructed in 1.81 seconds.
  Connecting to CARLA on port 2000
Beginning scenario construction...
pygame 2.6.1 (SDL 2.28.4, Python 3.10.12)
Hello from the pygame community. https://www.pygame.org/contribute.html
  Loading cached version of road network...
  Loaded cached network in 0.14 seconds.
  Pruning scenario...
  Pruned scenario in 3.052e-05 seconds.
Scenario constructed in 1.95 seconds.
  Connecting to CARLA on port 2000
Beginning scenario construction...
pygame 2.6.1 (SDL 2.28.4, Python 3.10.12)
Hello from the pygame community. https://www.pygame.org/contribute.html
  Loading cached version of road network...
  Loaded cached network in 0.14 seconds.
  Pruning scenario...
  Pruned scenario in 3.004e-05 seconds.
Scenario constructed in 1.85 seconds.
  Connecting to CARLA on port 2000
Beginning scenario construction...
pygame 2.6.1 (SDL 2.28.4, Python 3.10.12)
Hello from the pygame community. https://www.pygame.org/contribute.html
  Loading cached version of road network...
  Loaded cached network in 0.14 seconds.
  Pruning scenario...
  Pruned scenario in 3.505e-05 seconds.
Scenario constructed in 1.70 seconds.
  Connecting to CARLA on port 2000
Beginning scenario construction...
pygame 2.6.1 (SDL 2.28.4, Python 3.10.12)
Hello from the pygame community. https://www.pygame.org/contribute.html
  Loading cached version of road network...
  Loaded cached network in 0.15 seconds.
  Pruning scenario...
  Pruned scenario in 3.242e-05 seconds.
Scenario constructed in 1.69 seconds.
  Connecting to CARLA on port 2000
Beginning scenario construction...
pygame 2.6.1 (SDL 2.28.4, Python 3.10.12)
Hello from the pygame community. https://www.pygame.org/contribute.html
  Loading cached version of road network...
  Loaded cached network in 0.14 seconds.
  Pruning scenario...
  Pruned scenario in 2.432e-05 seconds.
Scenario constructed in 1.88 seconds.
  Connecting to CARLA on port 2000
Beginning scenario construction...
pygame 2.6.1 (SDL 2.28.4, Python 3.10.12)
Hello from the pygame community. https://www.pygame.org/contribute.html
  Loading cached version of road network...
  Loaded cached network in 0.14 seconds.
  Pruning scenario...
  Pruned scenario in 2.98e-05 seconds.
Scenario constructed in 1.83 seconds.
  Connecting to CARLA on port 2000
Beginning scenario construction...
pygame 2.6.1 (SDL 2.28.4, Python 3.10.12)
Hello from the pygame community. https://www.pygame.org/contribute.html
  Loading cached version of road network...
  Loaded cached network in 0.15 seconds.
  Pruning scenario...
  Pruned scenario in 2.98e-05 seconds.
Scenario constructed in 1.77 seconds.
  Connecting to CARLA on port 2000
Beginning scenario construction...
pygame 2.6.1 (SDL 2.28.4, Python 3.10.12)
Hello from the pygame community. https://www.pygame.org/contribute.html
  Loading cached version of road network...
  Loaded cached network in 0.15 seconds.
  Pruning scenario...
  Pruned scenario in 2.956e-05 seconds.
Scenario constructed in 1.78 seconds.
  Connecting to CARLA on port 2000
Beginning scenario construction...
pygame 2.6.1 (SDL 2.28.4, Python 3.10.12)
Hello from the pygame community. https://www.pygame.org/contribute.html
  Loading cached version of road network...
  Loaded cached network in 0.15 seconds.
  Pruning scenario...
  Pruned scenario in 2.742e-05 seconds.
Scenario constructed in 1.84 seconds.
  Connecting to CARLA on port 2000
Beginning scenario construction...
pygame 2.6.1 (SDL 2.28.4, Python 3.10.12)
Hello from the pygame community. https://www.pygame.org/contribute.html
  Loading cached version of road network...
  Loaded cached network in 0.14 seconds.
  Pruning scenario...
  Pruned scenario in 3.171e-05 seconds.
Scenario constructed in 1.67 seconds.
  Connecting to CARLA on port 2000
Beginning scenario construction...
pygame 2.6.1 (SDL 2.28.4, Python 3.10.12)
Hello from the pygame community. https://www.pygame.org/contribute.html
  Loading cached version of road network...
  Loaded cached network in 0.14 seconds.
  Pruning scenario...
  Pruned scenario in 3.195e-05 seconds.
Scenario constructed in 1.85 seconds.
  Connecting to CARLA on port 2000
Beginning scenario construction...
pygame 2.6.1 (SDL 2.28.4, Python 3.10.12)
Hello from the pygame community. https://www.pygame.org/contribute.html
  Loading cached version of road network...
  Loaded cached network in 0.14 seconds.
  Pruning scenario...
  Pruned scenario in 2.956e-05 seconds.
Scenario constructed in 1.80 seconds.
  Connecting to CARLA on port 2000
Beginning scenario construction...
pygame 2.6.1 (SDL 2.28.4, Python 3.10.12)
Hello from the pygame community. https://www.pygame.org/contribute.html
  Loading cached version of road network...
  Loaded cached network in 0.15 seconds.
  Pruning scenario...
  Pruned scenario in 2.909e-05 seconds.
Scenario constructed in 1.87 seconds.
  Connecting to CARLA on port 2000
Beginning scenario construction...
pygame 2.6.1 (SDL 2.28.4, Python 3.10.12)
Hello from the pygame community. https://www.pygame.org/contribute.html
  Loading cached version of road network...
  Loaded cached network in 0.14 seconds.
  Pruning scenario...
  Pruned scenario in 3.314e-05 seconds.
Scenario constructed in 1.73 seconds.
  Connecting to CARLA on port 2000
Beginning scenario construction...
pygame 2.6.1 (SDL 2.28.4, Python 3.10.12)
Hello from the pygame community. https://www.pygame.org/contribute.html
  Loading cached version of road network...
  Loaded cached network in 0.14 seconds.
  Pruning scenario...
  Pruned scenario in 2.885e-05 seconds.
Scenario constructed in 1.80 seconds.
  Connecting to CARLA on port 2000
Beginning scenario construction...
pygame 2.6.1 (SDL 2.28.4, Python 3.10.12)
Hello from the pygame community. https://www.pygame.org/contribute.html
  Loading cached version of road network...
  Loaded cached network in 0.14 seconds.
  Pruning scenario...
  Pruned scenario in 3.195e-05 seconds.
Scenario constructed in 1.81 seconds.
  Connecting to CARLA on port 2000
Beginning scenario construction...
pygame 2.6.1 (SDL 2.28.4, Python 3.10.12)
Hello from the pygame community. https://www.pygame.org/contribute.html
  Loading cached version of road network...
  Loaded cached network in 0.14 seconds.
  Pruning scenario...
  Pruned scenario in 2.503e-05 seconds.
Scenario constructed in 1.84 seconds.
  Connecting to CARLA on port 2000
Beginning scenario construction...
pygame 2.6.1 (SDL 2.28.4, Python 3.10.12)
Hello from the pygame community. https://www.pygame.org/contribute.html
  Loading cached version of road network...
  Loaded cached network in 0.15 seconds.
  Pruning scenario...
  Pruned scenario in 3.386e-05 seconds.
Scenario constructed in 1.83 seconds.
  Connecting to CARLA on port 2000
Beginning scenario construction...
pygame 2.6.1 (SDL 2.28.4, Python 3.10.12)
Hello from the pygame community. https://www.pygame.org/contribute.html
  Loading cached version of road network...
  Loaded cached network in 0.14 seconds.
  Pruning scenario...
  Pruned scenario in 3.195e-05 seconds.
Scenario constructed in 2.83 seconds.
  Connecting to CARLA on port 2000
Beginning scenario construction...
pygame 2.6.1 (SDL 2.28.4, Python 3.10.12)
Hello from the pygame community. https://www.pygame.org/contribute.html
  Loading cached version of road network...
  Loaded cached network in 0.15 seconds.
  Pruning scenario...
  Pruned scenario in 3.028e-05 seconds.
Scenario constructed in 1.75 seconds.
  Connecting to CARLA on port 2000
Beginning scenario construction...
pygame 2.6.1 (SDL 2.28.4, Python 3.10.12)
Hello from the pygame community. https://www.pygame.org/contribute.html
  Loading cached version of road network...
  Loaded cached network in 0.14 seconds.
  Pruning scenario...
  Pruned scenario in 3.195e-05 seconds.
Scenario constructed in 1.82 seconds.
  Connecting to CARLA on port 2000
Beginning scenario construction...
pygame 2.6.1 (SDL 2.28.4, Python 3.10.12)
Hello from the pygame community. https://www.pygame.org/contribute.html
  Loading cached version of road network...
  Loaded cached network in 0.14 seconds.
  Pruning scenario...
  Pruned scenario in 2.956e-05 seconds.
Scenario constructed in 1.75 seconds.
  Connecting to CARLA on port 2000
Beginning scenario construction...
pygame 2.6.1 (SDL 2.28.4, Python 3.10.12)
Hello from the pygame community. https://www.pygame.org/contribute.html
  Loading cached version of road network...
  Loaded cached network in 0.14 seconds.
  Pruning scenario...
  Pruned scenario in 3.219e-05 seconds.
Scenario constructed in 1.75 seconds.
  Connecting to CARLA on port 2000
Beginning scenario construction...
pygame 2.6.1 (SDL 2.28.4, Python 3.10.12)
Hello from the pygame community. https://www.pygame.org/contribute.html
  Loading cached version of road network...
  Loaded cached network in 0.14 seconds.
  Pruning scenario...
  Pruned scenario in 2.456e-05 seconds.
Scenario constructed in 1.74 seconds.
  Connecting to CARLA on port 2000
Beginning scenario construction...
pygame 2.6.1 (SDL 2.28.4, Python 3.10.12)
Hello from the pygame community. https://www.pygame.org/contribute.html
  Loading cached version of road network...
  Loaded cached network in 0.15 seconds.
  Pruning scenario...
  Pruned scenario in 3.338e-05 seconds.
Scenario constructed in 1.78 seconds.
  Connecting to CARLA on port 2000
Beginning scenario construction...
pygame 2.6.1 (SDL 2.28.4, Python 3.10.12)
Hello from the pygame community. https://www.pygame.org/contribute.html
  Loading cached version of road network...
  Loaded cached network in 0.14 seconds.
  Pruning scenario...
  Pruned scenario in 2.837e-05 seconds.
Scenario constructed in 1.74 seconds.
  Connecting to CARLA on port 2000
Beginning scenario construction...
pygame 2.6.1 (SDL 2.28.4, Python 3.10.12)
Hello from the pygame community. https://www.pygame.org/contribute.html
  Loading cached version of road network...
  Loaded cached network in 0.15 seconds.
  Pruning scenario...
  Pruned scenario in 3.219e-05 seconds.
Scenario constructed in 1.75 seconds.
  Connecting to CARLA on port 2000
Beginning scenario construction...
pygame 2.6.1 (SDL 2.28.4, Python 3.10.12)
Hello from the pygame community. https://www.pygame.org/contribute.html
  Loading cached version of road network...
  Loaded cached network in 0.15 seconds.
  Pruning scenario...
  Pruned scenario in 3.314e-05 seconds.
Scenario constructed in 1.71 seconds.
  Connecting to CARLA on port 2000
Beginning scenario construction...
pygame 2.6.1 (SDL 2.28.4, Python 3.10.12)
Hello from the pygame community. https://www.pygame.org/contribute.html
  Loading cached version of road network...
  Loaded cached network in 0.14 seconds.
  Pruning scenario...
  Pruned scenario in 4.125e-05 seconds.
Scenario constructed in 1.82 seconds.
  Connecting to CARLA on port 2000
Beginning scenario construction...
pygame 2.6.1 (SDL 2.28.4, Python 3.10.12)
Hello from the pygame community. https://www.pygame.org/contribute.html
  Loading cached version of road network...
  Loaded cached network in 0.14 seconds.
  Pruning scenario...
  Pruned scenario in 2.956e-05 seconds.
Scenario constructed in 1.77 seconds.
  Connecting to CARLA on port 2000
Beginning scenario construction...
pygame 2.6.1 (SDL 2.28.4, Python 3.10.12)
Hello from the pygame community. https://www.pygame.org/contribute.html
  Loading cached version of road network...
  Loaded cached network in 0.15 seconds.
  Pruning scenario...
  Pruned scenario in 2.67e-05 seconds.
Scenario constructed in 1.88 seconds.
  Connecting to CARLA on port 2000
Beginning scenario construction...
pygame 2.6.1 (SDL 2.28.4, Python 3.10.12)
Hello from the pygame community. https://www.pygame.org/contribute.html
  Loading cached version of road network...
  Loaded cached network in 0.15 seconds.
  Pruning scenario...
  Pruned scenario in 3.171e-05 seconds.
Scenario constructed in 1.69 seconds.
  Connecting to CARLA on port 2000
Beginning scenario construction...
pygame 2.6.1 (SDL 2.28.4, Python 3.10.12)
Hello from the pygame community. https://www.pygame.org/contribute.html
  Loading cached version of road network...
  Loaded cached network in 0.14 seconds.
  Pruning scenario...
  Pruned scenario in 3.123e-05 seconds.
Scenario constructed in 1.79 seconds.
  Connecting to CARLA on port 2000
Beginning scenario construction...
pygame 2.6.1 (SDL 2.28.4, Python 3.10.12)
Hello from the pygame community. https://www.pygame.org/contribute.html
  Loading cached version of road network...
  Loaded cached network in 0.14 seconds.
  Pruning scenario...
  Pruned scenario in 2.861e-05 seconds.
Scenario constructed in 1.80 seconds.
  Connecting to CARLA on port 2000
Beginning scenario construction...
pygame 2.6.1 (SDL 2.28.4, Python 3.10.12)
Hello from the pygame community. https://www.pygame.org/contribute.html
  Loading cached version of road network...
  Loaded cached network in 0.14 seconds.
  Pruning scenario...
  Pruned scenario in 3.052e-05 seconds.
Scenario constructed in 1.83 seconds.
  Connecting to CARLA on port 2000
Beginning scenario construction...
pygame 2.6.1 (SDL 2.28.4, Python 3.10.12)
Hello from the pygame community. https://www.pygame.org/contribute.html
  Loading cached version of road network...
  Loaded cached network in 0.14 seconds.
  Pruning scenario...
  Pruned scenario in 2.766e-05 seconds.
Scenario constructed in 1.70 seconds.
  Connecting to CARLA on port 2000
Beginning scenario construction...
pygame 2.6.1 (SDL 2.28.4, Python 3.10.12)
Hello from the pygame community. https://www.pygame.org/contribute.html
  Loading cached version of road network...
  Loaded cached network in 0.14 seconds.
  Pruning scenario...
  Pruned scenario in 2.837e-05 seconds.
Scenario constructed in 1.85 seconds.
  Connecting to CARLA on port 2000
Beginning scenario construction...
pygame 2.6.1 (SDL 2.28.4, Python 3.10.12)
Hello from the pygame community. https://www.pygame.org/contribute.html
  Loading cached version of road network...
  Loaded cached network in 0.15 seconds.
  Pruning scenario...
  Pruned scenario in 2.933e-05 seconds.
Scenario constructed in 1.77 seconds.
  Connecting to CARLA on port 2000
Beginning scenario construction...
pygame 2.6.1 (SDL 2.28.4, Python 3.10.12)
Hello from the pygame community. https://www.pygame.org/contribute.html
  Loading cached version of road network...
  Loaded cached network in 0.14 seconds.
  Pruning scenario...
  Pruned scenario in 2.933e-05 seconds.
Scenario constructed in 2.65 seconds.
  Connecting to CARLA on port 2000
Beginning scenario construction...
pygame 2.6.1 (SDL 2.28.4, Python 3.10.12)
Hello from the pygame community. https://www.pygame.org/contribute.html
  Loading cached version of road network...
  Loaded cached network in 0.14 seconds.
  Pruning scenario...
  Pruned scenario in 3.004e-05 seconds.
Scenario constructed in 1.76 seconds.
  Connecting to CARLA on port 2000
Beginning scenario construction...
pygame 2.6.1 (SDL 2.28.4, Python 3.10.12)
Hello from the pygame community. https://www.pygame.org/contribute.html
  Loading cached version of road network...
  Loaded cached network in 0.14 seconds.
  Pruning scenario...
  Pruned scenario in 2.861e-05 seconds.
Scenario constructed in 1.82 seconds.
  Connecting to CARLA on port 2000
Beginning scenario construction...
pygame 2.6.1 (SDL 2.28.4, Python 3.10.12)
Hello from the pygame community. https://www.pygame.org/contribute.html
  Loading cached version of road network...
  Loaded cached network in 0.15 seconds.
  Pruning scenario...
  Pruned scenario in 3.195e-05 seconds.
Scenario constructed in 1.74 seconds.
  Connecting to CARLA on port 2000
Beginning scenario construction...
pygame 2.6.1 (SDL 2.28.4, Python 3.10.12)
Hello from the pygame community. https://www.pygame.org/contribute.html
  Loading cached version of road network...
  Loaded cached network in 0.15 seconds.
  Pruning scenario...
  Pruned scenario in 3.195e-05 seconds.
Scenario constructed in 1.76 seconds.
  Connecting to CARLA on port 2000
Beginning scenario construction...
pygame 2.6.1 (SDL 2.28.4, Python 3.10.12)
Hello from the pygame community. https://www.pygame.org/contribute.html
  Loading cached version of road network...
  Loaded cached network in 0.14 seconds.
  Pruning scenario...
  Pruned scenario in 3.29e-05 seconds.
Scenario constructed in 1.75 seconds.
  Connecting to CARLA on port 2000
Beginning scenario construction...
pygame 2.6.1 (SDL 2.28.4, Python 3.10.12)
Hello from the pygame community. https://www.pygame.org/contribute.html
  Loading cached version of road network...
  Loaded cached network in 0.14 seconds.
  Pruning scenario...
  Pruned scenario in 3.314e-05 seconds.
Scenario constructed in 1.75 seconds.
  Connecting to CARLA on port 2000
Beginning scenario construction...
pygame 2.6.1 (SDL 2.28.4, Python 3.10.12)
Hello from the pygame community. https://www.pygame.org/contribute.html
  Loading cached version of road network...
  Loaded cached network in 0.15 seconds.
  Pruning scenario...
  Pruned scenario in 2.956e-05 seconds.
Scenario constructed in 1.72 seconds.
  Connecting to CARLA on port 2000
Beginning scenario construction...
pygame 2.6.1 (SDL 2.28.4, Python 3.10.12)
Hello from the pygame community. https://www.pygame.org/contribute.html
  Loading cached version of road network...
  Loaded cached network in 0.14 seconds.
  Pruning scenario...
  Pruned scenario in 2.718e-05 seconds.
Scenario constructed in 1.77 seconds.
  Connecting to CARLA on port 2000
Beginning scenario construction...
pygame 2.6.1 (SDL 2.28.4, Python 3.10.12)
Hello from the pygame community. https://www.pygame.org/contribute.html
  Loading cached version of road network...
  Loaded cached network in 0.14 seconds.
  Pruning scenario...
  Pruned scenario in 2.861e-05 seconds.
Scenario constructed in 1.73 seconds.
  Connecting to CARLA on port 2000
Beginning scenario construction...
pygame 2.6.1 (SDL 2.28.4, Python 3.10.12)
Hello from the pygame community. https://www.pygame.org/contribute.html
  Loading cached version of road network...
  Loaded cached network in 0.14 seconds.
  Pruning scenario...
  Pruned scenario in 2.789e-05 seconds.
Scenario constructed in 1.78 seconds.
  Connecting to CARLA on port 2000
Beginning scenario construction...
pygame 2.6.1 (SDL 2.28.4, Python 3.10.12)
Hello from the pygame community. https://www.pygame.org/contribute.html
  Loading cached version of road network...
  Loaded cached network in 0.14 seconds.
  Pruning scenario...
  Pruned scenario in 2.98e-05 seconds.
Scenario constructed in 1.71 seconds.
  Connecting to CARLA on port 2000
Beginning scenario construction...
pygame 2.6.1 (SDL 2.28.4, Python 3.10.12)
Hello from the pygame community. https://www.pygame.org/contribute.html
  Loading cached version of road network...
  Loaded cached network in 0.14 seconds.
  Pruning scenario...
  Pruned scenario in 2.813e-05 seconds.
Scenario constructed in 1.78 seconds.
  Connecting to CARLA on port 2000
Beginning scenario construction...
pygame 2.6.1 (SDL 2.28.4, Python 3.10.12)
Hello from the pygame community. https://www.pygame.org/contribute.html
  Loading cached version of road network...
  Loaded cached network in 0.14 seconds.
  Pruning scenario...
  Pruned scenario in 3.242e-05 seconds.
Scenario constructed in 1.75 seconds.
  Connecting to CARLA on port 2000
Beginning scenario construction...
pygame 2.6.1 (SDL 2.28.4, Python 3.10.12)
Hello from the pygame community. https://www.pygame.org/contribute.html
  Loading cached version of road network...
  Loaded cached network in 0.14 seconds.
  Pruning scenario...
  Pruned scenario in 3.147e-05 seconds.
Scenario constructed in 1.84 seconds.
  Connecting to CARLA on port 2000
Beginning scenario construction...
pygame 2.6.1 (SDL 2.28.4, Python 3.10.12)
Hello from the pygame community. https://www.pygame.org/contribute.html
  Loading cached version of road network...
  Loaded cached network in 0.14 seconds.
  Pruning scenario...
  Pruned scenario in 3.052e-05 seconds.
Scenario constructed in 1.77 seconds.
  Connecting to CARLA on port 2000
Beginning scenario construction...
pygame 2.6.1 (SDL 2.28.4, Python 3.10.12)
Hello from the pygame community. https://www.pygame.org/contribute.html
  Loading cached version of road network...
  Loaded cached network in 0.15 seconds.
  Pruning scenario...
  Pruned scenario in 3.242e-05 seconds.
Scenario constructed in 2.69 seconds.
  Connecting to CARLA on port 2000
Beginning scenario construction...
pygame 2.6.1 (SDL 2.28.4, Python 3.10.12)
Hello from the pygame community. https://www.pygame.org/contribute.html
  Loading cached version of road network...
  Loaded cached network in 0.14 seconds.
  Pruning scenario...
  Pruned scenario in 2.909e-05 seconds.
Scenario constructed in 1.67 seconds.
  Connecting to CARLA on port 2000
Beginning scenario construction...
pygame 2.6.1 (SDL 2.28.4, Python 3.10.12)
Hello from the pygame community. https://www.pygame.org/contribute.html
  Loading cached version of road network...
  Loaded cached network in 0.15 seconds.
  Pruning scenario...
  Pruned scenario in 3.242e-05 seconds.
Scenario constructed in 1.76 seconds.
  Connecting to CARLA on port 2000
Beginning scenario construction...
pygame 2.6.1 (SDL 2.28.4, Python 3.10.12)
Hello from the pygame community. https://www.pygame.org/contribute.html
  Loading cached version of road network...
  Loaded cached network in 0.15 seconds.
  Pruning scenario...
  Pruned scenario in 2.885e-05 seconds.
Scenario constructed in 1.77 seconds.
  Connecting to CARLA on port 2000
Beginning scenario construction...
pygame 2.6.1 (SDL 2.28.4, Python 3.10.12)
Hello from the pygame community. https://www.pygame.org/contribute.html
  Loading cached version of road network...
  Loaded cached network in 0.14 seconds.
  Pruning scenario...
  Pruned scenario in 3.004e-05 seconds.
Scenario constructed in 1.84 seconds.
  Connecting to CARLA on port 2000
Beginning scenario construction...
pygame 2.6.1 (SDL 2.28.4, Python 3.10.12)
Hello from the pygame community. https://www.pygame.org/contribute.html
  Loading cached version of road network...
  Loaded cached network in 0.15 seconds.
  Pruning scenario...
  Pruned scenario in 3.004e-05 seconds.
Scenario constructed in 1.77 seconds.
  Connecting to CARLA on port 2000
Beginning scenario construction...
pygame 2.6.1 (SDL 2.28.4, Python 3.10.12)
Hello from the pygame community. https://www.pygame.org/contribute.html
  Loading cached version of road network...
  Loaded cached network in 0.13 seconds.
  Pruning scenario...
  Pruned scenario in 3.219e-05 seconds.
Scenario constructed in 1.66 seconds.
  Connecting to CARLA on port 2000
Beginning scenario construction...
pygame 2.6.1 (SDL 2.28.4, Python 3.10.12)
Hello from the pygame community. https://www.pygame.org/contribute.html
  Loading cached version of road network...
  Loaded cached network in 0.14 seconds.
  Pruning scenario...
  Pruned scenario in 2.956e-05 seconds.
Scenario constructed in 1.79 seconds.
  Connecting to CARLA on port 2000
Beginning scenario construction...
pygame 2.6.1 (SDL 2.28.4, Python 3.10.12)
Hello from the pygame community. https://www.pygame.org/contribute.html
  Loading cached version of road network...
  Loaded cached network in 0.15 seconds.
  Pruning scenario...
  Pruned scenario in 2.694e-05 seconds.
Scenario constructed in 1.76 seconds.
  Connecting to CARLA on port 2000
Beginning scenario construction...
pygame 2.6.1 (SDL 2.28.4, Python 3.10.12)
Hello from the pygame community. https://www.pygame.org/contribute.html
  Loading cached version of road network...
  Loaded cached network in 0.14 seconds.
  Pruning scenario...
  Pruned scenario in 2.98e-05 seconds.
Scenario constructed in 1.82 seconds.
  Connecting to CARLA on port 2000
Beginning scenario construction...
pygame 2.6.1 (SDL 2.28.4, Python 3.10.12)
Hello from the pygame community. https://www.pygame.org/contribute.html
  Loading cached version of road network...
  Loaded cached network in 0.14 seconds.
  Pruning scenario...
  Pruned scenario in 2.885e-05 seconds.
Scenario constructed in 1.85 seconds.
  Connecting to CARLA on port 2000
Beginning scenario construction...
pygame 2.6.1 (SDL 2.28.4, Python 3.10.12)
Hello from the pygame community. https://www.pygame.org/contribute.html
  Loading cached version of road network...
  Loaded cached network in 0.14 seconds.
  Pruning scenario...
  Pruned scenario in 2.766e-05 seconds.
Scenario constructed in 1.69 seconds.
  Connecting to CARLA on port 2000
Beginning scenario construction...
pygame 2.6.1 (SDL 2.28.4, Python 3.10.12)
Hello from the pygame community. https://www.pygame.org/contribute.html
  Loading cached version of road network...
  Loaded cached network in 0.15 seconds.
  Pruning scenario...
  Pruned scenario in 3.076e-05 seconds.
Scenario constructed in 1.74 seconds.
  Connecting to CARLA on port 2000
Beginning scenario construction...
pygame 2.6.1 (SDL 2.28.4, Python 3.10.12)
Hello from the pygame community. https://www.pygame.org/contribute.html
  Loading cached version of road network...
  Loaded cached network in 0.15 seconds.
  Pruning scenario...
  Pruned scenario in 2.861e-05 seconds.
Scenario constructed in 1.75 seconds.
  Connecting to CARLA on port 2000
Beginning scenario construction...
pygame 2.6.1 (SDL 2.28.4, Python 3.10.12)
Hello from the pygame community. https://www.pygame.org/contribute.html
  Loading cached version of road network...
  Loaded cached network in 0.14 seconds.
  Pruning scenario...
  Pruned scenario in 3.147e-05 seconds.
Scenario constructed in 1.83 seconds.
  Connecting to CARLA on port 2000
Beginning scenario construction...
pygame 2.6.1 (SDL 2.28.4, Python 3.10.12)
Hello from the pygame community. https://www.pygame.org/contribute.html
  Loading cached version of road network...
  Loaded cached network in 0.15 seconds.
  Pruning scenario...
  Pruned scenario in 3.219e-05 seconds.
Scenario constructed in 1.76 seconds.
  Connecting to CARLA on port 2000
Beginning scenario construction...
pygame 2.6.1 (SDL 2.28.4, Python 3.10.12)
Hello from the pygame community. https://www.pygame.org/contribute.html
  Loading cached version of road network...
  Loaded cached network in 0.15 seconds.
  Pruning scenario...
  Pruned scenario in 3.6e-05 seconds.
Scenario constructed in 1.57 seconds.
  Connecting to CARLA on port 2000
Beginning scenario construction...
pygame 2.6.1 (SDL 2.28.4, Python 3.10.12)
Hello from the pygame community. https://www.pygame.org/contribute.html
  Loading cached version of road network...
  Loaded cached network in 0.14 seconds.
  Pruning scenario...
  Pruned scenario in 3.791e-05 seconds.
Scenario constructed in 1.59 seconds.
  Connecting to CARLA on port 2000
  Map loaded in simulator.
  Generated scene in 1 iterations, 0.01114 seconds.
  Beginning simulation of top-level scenario...
  Ran simulation in 29.96 seconds.
Beginning scenario construction...
pygame 2.6.1 (SDL 2.28.4, Python 3.10.12)
Hello from the pygame community. https://www.pygame.org/contribute.html
  Loading cached version of road network...
  Loaded cached network in 0.13 seconds.
  Pruning scenario...
  Pruned scenario in 3.314e-05 seconds.
Scenario constructed in 1.42 seconds.
  Connecting to CARLA on port 2000
  Map loaded in simulator.
  Generated scene in 1 iterations, 0.0112 seconds.
  Beginning simulation of top-level scenario...
  Ran simulation in 29.2 seconds.
Beginning scenario construction...
pygame 2.6.1 (SDL 2.28.4, Python 3.10.12)
Hello from the pygame community. https://www.pygame.org/contribute.html
  Loading cached version of road network...
  Loaded cached network in 0.13 seconds.
  Pruning scenario...
  Pruned scenario in 2.646e-05 seconds.
Scenario constructed in 1.43 seconds.
  Connecting to CARLA on port 2000
  Map loaded in simulator.
  Generated scene in 1 iterations, 0.01084 seconds.
  Beginning simulation of top-level scenario...
  Ran simulation in 28.5 seconds.
Beginning scenario construction...
pygame 2.6.1 (SDL 2.28.4, Python 3.10.12)
Hello from the pygame community. https://www.pygame.org/contribute.html
  Loading cached version of road network...
  Loaded cached network in 0.13 seconds.
  Pruning scenario...
  Pruned scenario in 2.861e-05 seconds.
Scenario constructed in 1.43 seconds.
  Connecting to CARLA on port 2000
  Map loaded in simulator.
  Generated scene in 1 iterations, 0.01084 seconds.
  Beginning simulation of top-level scenario...
  Ran simulation in 27.8 seconds.
Beginning scenario construction...
pygame 2.6.1 (SDL 2.28.4, Python 3.10.12)
Hello from the pygame community. https://www.pygame.org/contribute.html
  Loading cached version of road network...
  Loaded cached network in 0.13 seconds.
  Pruning scenario...
  Pruned scenario in 2.694e-05 seconds.
Scenario constructed in 1.44 seconds.
  Connecting to CARLA on port 2000
  Map loaded in simulator.
  Generated scene in 1 iterations, 0.01122 seconds.
  Beginning simulation of top-level scenario...
  Ran simulation in 28.37 seconds.
Beginning scenario construction...
pygame 2.6.1 (SDL 2.28.4, Python 3.10.12)
Hello from the pygame community. https://www.pygame.org/contribute.html
  Loading cached version of road network...
  Loaded cached network in 0.14 seconds.
  Pruning scenario...
  Pruned scenario in 2.766e-05 seconds.
Scenario constructed in 1.46 seconds.
  Connecting to CARLA on port 2000
  Map loaded in simulator.
  Generated scene in 1 iterations, 0.01107 seconds.
  Beginning simulation of top-level scenario...
  Ran simulation in 29.02 seconds.
Beginning scenario construction...
pygame 2.6.1 (SDL 2.28.4, Python 3.10.12)
Hello from the pygame community. https://www.pygame.org/contribute.html
  Loading cached version of road network...
  Loaded cached network in 0.14 seconds.
  Pruning scenario...
  Pruned scenario in 3.028e-05 seconds.
Scenario constructed in 1.47 seconds.
  Connecting to CARLA on port 2000
  Map loaded in simulator.
  Generated scene in 1 iterations, 0.01125 seconds.
  Beginning simulation of top-level scenario...
  Ran simulation in 28.08 seconds.
Beginning scenario construction...
pygame 2.6.1 (SDL 2.28.4, Python 3.10.12)
Hello from the pygame community. https://www.pygame.org/contribute.html
  Loading cached version of road network...
  Loaded cached network in 0.14 seconds.
  Pruning scenario...
  Pruned scenario in 3.147e-05 seconds.
Scenario constructed in 1.47 seconds.
  Connecting to CARLA on port 2000
  Map loaded in simulator.
  Generated scene in 1 iterations, 0.01116 seconds.
  Beginning simulation of top-level scenario...
  Ran simulation in 28.6 seconds.
Beginning scenario construction...
pygame 2.6.1 (SDL 2.28.4, Python 3.10.12)
Hello from the pygame community. https://www.pygame.org/contribute.html
  Loading cached version of road network...
  Loaded cached network in 0.14 seconds.
  Pruning scenario...
  Pruned scenario in 2.551e-05 seconds.
Scenario constructed in 1.46 seconds.
  Connecting to CARLA on port 2000
  Map loaded in simulator.
  Generated scene in 1 iterations, 0.01118 seconds.
  Beginning simulation of top-level scenario...
  Ran simulation in 28.72 seconds.
Beginning scenario construction...
pygame 2.6.1 (SDL 2.28.4, Python 3.10.12)
Hello from the pygame community. https://www.pygame.org/contribute.html
  Loading cached version of road network...
  Loaded cached network in 0.14 seconds.
  Pruning scenario...
  Pruned scenario in 2.551e-05 seconds.
Scenario constructed in 1.47 seconds.
  Connecting to CARLA on port 2000
  Map loaded in simulator.
  Generated scene in 1 iterations, 0.01091 seconds.
  Beginning simulation of top-level scenario...
  Ran simulation in 27.7 seconds.
Beginning scenario construction...
pygame 2.6.1 (SDL 2.28.4, Python 3.10.12)
Hello from the pygame community. https://www.pygame.org/contribute.html
  Loading cached version of road network...
  Loaded cached network in 0.13 seconds.
  Pruning scenario...
  Pruned scenario in 2.646e-05 seconds.
Scenario constructed in 1.42 seconds.
  Connecting to CARLA on port 2000
  Map loaded in simulator.
  Generated scene in 1 iterations, 0.01109 seconds.
  Beginning simulation of top-level scenario...
  Ran simulation in 27.79 seconds.
Beginning scenario construction...
pygame 2.6.1 (SDL 2.28.4, Python 3.10.12)
Hello from the pygame community. https://www.pygame.org/contribute.html
  Loading cached version of road network...
  Loaded cached network in 0.14 seconds.
  Pruning scenario...
  Pruned scenario in 2.766e-05 seconds.
Scenario constructed in 1.44 seconds.
  Connecting to CARLA on port 2000
  Map loaded in simulator.
  Generated scene in 1 iterations, 0.01077 seconds.
  Beginning simulation of top-level scenario...
  Ran simulation in 27.8 seconds.
Beginning scenario construction...
pygame 2.6.1 (SDL 2.28.4, Python 3.10.12)
Hello from the pygame community. https://www.pygame.org/contribute.html
  Loading cached version of road network...
  Loaded cached network in 0.14 seconds.
  Pruning scenario...
  Pruned scenario in 2.718e-05 seconds.
Scenario constructed in 1.46 seconds.
  Connecting to CARLA on port 2000
  Map loaded in simulator.
  Generated scene in 1 iterations, 0.01095 seconds.
  Beginning simulation of top-level scenario...
  Ran simulation in 31.15 seconds.
Beginning scenario construction...
pygame 2.6.1 (SDL 2.28.4, Python 3.10.12)
Hello from the pygame community. https://www.pygame.org/contribute.html
  Loading cached version of road network...
  Loaded cached network in 0.14 seconds.
  Pruning scenario...
  Pruned scenario in 3.076e-05 seconds.
Scenario constructed in 1.47 seconds.
  Connecting to CARLA on port 2000
  Map loaded in simulator.
  Generated scene in 1 iterations, 0.01095 seconds.
  Beginning simulation of top-level scenario...
  Ran simulation in 28.88 seconds.
Beginning scenario construction...
pygame 2.6.1 (SDL 2.28.4, Python 3.10.12)
Hello from the pygame community. https://www.pygame.org/contribute.html
  Loading cached version of road network...
  Loaded cached network in 0.14 seconds.
  Pruning scenario...
  Pruned scenario in 2.956e-05 seconds.
Scenario constructed in 1.44 seconds.
  Connecting to CARLA on port 2000
  Map loaded in simulator.
  Generated scene in 1 iterations, 0.01083 seconds.
  Beginning simulation of top-level scenario...
  Ran simulation in 27.92 seconds.
Beginning scenario construction...
pygame 2.6.1 (SDL 2.28.4, Python 3.10.12)
Hello from the pygame community. https://www.pygame.org/contribute.html
  Loading cached version of road network...
  Loaded cached network in 0.14 seconds.
  Pruning scenario...
  Pruned scenario in 2.646e-05 seconds.
Scenario constructed in 1.45 seconds.
  Connecting to CARLA on port 2000
  Map loaded in simulator.
  Generated scene in 1 iterations, 0.01084 seconds.
  Beginning simulation of top-level scenario...
  Ran simulation in 29.71 seconds.
Beginning scenario construction...
pygame 2.6.1 (SDL 2.28.4, Python 3.10.12)
Hello from the pygame community. https://www.pygame.org/contribute.html
  Loading cached version of road network...
  Loaded cached network in 0.13 seconds.
  Pruning scenario...
  Pruned scenario in 2.861e-05 seconds.
Scenario constructed in 1.44 seconds.
  Connecting to CARLA on port 2000
  Map loaded in simulator.
  Generated scene in 1 iterations, 0.011 seconds.
  Beginning simulation of top-level scenario...
  Ran simulation in 27.76 seconds.
Beginning scenario construction...
pygame 2.6.1 (SDL 2.28.4, Python 3.10.12)
Hello from the pygame community. https://www.pygame.org/contribute.html
  Loading cached version of road network...
  Loaded cached network in 0.14 seconds.
  Pruning scenario...
  Pruned scenario in 2.646e-05 seconds.
Scenario constructed in 1.48 seconds.
  Connecting to CARLA on port 2000
  Map loaded in simulator.
  Generated scene in 1 iterations, 0.01116 seconds.
  Beginning simulation of top-level scenario...
  Ran simulation in 28.07 seconds.
Beginning scenario construction...
pygame 2.6.1 (SDL 2.28.4, Python 3.10.12)
Hello from the pygame community. https://www.pygame.org/contribute.html
  Loading cached version of road network...
  Loaded cached network in 0.14 seconds.
  Pruning scenario...
  Pruned scenario in 2.742e-05 seconds.
Scenario constructed in 1.44 seconds.
  Connecting to CARLA on port 2000
  Map loaded in simulator.
  Generated scene in 1 iterations, 0.01123 seconds.
  Beginning simulation of top-level scenario...
  Ran simulation in 27.74 seconds.
Beginning scenario construction...
pygame 2.6.1 (SDL 2.28.4, Python 3.10.12)
Hello from the pygame community. https://www.pygame.org/contribute.html
  Loading cached version of road network...
  Loaded cached network in 0.14 seconds.
  Pruning scenario...
  Pruned scenario in 3.004e-05 seconds.
Scenario constructed in 1.45 seconds.
  Connecting to CARLA on port 2000
  Map loaded in simulator.
  Generated scene in 1 iterations, 0.01133 seconds.
  Beginning simulation of top-level scenario...
  Ran simulation in 28.54 seconds.
Beginning scenario construction...
pygame 2.6.1 (SDL 2.28.4, Python 3.10.12)
Hello from the pygame community. https://www.pygame.org/contribute.html
  Loading cached version of road network...
  Loaded cached network in 0.14 seconds.
  Pruning scenario...
  Pruned scenario in 2.933e-05 seconds.
Scenario constructed in 1.46 seconds.
  Connecting to CARLA on port 2000
  Map loaded in simulator.
  Generated scene in 1 iterations, 0.01105 seconds.
  Beginning simulation of top-level scenario...
  Ran simulation in 29.55 seconds.
Beginning scenario construction...
pygame 2.6.1 (SDL 2.28.4, Python 3.10.12)
Hello from the pygame community. https://www.pygame.org/contribute.html
  Loading cached version of road network...
  Loaded cached network in 0.14 seconds.
  Pruning scenario...
  Pruned scenario in 2.742e-05 seconds.
Scenario constructed in 1.45 seconds.
  Connecting to CARLA on port 2000
  Map loaded in simulator.
  Generated scene in 1 iterations, 0.01052 seconds.
  Beginning simulation of top-level scenario...
  Ran simulation in 29.15 seconds.
Beginning scenario construction...
pygame 2.6.1 (SDL 2.28.4, Python 3.10.12)
Hello from the pygame community. https://www.pygame.org/contribute.html
  Loading cached version of road network...
  Loaded cached network in 0.14 seconds.
  Pruning scenario...
  Pruned scenario in 2.813e-05 seconds.
Scenario constructed in 1.46 seconds.
  Connecting to CARLA on port 2000
  Map loaded in simulator.
  Generated scene in 1 iterations, 0.01091 seconds.
  Beginning simulation of top-level scenario...
  Ran simulation in 27.61 seconds.
Beginning scenario construction...
pygame 2.6.1 (SDL 2.28.4, Python 3.10.12)
Hello from the pygame community. https://www.pygame.org/contribute.html
  Loading cached version of road network...
  Loaded cached network in 0.13 seconds.
  Pruning scenario...
  Pruned scenario in 2.813e-05 seconds.
Scenario constructed in 1.43 seconds.
  Connecting to CARLA on port 2000
  Map loaded in simulator.
  Generated scene in 1 iterations, 0.01085 seconds.
  Beginning simulation of top-level scenario...
  Ran simulation in 27.79 seconds.
Beginning scenario construction...
pygame 2.6.1 (SDL 2.28.4, Python 3.10.12)
Hello from the pygame community. https://www.pygame.org/contribute.html
  Loading cached version of road network...
  Loaded cached network in 0.13 seconds.
  Pruning scenario...
  Pruned scenario in 2.861e-05 seconds.
Scenario constructed in 1.44 seconds.
  Connecting to CARLA on port 2000
  Map loaded in simulator.
  Generated scene in 1 iterations, 0.01093 seconds.
  Beginning simulation of top-level scenario...
  Ran simulation in 27.71 seconds.
Beginning scenario construction...
pygame 2.6.1 (SDL 2.28.4, Python 3.10.12)
Hello from the pygame community. https://www.pygame.org/contribute.html
  Loading cached version of road network...
  Loaded cached network in 0.14 seconds.
  Pruning scenario...
  Pruned scenario in 2.718e-05 seconds.
Scenario constructed in 1.43 seconds.
  Connecting to CARLA on port 2000
  Map loaded in simulator.
  Generated scene in 1 iterations, 0.01083 seconds.
  Beginning simulation of top-level scenario...
  Ran simulation in 27.81 seconds.
Beginning scenario construction...
pygame 2.6.1 (SDL 2.28.4, Python 3.10.12)
Hello from the pygame community. https://www.pygame.org/contribute.html
  Loading cached version of road network...
  Loaded cached network in 0.14 seconds.
  Pruning scenario...
  Pruned scenario in 2.789e-05 seconds.
Scenario constructed in 1.46 seconds.
  Connecting to CARLA on port 2000
  Map loaded in simulator.
  Generated scene in 1 iterations, 0.01091 seconds.
  Beginning simulation of top-level scenario...
  Ran simulation in 27.75 seconds.
Beginning scenario construction...
pygame 2.6.1 (SDL 2.28.4, Python 3.10.12)
Hello from the pygame community. https://www.pygame.org/contribute.html
  Loading cached version of road network...
  Loaded cached network in 0.13 seconds.
  Pruning scenario...
  Pruned scenario in 3.004e-05 seconds.
Scenario constructed in 1.43 seconds.
  Connecting to CARLA on port 2000
  Map loaded in simulator.
  Generated scene in 1 iterations, 0.01127 seconds.
  Beginning simulation of top-level scenario...
  Ran simulation in 28.79 seconds.
Beginning scenario construction...
pygame 2.6.1 (SDL 2.28.4, Python 3.10.12)
Hello from the pygame community. https://www.pygame.org/contribute.html
  Loading cached version of road network...
  Loaded cached network in 0.13 seconds.
  Pruning scenario...
  Pruned scenario in 2.933e-05 seconds.
Scenario constructed in 1.45 seconds.
  Connecting to CARLA on port 2000
  Map loaded in simulator.
  Generated scene in 1 iterations, 0.01089 seconds.
  Beginning simulation of top-level scenario...
  Ran simulation in 27.83 seconds.
Beginning scenario construction...
pygame 2.6.1 (SDL 2.28.4, Python 3.10.12)
Hello from the pygame community. https://www.pygame.org/contribute.html
  Loading cached version of road network...
  Loaded cached network in 0.13 seconds.
  Pruning scenario...
  Pruned scenario in 2.718e-05 seconds.
Scenario constructed in 1.44 seconds.
  Connecting to CARLA on port 2000
  Map loaded in simulator.
  Generated scene in 1 iterations, 0.01118 seconds.
  Beginning simulation of top-level scenario...
  Ran simulation in 30.51 seconds.
Beginning scenario construction...
pygame 2.6.1 (SDL 2.28.4, Python 3.10.12)
Hello from the pygame community. https://www.pygame.org/contribute.html
  Loading cached version of road network...
  Loaded cached network in 0.13 seconds.
  Pruning scenario...
  Pruned scenario in 3.004e-05 seconds.
Scenario constructed in 1.44 seconds.
  Connecting to CARLA on port 2000
  Map loaded in simulator.
  Generated scene in 1 iterations, 0.01104 seconds.
  Beginning simulation of top-level scenario...
  Ran simulation in 27.5 seconds.
Beginning scenario construction...
pygame 2.6.1 (SDL 2.28.4, Python 3.10.12)
Hello from the pygame community. https://www.pygame.org/contribute.html
  Loading cached version of road network...
  Loaded cached network in 0.14 seconds.
  Pruning scenario...
  Pruned scenario in 3.028e-05 seconds.
Scenario constructed in 1.45 seconds.
  Connecting to CARLA on port 2000
  Map loaded in simulator.
  Generated scene in 1 iterations, 0.01092 seconds.
  Beginning simulation of top-level scenario...
  Ran simulation in 29.54 seconds.
Beginning scenario construction...
pygame 2.6.1 (SDL 2.28.4, Python 3.10.12)
Hello from the pygame community. https://www.pygame.org/contribute.html
  Loading cached version of road network...
  Loaded cached network in 0.13 seconds.
  Pruning scenario...
  Pruned scenario in 2.646e-05 seconds.
Scenario constructed in 1.45 seconds.
  Connecting to CARLA on port 2000
  Map loaded in simulator.
  Generated scene in 1 iterations, 0.01105 seconds.
  Beginning simulation of top-level scenario...
  Ran simulation in 27.36 seconds.
Beginning scenario construction...
pygame 2.6.1 (SDL 2.28.4, Python 3.10.12)
Hello from the pygame community. https://www.pygame.org/contribute.html
  Loading cached version of road network...
  Loaded cached network in 0.14 seconds.
  Pruning scenario...
  Pruned scenario in 2.67e-05 seconds.
Scenario constructed in 1.44 seconds.
  Connecting to CARLA on port 2000
  Map loaded in simulator.
  Generated scene in 1 iterations, 0.01114 seconds.
  Beginning simulation of top-level scenario...
  Ran simulation in 28.59 seconds.
Beginning scenario construction...
pygame 2.6.1 (SDL 2.28.4, Python 3.10.12)
Hello from the pygame community. https://www.pygame.org/contribute.html
  Loading cached version of road network...
  Loaded cached network in 0.14 seconds.
  Pruning scenario...
  Pruned scenario in 3.171e-05 seconds.
Scenario constructed in 1.44 seconds.
  Connecting to CARLA on port 2000
  Map loaded in simulator.
  Generated scene in 1 iterations, 0.01074 seconds.
  Beginning simulation of top-level scenario...
  Ran simulation in 27.53 seconds.
Beginning scenario construction...
pygame 2.6.1 (SDL 2.28.4, Python 3.10.12)
Hello from the pygame community. https://www.pygame.org/contribute.html
  Loading cached version of road network...
  Loaded cached network in 0.14 seconds.
  Pruning scenario...
  Pruned scenario in 2.456e-05 seconds.
Scenario constructed in 1.43 seconds.
  Connecting to CARLA on port 2000
  Map loaded in simulator.
  Generated scene in 1 iterations, 0.011 seconds.
  Beginning simulation of top-level scenario...
  Ran simulation in 28.46 seconds.
Beginning scenario construction...
pygame 2.6.1 (SDL 2.28.4, Python 3.10.12)
Hello from the pygame community. https://www.pygame.org/contribute.html
  Loading cached version of road network...
  Loaded cached network in 0.13 seconds.
  Pruning scenario...
  Pruned scenario in 2.813e-05 seconds.
Scenario constructed in 1.46 seconds.
  Connecting to CARLA on port 2000
  Map loaded in simulator.
  Generated scene in 1 iterations, 0.01094 seconds.
  Beginning simulation of top-level scenario...
  Ran simulation in 29.01 seconds.
Beginning scenario construction...
pygame 2.6.1 (SDL 2.28.4, Python 3.10.12)
Hello from the pygame community. https://www.pygame.org/contribute.html
  Loading cached version of road network...
  Loaded cached network in 0.13 seconds.
  Pruning scenario...
  Pruned scenario in 2.956e-05 seconds.
Scenario constructed in 1.44 seconds.
  Connecting to CARLA on port 2000
  Map loaded in simulator.
  Generated scene in 1 iterations, 0.01104 seconds.
  Beginning simulation of top-level scenario...
  Ran simulation in 30.33 seconds.
Beginning scenario construction...
pygame 2.6.1 (SDL 2.28.4, Python 3.10.12)
Hello from the pygame community. https://www.pygame.org/contribute.html
  Loading cached version of road network...
  Loaded cached network in 0.13 seconds.
  Pruning scenario...
  Pruned scenario in 2.766e-05 seconds.
Scenario constructed in 1.61 seconds.
  Connecting to CARLA on port 2000
  Map loaded in simulator.
  Generated scene in 1 iterations, 0.01078 seconds.
  Beginning simulation of top-level scenario...
  Ran simulation in 27.62 seconds.
Beginning scenario construction...
pygame 2.6.1 (SDL 2.28.4, Python 3.10.12)
Hello from the pygame community. https://www.pygame.org/contribute.html
  Loading cached version of road network...
  Loaded cached network in 0.14 seconds.
  Pruning scenario...
  Pruned scenario in 2.813e-05 seconds.
Scenario constructed in 1.45 seconds.
  Connecting to CARLA on port 2000
  Map loaded in simulator.
  Generated scene in 1 iterations, 0.01083 seconds.
  Beginning simulation of top-level scenario...
  Ran simulation in 28.02 seconds.
Beginning scenario construction...
pygame 2.6.1 (SDL 2.28.4, Python 3.10.12)
Hello from the pygame community. https://www.pygame.org/contribute.html
  Loading cached version of road network...
  Loaded cached network in 0.14 seconds.
  Pruning scenario...
  Pruned scenario in 2.909e-05 seconds.
Scenario constructed in 1.45 seconds.
  Connecting to CARLA on port 2000
  Map loaded in simulator.
  Generated scene in 1 iterations, 0.01069 seconds.
  Beginning simulation of top-level scenario...
  Ran simulation in 27.8 seconds.
Beginning scenario construction...
pygame 2.6.1 (SDL 2.28.4, Python 3.10.12)
Hello from the pygame community. https://www.pygame.org/contribute.html
  Loading cached version of road network...
  Loaded cached network in 0.13 seconds.
  Pruning scenario...
  Pruned scenario in 3.171e-05 seconds.
Scenario constructed in 1.44 seconds.
  Connecting to CARLA on port 2000
  Map loaded in simulator.
  Generated scene in 1 iterations, 0.01097 seconds.
  Beginning simulation of top-level scenario...
  Ran simulation in 29.14 seconds.
Beginning scenario construction...
pygame 2.6.1 (SDL 2.28.4, Python 3.10.12)
Hello from the pygame community. https://www.pygame.org/contribute.html
  Loading cached version of road network...
  Loaded cached network in 0.13 seconds.
  Pruning scenario...
  Pruned scenario in 3.123e-05 seconds.
Scenario constructed in 1.43 seconds.
  Connecting to CARLA on port 2000
  Map loaded in simulator.
  Generated scene in 1 iterations, 0.01093 seconds.
  Beginning simulation of top-level scenario...
  Ran simulation in 28.49 seconds.
Beginning scenario construction...
pygame 2.6.1 (SDL 2.28.4, Python 3.10.12)
Hello from the pygame community. https://www.pygame.org/contribute.html
  Loading cached version of road network...
  Loaded cached network in 0.13 seconds.
  Pruning scenario...
  Pruned scenario in 2.837e-05 seconds.
Scenario constructed in 1.43 seconds.
  Connecting to CARLA on port 2000
  Map loaded in simulator.
  Generated scene in 1 iterations, 0.01088 seconds.
  Beginning simulation of top-level scenario...
  Ran simulation in 28.03 seconds.
Beginning scenario construction...
pygame 2.6.1 (SDL 2.28.4, Python 3.10.12)
Hello from the pygame community. https://www.pygame.org/contribute.html
  Loading cached version of road network...
  Loaded cached network in 0.14 seconds.
  Pruning scenario...
  Pruned scenario in 2.527e-05 seconds.
Scenario constructed in 1.44 seconds.
  Connecting to CARLA on port 2000
  Map loaded in simulator.
  Generated scene in 1 iterations, 0.01115 seconds.
  Beginning simulation of top-level scenario...
  Ran simulation in 27.74 seconds.
Beginning scenario construction...
pygame 2.6.1 (SDL 2.28.4, Python 3.10.12)
Hello from the pygame community. https://www.pygame.org/contribute.html
  Loading cached version of road network...
  Loaded cached network in 0.13 seconds.
  Pruning scenario...
  Pruned scenario in 3.028e-05 seconds.
Scenario constructed in 1.42 seconds.
  Connecting to CARLA on port 2000
  Map loaded in simulator.
  Generated scene in 1 iterations, 0.01092 seconds.
  Beginning simulation of top-level scenario...
  Ran simulation in 28.41 seconds.
Beginning scenario construction...
pygame 2.6.1 (SDL 2.28.4, Python 3.10.12)
Hello from the pygame community. https://www.pygame.org/contribute.html
  Loading cached version of road network...
  Loaded cached network in 0.14 seconds.
  Pruning scenario...
  Pruned scenario in 3.338e-05 seconds.
Scenario constructed in 1.46 seconds.
  Connecting to CARLA on port 2000
  Map loaded in simulator.
  Generated scene in 1 iterations, 0.01101 seconds.
  Beginning simulation of top-level scenario...
  Ran simulation in 28.47 seconds.
Beginning scenario construction...
pygame 2.6.1 (SDL 2.28.4, Python 3.10.12)
Hello from the pygame community. https://www.pygame.org/contribute.html
  Loading cached version of road network...
  Loaded cached network in 0.13 seconds.
  Pruning scenario...
  Pruned scenario in 2.646e-05 seconds.
Scenario constructed in 1.46 seconds.
  Connecting to CARLA on port 2000
  Map loaded in simulator.
  Generated scene in 1 iterations, 0.01084 seconds.
  Beginning simulation of top-level scenario...
  Ran simulation in 30.68 seconds.
Beginning scenario construction...
pygame 2.6.1 (SDL 2.28.4, Python 3.10.12)
Hello from the pygame community. https://www.pygame.org/contribute.html
  Loading cached version of road network...
  Loaded cached network in 0.14 seconds.
  Pruning scenario...
  Pruned scenario in 2.575e-05 seconds.
Scenario constructed in 1.45 seconds.
  Connecting to CARLA on port 2000
  Map loaded in simulator.
  Generated scene in 1 iterations, 0.01082 seconds.
  Beginning simulation of top-level scenario...
  Ran simulation in 28.52 seconds.
Beginning scenario construction...
pygame 2.6.1 (SDL 2.28.4, Python 3.10.12)
Hello from the pygame community. https://www.pygame.org/contribute.html
  Loading cached version of road network...
  Loaded cached network in 0.14 seconds.
  Pruning scenario...
  Pruned scenario in 2.575e-05 seconds.
Scenario constructed in 1.48 seconds.
  Connecting to CARLA on port 2000
  Map loaded in simulator.
  Generated scene in 1 iterations, 0.01097 seconds.
  Beginning simulation of top-level scenario...
  Ran simulation in 29.53 seconds.
Beginning scenario construction...
pygame 2.6.1 (SDL 2.28.4, Python 3.10.12)
Hello from the pygame community. https://www.pygame.org/contribute.html
  Loading cached version of road network...
  Loaded cached network in 0.13 seconds.
  Pruning scenario...
  Pruned scenario in 2.718e-05 seconds.
Scenario constructed in 1.44 seconds.
  Connecting to CARLA on port 2000
  Map loaded in simulator.
  Generated scene in 1 iterations, 0.01083 seconds.
  Beginning simulation of top-level scenario...
  Ran simulation in 27.08 seconds.
Beginning scenario construction...
pygame 2.6.1 (SDL 2.28.4, Python 3.10.12)
Hello from the pygame community. https://www.pygame.org/contribute.html
  Loading cached version of road network...
  Loaded cached network in 0.13 seconds.
  Pruning scenario...
  Pruned scenario in 2.694e-05 seconds.
Scenario constructed in 1.44 seconds.
  Connecting to CARLA on port 2000
  Map loaded in simulator.
  Generated scene in 1 iterations, 0.01088 seconds.
  Beginning simulation of top-level scenario...
  Ran simulation in 28.99 seconds.
Beginning scenario construction...
pygame 2.6.1 (SDL 2.28.4, Python 3.10.12)
Hello from the pygame community. https://www.pygame.org/contribute.html
  Loading cached version of road network...
  Loaded cached network in 0.14 seconds.
  Pruning scenario...
  Pruned scenario in 2.623e-05 seconds.
Scenario constructed in 1.44 seconds.
  Connecting to CARLA on port 2000
  Map loaded in simulator.
  Generated scene in 1 iterations, 0.011 seconds.
  Beginning simulation of top-level scenario...
  Ran simulation in 28.78 seconds.
Beginning scenario construction...
pygame 2.6.1 (SDL 2.28.4, Python 3.10.12)
Hello from the pygame community. https://www.pygame.org/contribute.html
  Loading cached version of road network...
  Loaded cached network in 0.14 seconds.
  Pruning scenario...
  Pruned scenario in 2.909e-05 seconds.
Scenario constructed in 1.44 seconds.
  Connecting to CARLA on port 2000
  Map loaded in simulator.
  Generated scene in 1 iterations, 0.01088 seconds.
  Beginning simulation of top-level scenario...
  Ran simulation in 28.32 seconds.
Beginning scenario construction...
pygame 2.6.1 (SDL 2.28.4, Python 3.10.12)
Hello from the pygame community. https://www.pygame.org/contribute.html
  Loading cached version of road network...
  Loaded cached network in 0.13 seconds.
  Pruning scenario...
  Pruned scenario in 2.623e-05 seconds.
Scenario constructed in 1.44 seconds.
  Connecting to CARLA on port 2000
  Map loaded in simulator.
  Generated scene in 1 iterations, 0.01084 seconds.
  Beginning simulation of top-level scenario...
  Ran simulation in 28.79 seconds.
Beginning scenario construction...
pygame 2.6.1 (SDL 2.28.4, Python 3.10.12)
Hello from the pygame community. https://www.pygame.org/contribute.html
  Loading cached version of road network...
  Loaded cached network in 0.13 seconds.
  Pruning scenario...
  Pruned scenario in 3.004e-05 seconds.
Scenario constructed in 1.45 seconds.
  Connecting to CARLA on port 2000
  Map loaded in simulator.
  Generated scene in 1 iterations, 0.0108 seconds.
  Beginning simulation of top-level scenario...
  Ran simulation in 26.61 seconds.
Beginning scenario construction...
pygame 2.6.1 (SDL 2.28.4, Python 3.10.12)
Hello from the pygame community. https://www.pygame.org/contribute.html
  Loading cached version of road network...
  Loaded cached network in 0.13 seconds.
  Pruning scenario...
  Pruned scenario in 3.123e-05 seconds.
Scenario constructed in 1.44 seconds.
  Connecting to CARLA on port 2000
  Map loaded in simulator.
  Generated scene in 1 iterations, 0.01092 seconds.
  Beginning simulation of top-level scenario...
  Ran simulation in 29.75 seconds.
Beginning scenario construction...
pygame 2.6.1 (SDL 2.28.4, Python 3.10.12)
Hello from the pygame community. https://www.pygame.org/contribute.html
  Loading cached version of road network...
  Loaded cached network in 0.14 seconds.
  Pruning scenario...
  Pruned scenario in 2.813e-05 seconds.
Scenario constructed in 1.43 seconds.
  Connecting to CARLA on port 2000
  Map loaded in simulator.
  Generated scene in 1 iterations, 0.01092 seconds.
  Beginning simulation of top-level scenario...
  Ran simulation in 27.78 seconds.
Beginning scenario construction...
pygame 2.6.1 (SDL 2.28.4, Python 3.10.12)
Hello from the pygame community. https://www.pygame.org/contribute.html
  Loading cached version of road network...
  Loaded cached network in 0.13 seconds.
  Pruning scenario...
  Pruned scenario in 2.933e-05 seconds.
Scenario constructed in 1.47 seconds.
  Connecting to CARLA on port 2000
  Map loaded in simulator.
  Generated scene in 1 iterations, 0.01116 seconds.
  Beginning simulation of top-level scenario...
  Ran simulation in 30.47 seconds.
Beginning scenario construction...
pygame 2.6.1 (SDL 2.28.4, Python 3.10.12)
Hello from the pygame community. https://www.pygame.org/contribute.html
  Loading cached version of road network...
  Loaded cached network in 0.14 seconds.
  Pruning scenario...
  Pruned scenario in 3.076e-05 seconds.
Scenario constructed in 1.45 seconds.
  Connecting to CARLA on port 2000
  Map loaded in simulator.
  Generated scene in 1 iterations, 0.01108 seconds.
  Beginning simulation of top-level scenario...
  Ran simulation in 28.24 seconds.
Beginning scenario construction...
pygame 2.6.1 (SDL 2.28.4, Python 3.10.12)
Hello from the pygame community. https://www.pygame.org/contribute.html
  Loading cached version of road network...
  Loaded cached network in 0.13 seconds.
  Pruning scenario...
  Pruned scenario in 3.052e-05 seconds.
Scenario constructed in 1.44 seconds.
  Connecting to CARLA on port 2000
  Map loaded in simulator.
  Generated scene in 1 iterations, 0.01099 seconds.
  Beginning simulation of top-level scenario...
  Ran simulation in 28.14 seconds.
Beginning scenario construction...
pygame 2.6.1 (SDL 2.28.4, Python 3.10.12)
Hello from the pygame community. https://www.pygame.org/contribute.html
  Loading cached version of road network...
  Loaded cached network in 0.13 seconds.
  Pruning scenario...
  Pruned scenario in 3.076e-05 seconds.
Scenario constructed in 1.42 seconds.
  Connecting to CARLA on port 2000
  Map loaded in simulator.
  Generated scene in 1 iterations, 0.01083 seconds.
  Beginning simulation of top-level scenario...
  Ran simulation in 28.04 seconds.
Beginning scenario construction...
pygame 2.6.1 (SDL 2.28.4, Python 3.10.12)
Hello from the pygame community. https://www.pygame.org/contribute.html
  Loading cached version of road network...
  Loaded cached network in 0.13 seconds.
  Pruning scenario...
  Pruned scenario in 2.623e-05 seconds.
Scenario constructed in 1.45 seconds.
  Connecting to CARLA on port 2000
  Map loaded in simulator.
  Generated scene in 1 iterations, 0.01099 seconds.
  Beginning simulation of top-level scenario...
  Ran simulation in 30.46 seconds.
Beginning scenario construction...
pygame 2.6.1 (SDL 2.28.4, Python 3.10.12)
Hello from the pygame community. https://www.pygame.org/contribute.html
  Loading cached version of road network...
  Loaded cached network in 0.13 seconds.
  Pruning scenario...
  Pruned scenario in 2.67e-05 seconds.
Scenario constructed in 1.45 seconds.
  Connecting to CARLA on port 2000
  Map loaded in simulator.
  Generated scene in 1 iterations, 0.0109 seconds.
  Beginning simulation of top-level scenario...
  Ran simulation in 28.16 seconds.
Beginning scenario construction...
pygame 2.6.1 (SDL 2.28.4, Python 3.10.12)
Hello from the pygame community. https://www.pygame.org/contribute.html
  Loading cached version of road network...
  Loaded cached network in 0.14 seconds.
  Pruning scenario...
  Pruned scenario in 3.099e-05 seconds.
Scenario constructed in 1.45 seconds.
  Connecting to CARLA on port 2000
  Map loaded in simulator.
  Generated scene in 1 iterations, 0.01108 seconds.
  Beginning simulation of top-level scenario...
  Ran simulation in 30.45 seconds.
Beginning scenario construction...
pygame 2.6.1 (SDL 2.28.4, Python 3.10.12)
Hello from the pygame community. https://www.pygame.org/contribute.html
  Loading cached version of road network...
  Loaded cached network in 0.13 seconds.
  Pruning scenario...
  Pruned scenario in 2.718e-05 seconds.
Scenario constructed in 1.43 seconds.
  Connecting to CARLA on port 2000
  Map loaded in simulator.
  Generated scene in 1 iterations, 0.01088 seconds.
  Beginning simulation of top-level scenario...
  Ran simulation in 30.72 seconds.
Beginning scenario construction...
pygame 2.6.1 (SDL 2.28.4, Python 3.10.12)
Hello from the pygame community. https://www.pygame.org/contribute.html
  Loading cached version of road network...
  Loaded cached network in 0.13 seconds.
  Pruning scenario...
  Pruned scenario in 2.742e-05 seconds.
Scenario constructed in 1.46 seconds.
  Connecting to CARLA on port 2000
  Map loaded in simulator.
  Generated scene in 1 iterations, 0.01099 seconds.
  Beginning simulation of top-level scenario...
  Ran simulation in 30.65 seconds.
Beginning scenario construction...
pygame 2.6.1 (SDL 2.28.4, Python 3.10.12)
Hello from the pygame community. https://www.pygame.org/contribute.html
  Loading cached version of road network...
  Loaded cached network in 0.13 seconds.
  Pruning scenario...
  Pruned scenario in 2.67e-05 seconds.
Scenario constructed in 1.47 seconds.
  Connecting to CARLA on port 2000
  Map loaded in simulator.
  Generated scene in 1 iterations, 0.01091 seconds.
  Beginning simulation of top-level scenario...
  Ran simulation in 28.08 seconds.
Beginning scenario construction...
pygame 2.6.1 (SDL 2.28.4, Python 3.10.12)
Hello from the pygame community. https://www.pygame.org/contribute.html
  Loading cached version of road network...
  Loaded cached network in 0.14 seconds.
  Pruning scenario...
  Pruned scenario in 2.694e-05 seconds.
Scenario constructed in 1.43 seconds.
  Connecting to CARLA on port 2000
  Map loaded in simulator.
  Generated scene in 1 iterations, 0.0108 seconds.
  Beginning simulation of top-level scenario...
  Ran simulation in 28.47 seconds.
Beginning scenario construction...
pygame 2.6.1 (SDL 2.28.4, Python 3.10.12)
Hello from the pygame community. https://www.pygame.org/contribute.html
  Loading cached version of road network...
  Loaded cached network in 0.13 seconds.
  Pruning scenario...
  Pruned scenario in 2.694e-05 seconds.
Scenario constructed in 1.45 seconds.
  Connecting to CARLA on port 2000
  Map loaded in simulator.
  Generated scene in 1 iterations, 0.01089 seconds.
  Beginning simulation of top-level scenario...
  Ran simulation in 27.86 seconds.
Beginning scenario construction...
pygame 2.6.1 (SDL 2.28.4, Python 3.10.12)
Hello from the pygame community. https://www.pygame.org/contribute.html
  Loading cached version of road network...
  Loaded cached network in 0.13 seconds.
  Pruning scenario...
  Pruned scenario in 2.909e-05 seconds.
Scenario constructed in 1.45 seconds.
  Connecting to CARLA on port 2000
  Map loaded in simulator.
  Generated scene in 1 iterations, 0.01116 seconds.
  Beginning simulation of top-level scenario...
  Ran simulation in 30.26 seconds.
Beginning scenario construction...
pygame 2.6.1 (SDL 2.28.4, Python 3.10.12)
Hello from the pygame community. https://www.pygame.org/contribute.html
  Loading cached version of road network...
  Loaded cached network in 0.14 seconds.
  Pruning scenario...
  Pruned scenario in 3.123e-05 seconds.
Scenario constructed in 1.47 seconds.
  Connecting to CARLA on port 2000
  Map loaded in simulator.
  Generated scene in 1 iterations, 0.01111 seconds.
  Beginning simulation of top-level scenario...
  Ran simulation in 29.47 seconds.
Beginning scenario construction...
pygame 2.6.1 (SDL 2.28.4, Python 3.10.12)
Hello from the pygame community. https://www.pygame.org/contribute.html
  Loading cached version of road network...
  Loaded cached network in 0.13 seconds.
  Pruning scenario...
  Pruned scenario in 2.861e-05 seconds.
Scenario constructed in 1.42 seconds.
  Connecting to CARLA on port 2000
  Map loaded in simulator.
  Generated scene in 1 iterations, 0.01113 seconds.
  Beginning simulation of top-level scenario...
  Ran simulation in 29.3 seconds.
Beginning scenario construction...
pygame 2.6.1 (SDL 2.28.4, Python 3.10.12)
Hello from the pygame community. https://www.pygame.org/contribute.html
  Loading cached version of road network...
  Loaded cached network in 0.13 seconds.
  Pruning scenario...
  Pruned scenario in 2.623e-05 seconds.
Scenario constructed in 1.47 seconds.
  Connecting to CARLA on port 2000
  Map loaded in simulator.
  Generated scene in 1 iterations, 0.01096 seconds.
  Beginning simulation of top-level scenario...
  Ran simulation in 29.42 seconds.
Beginning scenario construction...
pygame 2.6.1 (SDL 2.28.4, Python 3.10.12)
Hello from the pygame community. https://www.pygame.org/contribute.html
  Loading cached version of road network...
  Loaded cached network in 0.14 seconds.
  Pruning scenario...
  Pruned scenario in 2.599e-05 seconds.
Scenario constructed in 1.44 seconds.
  Connecting to CARLA on port 2000
  Map loaded in simulator.
  Generated scene in 1 iterations, 0.01088 seconds.
  Beginning simulation of top-level scenario...
  Ran simulation in 30.19 seconds.
Beginning scenario construction...
pygame 2.6.1 (SDL 2.28.4, Python 3.10.12)
Hello from the pygame community. https://www.pygame.org/contribute.html
  Loading cached version of road network...
  Loaded cached network in 0.14 seconds.
  Pruning scenario...
  Pruned scenario in 3.004e-05 seconds.
Scenario constructed in 1.45 seconds.
  Connecting to CARLA on port 2000
  Map loaded in simulator.
  Generated scene in 1 iterations, 0.01091 seconds.
  Beginning simulation of top-level scenario...
  Ran simulation in 28.36 seconds.
Beginning scenario construction...
pygame 2.6.1 (SDL 2.28.4, Python 3.10.12)
Hello from the pygame community. https://www.pygame.org/contribute.html
  Loading cached version of road network...
  Loaded cached network in 0.14 seconds.
  Pruning scenario...
  Pruned scenario in 3.004e-05 seconds.
Scenario constructed in 1.46 seconds.
  Connecting to CARLA on port 2000
  Map loaded in simulator.
  Generated scene in 1 iterations, 0.01126 seconds.
  Beginning simulation of top-level scenario...
  Ran simulation in 31.42 seconds.
Beginning scenario construction...
pygame 2.6.1 (SDL 2.28.4, Python 3.10.12)
Hello from the pygame community. https://www.pygame.org/contribute.html
  Loading cached version of road network...
  Loaded cached network in 0.13 seconds.
  Pruning scenario...
  Pruned scenario in 2.742e-05 seconds.
Scenario constructed in 1.46 seconds.
  Connecting to CARLA on port 2000
  Map loaded in simulator.
  Generated scene in 1 iterations, 0.01073 seconds.
  Beginning simulation of top-level scenario...
  Ran simulation in 30.35 seconds.
Beginning scenario construction...
pygame 2.6.1 (SDL 2.28.4, Python 3.10.12)
Hello from the pygame community. https://www.pygame.org/contribute.html
  Loading cached version of road network...
  Loaded cached network in 0.14 seconds.
  Pruning scenario...
  Pruned scenario in 2.956e-05 seconds.
Scenario constructed in 1.43 seconds.
  Connecting to CARLA on port 2000
  Map loaded in simulator.
  Generated scene in 1 iterations, 0.01095 seconds.
  Beginning simulation of top-level scenario...
  Ran simulation in 29.8 seconds.
Beginning scenario construction...
pygame 2.6.1 (SDL 2.28.4, Python 3.10.12)
Hello from the pygame community. https://www.pygame.org/contribute.html
  Loading cached version of road network...
  Loaded cached network in 0.13 seconds.
  Pruning scenario...
  Pruned scenario in 2.599e-05 seconds.
Scenario constructed in 1.42 seconds.
  Connecting to CARLA on port 2000
  Map loaded in simulator.
  Generated scene in 1 iterations, 0.01102 seconds.
  Beginning simulation of top-level scenario...
  Ran simulation in 30.78 seconds.
Beginning scenario construction...
pygame 2.6.1 (SDL 2.28.4, Python 3.10.12)
Hello from the pygame community. https://www.pygame.org/contribute.html
  Loading cached version of road network...
  Loaded cached network in 0.13 seconds.
  Pruning scenario...
  Pruned scenario in 2.551e-05 seconds.
Scenario constructed in 1.45 seconds.
  Connecting to CARLA on port 2000
  Map loaded in simulator.
  Generated scene in 1 iterations, 0.01094 seconds.
  Beginning simulation of top-level scenario...
  Ran simulation in 29.62 seconds.
Beginning scenario construction...
pygame 2.6.1 (SDL 2.28.4, Python 3.10.12)
Hello from the pygame community. https://www.pygame.org/contribute.html
  Loading cached version of road network...
  Loaded cached network in 0.14 seconds.
  Pruning scenario...
  Pruned scenario in 2.694e-05 seconds.
Scenario constructed in 1.45 seconds.
  Connecting to CARLA on port 2000
  Map loaded in simulator.
  Generated scene in 1 iterations, 0.01099 seconds.
  Beginning simulation of top-level scenario...
  Ran simulation in 29.29 seconds.
Beginning scenario construction...
pygame 2.6.1 (SDL 2.28.4, Python 3.10.12)
Hello from the pygame community. https://www.pygame.org/contribute.html
  Loading cached version of road network...
  Loaded cached network in 0.13 seconds.
  Pruning scenario...
  Pruned scenario in 2.694e-05 seconds.
Scenario constructed in 1.46 seconds.
  Connecting to CARLA on port 2000
  Map loaded in simulator.
  Generated scene in 1 iterations, 0.01114 seconds.
  Beginning simulation of top-level scenario...
  Ran simulation in 31.2 seconds.
Beginning scenario construction...
pygame 2.6.1 (SDL 2.28.4, Python 3.10.12)
Hello from the pygame community. https://www.pygame.org/contribute.html
  Loading cached version of road network...
  Loaded cached network in 0.14 seconds.
  Pruning scenario...
  Pruned scenario in 2.646e-05 seconds.
Scenario constructed in 1.46 seconds.
  Connecting to CARLA on port 2000
  Map loaded in simulator.
  Generated scene in 1 iterations, 0.01086 seconds.
  Beginning simulation of top-level scenario...
  Ran simulation in 29.61 seconds.
Beginning scenario construction...
pygame 2.6.1 (SDL 2.28.4, Python 3.10.12)
Hello from the pygame community. https://www.pygame.org/contribute.html
  Loading cached version of road network...
  Loaded cached network in 0.13 seconds.
  Pruning scenario...
  Pruned scenario in 2.956e-05 seconds.
Scenario constructed in 1.42 seconds.
  Connecting to CARLA on port 2000
  Map loaded in simulator.
  Generated scene in 1 iterations, 0.01093 seconds.
  Beginning simulation of top-level scenario...
  Ran simulation in 28.23 seconds.
Beginning scenario construction...
pygame 2.6.1 (SDL 2.28.4, Python 3.10.12)
Hello from the pygame community. https://www.pygame.org/contribute.html
  Loading cached version of road network...
  Loaded cached network in 0.13 seconds.
  Pruning scenario...
  Pruned scenario in 2.694e-05 seconds.
Scenario constructed in 1.45 seconds.
  Connecting to CARLA on port 2000
  Map loaded in simulator.
  Generated scene in 1 iterations, 0.01092 seconds.
  Beginning simulation of top-level scenario...
  Ran simulation in 29.03 seconds.
Beginning scenario construction...
pygame 2.6.1 (SDL 2.28.4, Python 3.10.12)
Hello from the pygame community. https://www.pygame.org/contribute.html
  Loading cached version of road network...
  Loaded cached network in 0.14 seconds.
  Pruning scenario...
  Pruned scenario in 2.67e-05 seconds.
Scenario constructed in 1.43 seconds.
  Connecting to CARLA on port 2000
  Map loaded in simulator.
  Generated scene in 1 iterations, 0.01101 seconds.
  Beginning simulation of top-level scenario...
  Ran simulation in 31.34 seconds.
Beginning scenario construction...
pygame 2.6.1 (SDL 2.28.4, Python 3.10.12)
Hello from the pygame community. https://www.pygame.org/contribute.html
  Loading cached version of road network...
  Loaded cached network in 0.13 seconds.
  Pruning scenario...
  Pruned scenario in 2.789e-05 seconds.
Scenario constructed in 1.47 seconds.
  Connecting to CARLA on port 2000
  Map loaded in simulator.
  Generated scene in 1 iterations, 0.01086 seconds.
  Beginning simulation of top-level scenario...
  Ran simulation in 28.92 seconds.
Beginning scenario construction...
pygame 2.6.1 (SDL 2.28.4, Python 3.10.12)
Hello from the pygame community. https://www.pygame.org/contribute.html
  Loading cached version of road network...
  Loaded cached network in 0.14 seconds.
  Pruning scenario...
  Pruned scenario in 2.885e-05 seconds.
Scenario constructed in 1.44 seconds.
  Connecting to CARLA on port 2000
  Map loaded in simulator.
  Generated scene in 1 iterations, 0.01089 seconds.
  Beginning simulation of top-level scenario...
  Ran simulation in 29.88 seconds.
Beginning scenario construction...
pygame 2.6.1 (SDL 2.28.4, Python 3.10.12)
Hello from the pygame community. https://www.pygame.org/contribute.html
  Loading cached version of road network...
  Loaded cached network in 0.13 seconds.
  Pruning scenario...
  Pruned scenario in 2.766e-05 seconds.
Scenario constructed in 1.46 seconds.
  Connecting to CARLA on port 2000
  Map loaded in simulator.
  Generated scene in 1 iterations, 0.01082 seconds.
  Beginning simulation of top-level scenario...
  Ran simulation in 29.52 seconds.
Beginning scenario construction...
pygame 2.6.1 (SDL 2.28.4, Python 3.10.12)
Hello from the pygame community. https://www.pygame.org/contribute.html
  Loading cached version of road network...
  Loaded cached network in 0.13 seconds.
  Pruning scenario...
  Pruned scenario in 2.742e-05 seconds.
Scenario constructed in 1.45 seconds.
  Connecting to CARLA on port 2000
  Map loaded in simulator.
  Generated scene in 1 iterations, 0.01112 seconds.
  Beginning simulation of top-level scenario...
  Ran simulation in 28.33 seconds.
Beginning scenario construction...
pygame 2.6.1 (SDL 2.28.4, Python 3.10.12)
Hello from the pygame community. https://www.pygame.org/contribute.html
  Loading cached version of road network...
  Loaded cached network in 0.13 seconds.
  Pruning scenario...
  Pruned scenario in 3.004e-05 seconds.
Scenario constructed in 1.45 seconds.
  Connecting to CARLA on port 2000
  Map loaded in simulator.
  Generated scene in 1 iterations, 0.01074 seconds.
  Beginning simulation of top-level scenario...
  Ran simulation in 28.45 seconds.
Beginning scenario construction...
pygame 2.6.1 (SDL 2.28.4, Python 3.10.12)
Hello from the pygame community. https://www.pygame.org/contribute.html
  Loading cached version of road network...
  Loaded cached network in 0.14 seconds.
  Pruning scenario...
  Pruned scenario in 2.766e-05 seconds.
Scenario constructed in 1.45 seconds.
  Connecting to CARLA on port 2000
  Map loaded in simulator.
  Generated scene in 1 iterations, 0.01042 seconds.
  Beginning simulation of top-level scenario...
  Ran simulation in 29.42 seconds.
Beginning scenario construction...
pygame 2.6.1 (SDL 2.28.4, Python 3.10.12)
Hello from the pygame community. https://www.pygame.org/contribute.html
  Loading cached version of road network...
  Loaded cached network in 0.14 seconds.
  Pruning scenario...
  Pruned scenario in 2.742e-05 seconds.
Scenario constructed in 1.43 seconds.
  Connecting to CARLA on port 2000
  Map loaded in simulator.
  Generated scene in 1 iterations, 0.01097 seconds.
  Beginning simulation of top-level scenario...
  Ran simulation in 28.8 seconds.
Beginning scenario construction...
pygame 2.6.1 (SDL 2.28.4, Python 3.10.12)
Hello from the pygame community. https://www.pygame.org/contribute.html
  Loading cached version of road network...
  Loaded cached network in 0.13 seconds.
  Pruning scenario...
  Pruned scenario in 3.052e-05 seconds.
Scenario constructed in 1.44 seconds.
  Connecting to CARLA on port 2000
  Map loaded in simulator.
  Generated scene in 1 iterations, 0.01088 seconds.
  Beginning simulation of top-level scenario...
  Ran simulation in 31.02 seconds.
Beginning scenario construction...
pygame 2.6.1 (SDL 2.28.4, Python 3.10.12)
Hello from the pygame community. https://www.pygame.org/contribute.html
  Loading cached version of road network...
  Loaded cached network in 0.14 seconds.
  Pruning scenario...
  Pruned scenario in 2.933e-05 seconds.
Scenario constructed in 1.44 seconds.
  Connecting to CARLA on port 2000
  Map loaded in simulator.
  Generated scene in 1 iterations, 0.011 seconds.
  Beginning simulation of top-level scenario...
  Ran simulation in 29.25 seconds.
Beginning scenario construction...
pygame 2.6.1 (SDL 2.28.4, Python 3.10.12)
Hello from the pygame community. https://www.pygame.org/contribute.html
  Loading cached version of road network...
  Loaded cached network in 0.13 seconds.
  Pruning scenario...
  Pruned scenario in 2.599e-05 seconds.
Scenario constructed in 1.43 seconds.
  Connecting to CARLA on port 2000
  Map loaded in simulator.
  Generated scene in 1 iterations, 0.01118 seconds.
  Beginning simulation of top-level scenario...
  Ran simulation in 29.23 seconds.
Beginning scenario construction...
pygame 2.6.1 (SDL 2.28.4, Python 3.10.12)
Hello from the pygame community. https://www.pygame.org/contribute.html
  Loading cached version of road network...
  Loaded cached network in 0.14 seconds.
  Pruning scenario...
  Pruned scenario in 2.742e-05 seconds.
Scenario constructed in 1.48 seconds.
  Connecting to CARLA on port 2000
  Map loaded in simulator.
  Generated scene in 1 iterations, 0.01087 seconds.
  Beginning simulation of top-level scenario...
  Ran simulation in 29.74 seconds.
Beginning scenario construction...
pygame 2.6.1 (SDL 2.28.4, Python 3.10.12)
Hello from the pygame community. https://www.pygame.org/contribute.html
  Loading cached version of road network...
  Loaded cached network in 0.13 seconds.
  Pruning scenario...
  Pruned scenario in 2.885e-05 seconds.
Scenario constructed in 1.43 seconds.
  Connecting to CARLA on port 2000
  Map loaded in simulator.
  Generated scene in 1 iterations, 0.011 seconds.
  Beginning simulation of top-level scenario...
  Ran simulation in 29.06 seconds.
Beginning scenario construction...
pygame 2.6.1 (SDL 2.28.4, Python 3.10.12)
Hello from the pygame community. https://www.pygame.org/contribute.html
  Loading cached version of road network...
  Loaded cached network in 0.13 seconds.
  Pruning scenario...
  Pruned scenario in 2.503e-05 seconds.
Scenario constructed in 1.46 seconds.
  Connecting to CARLA on port 2000
  Map loaded in simulator.
  Generated scene in 1 iterations, 0.0109 seconds.
  Beginning simulation of top-level scenario...
  Ran simulation in 30.07 seconds.
Beginning scenario construction...
pygame 2.6.1 (SDL 2.28.4, Python 3.10.12)
Hello from the pygame community. https://www.pygame.org/contribute.html
  Loading cached version of road network...
  Loaded cached network in 0.13 seconds.
  Pruning scenario...
  Pruned scenario in 2.98e-05 seconds.
Scenario constructed in 1.44 seconds.
  Connecting to CARLA on port 2000
  Map loaded in simulator.
  Generated scene in 1 iterations, 0.01078 seconds.
  Beginning simulation of top-level scenario...
  Ran simulation in 31.06 seconds.
Beginning scenario construction...
pygame 2.6.1 (SDL 2.28.4, Python 3.10.12)
Hello from the pygame community. https://www.pygame.org/contribute.html
  Loading cached version of road network...
  Loaded cached network in 0.13 seconds.
  Pruning scenario...
  Pruned scenario in 2.766e-05 seconds.
Scenario constructed in 1.45 seconds.
  Connecting to CARLA on port 2000
  Map loaded in simulator.
  Generated scene in 1 iterations, 0.01106 seconds.
  Beginning simulation of top-level scenario...
  Ran simulation in 29.83 seconds.
Beginning scenario construction...
pygame 2.6.1 (SDL 2.28.4, Python 3.10.12)
Hello from the pygame community. https://www.pygame.org/contribute.html
  Loading cached version of road network...
  Loaded cached network in 0.13 seconds.
  Pruning scenario...
  Pruned scenario in 2.861e-05 seconds.
Scenario constructed in 1.44 seconds.
  Connecting to CARLA on port 2000
  Map loaded in simulator.
  Generated scene in 1 iterations, 0.01097 seconds.
  Beginning simulation of top-level scenario...
  Ran simulation in 30.05 seconds.
Beginning scenario construction...
pygame 2.6.1 (SDL 2.28.4, Python 3.10.12)
Hello from the pygame community. https://www.pygame.org/contribute.html
  Loading cached version of road network...
  Loaded cached network in 0.13 seconds.
  Pruning scenario...
  Pruned scenario in 2.789e-05 seconds.
Scenario constructed in 1.44 seconds.
  Connecting to CARLA on port 2000
  Map loaded in simulator.
  Generated scene in 1 iterations, 0.01093 seconds.
  Beginning simulation of top-level scenario...
  Ran simulation in 27.87 seconds.
Beginning scenario construction...
pygame 2.6.1 (SDL 2.28.4, Python 3.10.12)
Hello from the pygame community. https://www.pygame.org/contribute.html
  Loading cached version of road network...
  Loaded cached network in 0.13 seconds.
  Pruning scenario...
  Pruned scenario in 2.67e-05 seconds.
Scenario constructed in 1.44 seconds.
  Connecting to CARLA on port 2000
  Map loaded in simulator.
  Generated scene in 1 iterations, 0.0108 seconds.
  Beginning simulation of top-level scenario...
  Ran simulation in 27.03 seconds.
Beginning scenario construction...
pygame 2.6.1 (SDL 2.28.4, Python 3.10.12)
Hello from the pygame community. https://www.pygame.org/contribute.html
  Loading cached version of road network...
  Loaded cached network in 0.13 seconds.
  Pruning scenario...
  Pruned scenario in 2.503e-05 seconds.
Scenario constructed in 1.44 seconds.
  Connecting to CARLA on port 2000
  Map loaded in simulator.
  Generated scene in 1 iterations, 0.01087 seconds.
  Beginning simulation of top-level scenario...
  Ran simulation in 27.97 seconds.
Beginning scenario construction...
pygame 2.6.1 (SDL 2.28.4, Python 3.10.12)
Hello from the pygame community. https://www.pygame.org/contribute.html
  Loading cached version of road network...
  Loaded cached network in 0.13 seconds.
  Pruning scenario...
  Pruned scenario in 2.861e-05 seconds.
Scenario constructed in 1.42 seconds.
  Connecting to CARLA on port 2000
  Map loaded in simulator.
  Generated scene in 1 iterations, 0.01086 seconds.
  Beginning simulation of top-level scenario...
  Ran simulation in 29.96 seconds.
Beginning scenario construction...
pygame 2.6.1 (SDL 2.28.4, Python 3.10.12)
Hello from the pygame community. https://www.pygame.org/contribute.html
  Loading cached version of road network...
  Loaded cached network in 0.13 seconds.
  Pruning scenario...
  Pruned scenario in 2.956e-05 seconds.
Scenario constructed in 1.46 seconds.
  Connecting to CARLA on port 2000
  Map loaded in simulator.
  Generated scene in 1 iterations, 0.01103 seconds.
  Beginning simulation of top-level scenario...
  Ran simulation in 29.57 seconds.
Beginning scenario construction...
pygame 2.6.1 (SDL 2.28.4, Python 3.10.12)
Hello from the pygame community. https://www.pygame.org/contribute.html
  Loading cached version of road network...
  Loaded cached network in 0.13 seconds.
  Pruning scenario...
  Pruned scenario in 2.789e-05 seconds.
Scenario constructed in 1.42 seconds.
  Connecting to CARLA on port 2000
  Map loaded in simulator.
  Generated scene in 1 iterations, 0.01096 seconds.
  Beginning simulation of top-level scenario...
  Ran simulation in 27.89 seconds.
Beginning scenario construction...
pygame 2.6.1 (SDL 2.28.4, Python 3.10.12)
Hello from the pygame community. https://www.pygame.org/contribute.html
  Loading cached version of road network...
  Loaded cached network in 0.13 seconds.
  Pruning scenario...
  Pruned scenario in 2.766e-05 seconds.
Scenario constructed in 1.47 seconds.
  Connecting to CARLA on port 2000
  Map loaded in simulator.
  Generated scene in 1 iterations, 0.01084 seconds.
  Beginning simulation of top-level scenario...
  Ran simulation in 27.96 seconds.
Beginning scenario construction...
pygame 2.6.1 (SDL 2.28.4, Python 3.10.12)
Hello from the pygame community. https://www.pygame.org/contribute.html
  Loading cached version of road network...
  Loaded cached network in 0.13 seconds.
  Pruning scenario...
  Pruned scenario in 2.313e-05 seconds.
Scenario constructed in 1.43 seconds.
  Connecting to CARLA on port 2000
  Map loaded in simulator.
  Generated scene in 1 iterations, 0.01107 seconds.
  Beginning simulation of top-level scenario...
  Ran simulation in 28.04 seconds.
Beginning scenario construction...
pygame 2.6.1 (SDL 2.28.4, Python 3.10.12)
Hello from the pygame community. https://www.pygame.org/contribute.html
  Loading cached version of road network...
  Loaded cached network in 0.13 seconds.
  Pruning scenario...
  Pruned scenario in 2.599e-05 seconds.
Scenario constructed in 1.45 seconds.
  Connecting to CARLA on port 2000
  Map loaded in simulator.
  Generated scene in 1 iterations, 0.01087 seconds.
  Beginning simulation of top-level scenario...
  Ran simulation in 28.71 seconds.
Beginning scenario construction...
pygame 2.6.1 (SDL 2.28.4, Python 3.10.12)
Hello from the pygame community. https://www.pygame.org/contribute.html
  Loading cached version of road network...
  Loaded cached network in 0.14 seconds.
  Pruning scenario...
  Pruned scenario in 2.575e-05 seconds.
Scenario constructed in 1.44 seconds.
  Connecting to CARLA on port 2000
  Map loaded in simulator.
  Generated scene in 1 iterations, 0.01108 seconds.
  Beginning simulation of top-level scenario...
  Ran simulation in 29.49 seconds.
Beginning scenario construction...
pygame 2.6.1 (SDL 2.28.4, Python 3.10.12)
Hello from the pygame community. https://www.pygame.org/contribute.html
  Loading cached version of road network...
  Loaded cached network in 0.14 seconds.
  Pruning scenario...
  Pruned scenario in 2.67e-05 seconds.
Scenario constructed in 1.45 seconds.
  Connecting to CARLA on port 2000
  Map loaded in simulator.
  Generated scene in 1 iterations, 0.01094 seconds.
  Beginning simulation of top-level scenario...
  Ran simulation in 28.27 seconds.
Beginning scenario construction...
pygame 2.6.1 (SDL 2.28.4, Python 3.10.12)
Hello from the pygame community. https://www.pygame.org/contribute.html
  Loading cached version of road network...
  Loaded cached network in 0.13 seconds.
  Pruning scenario...
  Pruned scenario in 2.575e-05 seconds.
Scenario constructed in 1.43 seconds.
  Connecting to CARLA on port 2000
  Map loaded in simulator.
  Generated scene in 1 iterations, 0.01093 seconds.
  Beginning simulation of top-level scenario...
  Ran simulation in 28.1 seconds.
Beginning scenario construction...
pygame 2.6.1 (SDL 2.28.4, Python 3.10.12)
Hello from the pygame community. https://www.pygame.org/contribute.html
  Loading cached version of road network...
  Loaded cached network in 0.14 seconds.
  Pruning scenario...
  Pruned scenario in 2.575e-05 seconds.
Scenario constructed in 1.44 seconds.
  Connecting to CARLA on port 2000
  Map loaded in simulator.
  Generated scene in 1 iterations, 0.01093 seconds.
  Beginning simulation of top-level scenario...
  Ran simulation in 28.29 seconds.
Beginning scenario construction...
pygame 2.6.1 (SDL 2.28.4, Python 3.10.12)
Hello from the pygame community. https://www.pygame.org/contribute.html
  Loading cached version of road network...
  Loaded cached network in 0.13 seconds.
  Pruning scenario...
  Pruned scenario in 2.48e-05 seconds.
Scenario constructed in 1.43 seconds.
  Connecting to CARLA on port 2000
  Map loaded in simulator.
  Generated scene in 1 iterations, 0.01091 seconds.
  Beginning simulation of top-level scenario...
  Ran simulation in 30.14 seconds.
Beginning scenario construction...
pygame 2.6.1 (SDL 2.28.4, Python 3.10.12)
Hello from the pygame community. https://www.pygame.org/contribute.html
  Loading cached version of road network...
  Loaded cached network in 0.13 seconds.
  Pruning scenario...
  Pruned scenario in 2.575e-05 seconds.
Scenario constructed in 1.44 seconds.
  Connecting to CARLA on port 2000
  Map loaded in simulator.
  Generated scene in 1 iterations, 0.01082 seconds.
  Beginning simulation of top-level scenario...
  Ran simulation in 28.9 seconds.
Beginning scenario construction...
pygame 2.6.1 (SDL 2.28.4, Python 3.10.12)
Hello from the pygame community. https://www.pygame.org/contribute.html
  Loading cached version of road network...
  Loaded cached network in 0.13 seconds.
  Pruning scenario...
  Pruned scenario in 2.956e-05 seconds.
Scenario constructed in 1.44 seconds.
  Connecting to CARLA on port 2000
  Map loaded in simulator.
  Generated scene in 1 iterations, 0.01103 seconds.
  Beginning simulation of top-level scenario...
  Ran simulation in 30.46 seconds.
Beginning scenario construction...
pygame 2.6.1 (SDL 2.28.4, Python 3.10.12)
Hello from the pygame community. https://www.pygame.org/contribute.html
  Loading cached version of road network...
  Loaded cached network in 0.13 seconds.
  Pruning scenario...
  Pruned scenario in 2.909e-05 seconds.
Scenario constructed in 1.45 seconds.
  Connecting to CARLA on port 2000
  Map loaded in simulator.
  Generated scene in 1 iterations, 0.01084 seconds.
  Beginning simulation of top-level scenario...
  Ran simulation in 28.17 seconds.
Beginning scenario construction...
pygame 2.6.1 (SDL 2.28.4, Python 3.10.12)
Hello from the pygame community. https://www.pygame.org/contribute.html
  Loading cached version of road network...
  Loaded cached network in 0.13 seconds.
  Pruning scenario...
  Pruned scenario in 2.956e-05 seconds.
Scenario constructed in 1.47 seconds.
  Connecting to CARLA on port 2000
  Map loaded in simulator.
  Generated scene in 1 iterations, 0.01104 seconds.
  Beginning simulation of top-level scenario...
  Ran simulation in 28.88 seconds.
Beginning scenario construction...
pygame 2.6.1 (SDL 2.28.4, Python 3.10.12)
Hello from the pygame community. https://www.pygame.org/contribute.html
  Loading cached version of road network...
  Loaded cached network in 0.13 seconds.
  Pruning scenario...
  Pruned scenario in 2.623e-05 seconds.
Scenario constructed in 1.43 seconds.
  Connecting to CARLA on port 2000
  Map loaded in simulator.
  Generated scene in 1 iterations, 0.01071 seconds.
  Beginning simulation of top-level scenario...
  Ran simulation in 30.18 seconds.
Beginning scenario construction...
pygame 2.6.1 (SDL 2.28.4, Python 3.10.12)
Hello from the pygame community. https://www.pygame.org/contribute.html
  Loading cached version of road network...
  Loaded cached network in 0.13 seconds.
  Pruning scenario...
  Pruned scenario in 2.813e-05 seconds.
Scenario constructed in 1.44 seconds.
  Connecting to CARLA on port 2000
  Map loaded in simulator.
  Generated scene in 1 iterations, 0.01083 seconds.
  Beginning simulation of top-level scenario...
  Ran simulation in 29.32 seconds.
Beginning scenario construction...
pygame 2.6.1 (SDL 2.28.4, Python 3.10.12)
Hello from the pygame community. https://www.pygame.org/contribute.html
  Loading cached version of road network...
  Loaded cached network in 0.14 seconds.
  Pruning scenario...
  Pruned scenario in 2.956e-05 seconds.
Scenario constructed in 1.46 seconds.
  Connecting to CARLA on port 2000
  Map loaded in simulator.
  Generated scene in 1 iterations, 0.01101 seconds.
  Beginning simulation of top-level scenario...
  Ran simulation in 29.51 seconds.
Beginning scenario construction...
pygame 2.6.1 (SDL 2.28.4, Python 3.10.12)
Hello from the pygame community. https://www.pygame.org/contribute.html
  Loading cached version of road network...
  Loaded cached network in 0.14 seconds.
  Pruning scenario...
  Pruned scenario in 3.028e-05 seconds.
Scenario constructed in 1.43 seconds.
  Connecting to CARLA on port 2000
  Map loaded in simulator.
  Generated scene in 1 iterations, 0.01084 seconds.
  Beginning simulation of top-level scenario...
  Ran simulation in 29.92 seconds.
Beginning scenario construction...
pygame 2.6.1 (SDL 2.28.4, Python 3.10.12)
Hello from the pygame community. https://www.pygame.org/contribute.html
  Loading cached version of road network...
  Loaded cached network in 0.13 seconds.
  Pruning scenario...
  Pruned scenario in 2.789e-05 seconds.
Scenario constructed in 1.45 seconds.
  Connecting to CARLA on port 2000
  Map loaded in simulator.
  Generated scene in 1 iterations, 0.01102 seconds.
  Beginning simulation of top-level scenario...
  Ran simulation in 29.86 seconds.
Beginning scenario construction...
pygame 2.6.1 (SDL 2.28.4, Python 3.10.12)
Hello from the pygame community. https://www.pygame.org/contribute.html
  Loading cached version of road network...
  Loaded cached network in 0.13 seconds.
  Pruning scenario...
  Pruned scenario in 2.694e-05 seconds.
Scenario constructed in 1.44 seconds.
  Connecting to CARLA on port 2000
  Map loaded in simulator.
  Generated scene in 1 iterations, 0.01103 seconds.
  Beginning simulation of top-level scenario...
  Ran simulation in 29.87 seconds.
Beginning scenario construction...
pygame 2.6.1 (SDL 2.28.4, Python 3.10.12)
Hello from the pygame community. https://www.pygame.org/contribute.html
  Loading cached version of road network...
  Loaded cached network in 0.13 seconds.
  Pruning scenario...
  Pruned scenario in 2.956e-05 seconds.
Scenario constructed in 1.45 seconds.
  Connecting to CARLA on port 2000
  Map loaded in simulator.
  Generated scene in 1 iterations, 0.011 seconds.
  Beginning simulation of top-level scenario...
  Ran simulation in 29.33 seconds.
Beginning scenario construction...
pygame 2.6.1 (SDL 2.28.4, Python 3.10.12)
Hello from the pygame community. https://www.pygame.org/contribute.html
  Loading cached version of road network...
  Loaded cached network in 0.13 seconds.
  Pruning scenario...
  Pruned scenario in 2.837e-05 seconds.
Scenario constructed in 1.44 seconds.
  Connecting to CARLA on port 2000
  Map loaded in simulator.
  Generated scene in 1 iterations, 0.01093 seconds.
  Beginning simulation of top-level scenario...
  Ran simulation in 29.04 seconds.
Beginning scenario construction...
pygame 2.6.1 (SDL 2.28.4, Python 3.10.12)
Hello from the pygame community. https://www.pygame.org/contribute.html
  Loading cached version of road network...
  Loaded cached network in 0.13 seconds.
  Pruning scenario...
  Pruned scenario in 2.837e-05 seconds.
Scenario constructed in 1.45 seconds.
  Connecting to CARLA on port 2000
  Map loaded in simulator.
  Generated scene in 1 iterations, 0.01091 seconds.
  Beginning simulation of top-level scenario...
  Ran simulation in 29.82 seconds.
Beginning scenario construction...
pygame 2.6.1 (SDL 2.28.4, Python 3.10.12)
Hello from the pygame community. https://www.pygame.org/contribute.html
  Loading cached version of road network...
  Loaded cached network in 0.13 seconds.
  Pruning scenario...
  Pruned scenario in 2.789e-05 seconds.
Scenario constructed in 1.42 seconds.
  Connecting to CARLA on port 2000
  Map loaded in simulator.
  Generated scene in 1 iterations, 0.01087 seconds.
  Beginning simulation of top-level scenario...
  Ran simulation in 30.63 seconds.
Beginning scenario construction...
pygame 2.6.1 (SDL 2.28.4, Python 3.10.12)
Hello from the pygame community. https://www.pygame.org/contribute.html
  Loading cached version of road network...
  Loaded cached network in 0.13 seconds.
  Pruning scenario...
  Pruned scenario in 3.028e-05 seconds.
Scenario constructed in 1.43 seconds.
  Connecting to CARLA on port 2000
  Map loaded in simulator.
  Generated scene in 1 iterations, 0.0108 seconds.
  Beginning simulation of top-level scenario...
  Ran simulation in 30.01 seconds.
Beginning scenario construction...
pygame 2.6.1 (SDL 2.28.4, Python 3.10.12)
Hello from the pygame community. https://www.pygame.org/contribute.html
  Loading cached version of road network...
  Loaded cached network in 0.13 seconds.
  Pruning scenario...
  Pruned scenario in 2.789e-05 seconds.
Scenario constructed in 1.43 seconds.
  Connecting to CARLA on port 2000
  Map loaded in simulator.
  Generated scene in 1 iterations, 0.01112 seconds.
  Beginning simulation of top-level scenario...
  Ran simulation in 30.58 seconds.
Beginning scenario construction...
pygame 2.6.1 (SDL 2.28.4, Python 3.10.12)
Hello from the pygame community. https://www.pygame.org/contribute.html
  Loading cached version of road network...
  Loaded cached network in 0.13 seconds.
  Pruning scenario...
  Pruned scenario in 2.766e-05 seconds.
Scenario constructed in 1.45 seconds.
  Connecting to CARLA on port 2000
  Map loaded in simulator.
  Generated scene in 1 iterations, 0.01082 seconds.
  Beginning simulation of top-level scenario...
  Ran simulation in 27.68 seconds.
Beginning scenario construction...
pygame 2.6.1 (SDL 2.28.4, Python 3.10.12)
Hello from the pygame community. https://www.pygame.org/contribute.html
  Loading cached version of road network...
  Loaded cached network in 0.14 seconds.
  Pruning scenario...
  Pruned scenario in 3.147e-05 seconds.
Scenario constructed in 1.45 seconds.
  Connecting to CARLA on port 2000
  Map loaded in simulator.
  Generated scene in 1 iterations, 0.01083 seconds.
  Beginning simulation of top-level scenario...
  Ran simulation in 27.88 seconds.
Beginning scenario construction...
pygame 2.6.1 (SDL 2.28.4, Python 3.10.12)
Hello from the pygame community. https://www.pygame.org/contribute.html
  Loading cached version of road network...
  Loaded cached network in 0.13 seconds.
  Pruning scenario...
  Pruned scenario in 2.885e-05 seconds.
Scenario constructed in 1.44 seconds.
  Connecting to CARLA on port 2000
  Map loaded in simulator.
  Generated scene in 1 iterations, 0.01097 seconds.
  Beginning simulation of top-level scenario...
  Ran simulation in 28.56 seconds.
Beginning scenario construction...
pygame 2.6.1 (SDL 2.28.4, Python 3.10.12)
Hello from the pygame community. https://www.pygame.org/contribute.html
  Loading cached version of road network...
  Loaded cached network in 0.13 seconds.
  Pruning scenario...
  Pruned scenario in 2.813e-05 seconds.
Scenario constructed in 1.45 seconds.
  Connecting to CARLA on port 2000
  Map loaded in simulator.
  Generated scene in 1 iterations, 0.01085 seconds.
  Beginning simulation of top-level scenario...
  Ran simulation in 29.52 seconds.
Beginning scenario construction...
pygame 2.6.1 (SDL 2.28.4, Python 3.10.12)
Hello from the pygame community. https://www.pygame.org/contribute.html
  Loading cached version of road network...
  Loaded cached network in 0.14 seconds.
  Pruning scenario...
  Pruned scenario in 2.599e-05 seconds.
Scenario constructed in 1.45 seconds.
  Connecting to CARLA on port 2000
  Map loaded in simulator.
  Generated scene in 1 iterations, 0.01097 seconds.
  Beginning simulation of top-level scenario...
  Ran simulation in 29.52 seconds.
Beginning scenario construction...
pygame 2.6.1 (SDL 2.28.4, Python 3.10.12)
Hello from the pygame community. https://www.pygame.org/contribute.html
  Loading cached version of road network...
  Loaded cached network in 0.13 seconds.
  Pruning scenario...
  Pruned scenario in 2.718e-05 seconds.
Scenario constructed in 1.42 seconds.
  Connecting to CARLA on port 2000
  Map loaded in simulator.
  Generated scene in 1 iterations, 0.01105 seconds.
  Beginning simulation of top-level scenario...
  Ran simulation in 29.65 seconds.
Beginning scenario construction...
pygame 2.6.1 (SDL 2.28.4, Python 3.10.12)
Hello from the pygame community. https://www.pygame.org/contribute.html
  Loading cached version of road network...
  Loaded cached network in 0.13 seconds.
  Pruning scenario...
  Pruned scenario in 2.646e-05 seconds.
Scenario constructed in 1.45 seconds.
  Connecting to CARLA on port 2000
  Map loaded in simulator.
  Generated scene in 1 iterations, 0.01083 seconds.
  Beginning simulation of top-level scenario...
  Ran simulation in 28.92 seconds.
Beginning scenario construction...
pygame 2.6.1 (SDL 2.28.4, Python 3.10.12)
Hello from the pygame community. https://www.pygame.org/contribute.html
  Loading cached version of road network...
  Loaded cached network in 0.14 seconds.
  Pruning scenario...
  Pruned scenario in 3.195e-05 seconds.
Scenario constructed in 1.45 seconds.
  Connecting to CARLA on port 2000
  Map loaded in simulator.
  Generated scene in 1 iterations, 0.01082 seconds.
  Beginning simulation of top-level scenario...
  Ran simulation in 29.12 seconds.
Beginning scenario construction...
pygame 2.6.1 (SDL 2.28.4, Python 3.10.12)
Hello from the pygame community. https://www.pygame.org/contribute.html
  Loading cached version of road network...
  Loaded cached network in 0.13 seconds.
  Pruning scenario...
  Pruned scenario in 3.099e-05 seconds.
Scenario constructed in 1.44 seconds.
  Connecting to CARLA on port 2000
  Map loaded in simulator.
  Generated scene in 1 iterations, 0.01081 seconds.
  Beginning simulation of top-level scenario...
  Ran simulation in 29.25 seconds.
Beginning scenario construction...
pygame 2.6.1 (SDL 2.28.4, Python 3.10.12)
Hello from the pygame community. https://www.pygame.org/contribute.html
  Loading cached version of road network...
  Loaded cached network in 0.13 seconds.
  Pruning scenario...
  Pruned scenario in 3.052e-05 seconds.
Scenario constructed in 1.42 seconds.
  Connecting to CARLA on port 2000
  Map loaded in simulator.
  Generated scene in 1 iterations, 0.01094 seconds.
  Beginning simulation of top-level scenario...
  Ran simulation in 29.88 seconds.
Beginning scenario construction...
pygame 2.6.1 (SDL 2.28.4, Python 3.10.12)
Hello from the pygame community. https://www.pygame.org/contribute.html
  Loading cached version of road network...
  Loaded cached network in 0.13 seconds.
  Pruning scenario...
  Pruned scenario in 2.813e-05 seconds.
Scenario constructed in 1.43 seconds.
  Connecting to CARLA on port 2000
  Map loaded in simulator.
  Generated scene in 1 iterations, 0.01083 seconds.
  Beginning simulation of top-level scenario...
  Ran simulation in 29.44 seconds.
Beginning scenario construction...
pygame 2.6.1 (SDL 2.28.4, Python 3.10.12)
Hello from the pygame community. https://www.pygame.org/contribute.html
  Loading cached version of road network...
  Loaded cached network in 0.14 seconds.
  Pruning scenario...
  Pruned scenario in 3.767e-05 seconds.
Scenario constructed in 1.43 seconds.
  Connecting to CARLA on port 2000
  Map loaded in simulator.
  Generated scene in 1 iterations, 0.01087 seconds.
  Beginning simulation of top-level scenario...
  Ran simulation in 28.6 seconds.
Beginning scenario construction...
pygame 2.6.1 (SDL 2.28.4, Python 3.10.12)
Hello from the pygame community. https://www.pygame.org/contribute.html
  Loading cached version of road network...
  Loaded cached network in 0.14 seconds.
  Pruning scenario...
  Pruned scenario in 2.503e-05 seconds.
Scenario constructed in 1.46 seconds.
  Connecting to CARLA on port 2000
  Map loaded in simulator.
  Generated scene in 1 iterations, 0.01093 seconds.
  Beginning simulation of top-level scenario...
  Ran simulation in 28.48 seconds.
Beginning scenario construction...
pygame 2.6.1 (SDL 2.28.4, Python 3.10.12)
Hello from the pygame community. https://www.pygame.org/contribute.html
  Loading cached version of road network...
  Loaded cached network in 0.13 seconds.
  Pruning scenario...
  Pruned scenario in 2.789e-05 seconds.
Scenario constructed in 1.43 seconds.
  Connecting to CARLA on port 2000
  Map loaded in simulator.
  Generated scene in 1 iterations, 0.01096 seconds.
  Beginning simulation of top-level scenario...
  Ran simulation in 28.82 seconds.
Beginning scenario construction...
pygame 2.6.1 (SDL 2.28.4, Python 3.10.12)
Hello from the pygame community. https://www.pygame.org/contribute.html
  Loading cached version of road network...
  Loaded cached network in 0.13 seconds.
  Pruning scenario...
  Pruned scenario in 2.956e-05 seconds.
Scenario constructed in 1.46 seconds.
  Connecting to CARLA on port 2000
  Map loaded in simulator.
  Generated scene in 1 iterations, 0.01096 seconds.
  Beginning simulation of top-level scenario...
  Ran simulation in 28.7 seconds.
Beginning scenario construction...
pygame 2.6.1 (SDL 2.28.4, Python 3.10.12)
Hello from the pygame community. https://www.pygame.org/contribute.html
  Loading cached version of road network...
  Loaded cached network in 0.13 seconds.
  Pruning scenario...
  Pruned scenario in 2.67e-05 seconds.
Scenario constructed in 1.43 seconds.
  Connecting to CARLA on port 2000
  Map loaded in simulator.
  Generated scene in 1 iterations, 0.01132 seconds.
  Beginning simulation of top-level scenario...
  Ran simulation in 28.96 seconds.
Beginning scenario construction...
pygame 2.6.1 (SDL 2.28.4, Python 3.10.12)
Hello from the pygame community. https://www.pygame.org/contribute.html
  Loading cached version of road network...
  Loaded cached network in 0.13 seconds.
  Pruning scenario...
  Pruned scenario in 2.789e-05 seconds.
Scenario constructed in 1.45 seconds.
  Connecting to CARLA on port 2000
  Map loaded in simulator.
  Generated scene in 1 iterations, 0.01095 seconds.
  Beginning simulation of top-level scenario...
  Ran simulation in 28.9 seconds.
Beginning scenario construction...
pygame 2.6.1 (SDL 2.28.4, Python 3.10.12)
Hello from the pygame community. https://www.pygame.org/contribute.html
  Loading cached version of road network...
  Loaded cached network in 0.14 seconds.
  Pruning scenario...
  Pruned scenario in 2.694e-05 seconds.
Scenario constructed in 1.45 seconds.
  Connecting to CARLA on port 2000
  Map loaded in simulator.
  Generated scene in 1 iterations, 0.01093 seconds.
  Beginning simulation of top-level scenario...
  Ran simulation in 28.82 seconds.
Beginning scenario construction...
pygame 2.6.1 (SDL 2.28.4, Python 3.10.12)
Hello from the pygame community. https://www.pygame.org/contribute.html
  Loading cached version of road network...
  Loaded cached network in 0.13 seconds.
  Pruning scenario...
  Pruned scenario in 2.98e-05 seconds.
Scenario constructed in 1.44 seconds.
  Connecting to CARLA on port 2000
  Map loaded in simulator.
  Generated scene in 1 iterations, 0.0109 seconds.
  Beginning simulation of top-level scenario...
  Ran simulation in 28.36 seconds.
Beginning scenario construction...
pygame 2.6.1 (SDL 2.28.4, Python 3.10.12)
Hello from the pygame community. https://www.pygame.org/contribute.html
  Loading cached version of road network...
  Loaded cached network in 0.14 seconds.
  Pruning scenario...
  Pruned scenario in 3.457e-05 seconds.
Scenario constructed in 1.44 seconds.
  Connecting to CARLA on port 2000
  Map loaded in simulator.
  Generated scene in 1 iterations, 0.01081 seconds.
  Beginning simulation of top-level scenario...
  Ran simulation in 29.61 seconds.
Beginning scenario construction...
pygame 2.6.1 (SDL 2.28.4, Python 3.10.12)
Hello from the pygame community. https://www.pygame.org/contribute.html
  Loading cached version of road network...
  Loaded cached network in 0.13 seconds.
  Pruning scenario...
  Pruned scenario in 3.028e-05 seconds.
Scenario constructed in 1.44 seconds.
  Connecting to CARLA on port 2000
  Map loaded in simulator.
  Generated scene in 1 iterations, 0.01125 seconds.
  Beginning simulation of top-level scenario...
  Ran simulation in 29.89 seconds.
Beginning scenario construction...
pygame 2.6.1 (SDL 2.28.4, Python 3.10.12)
Hello from the pygame community. https://www.pygame.org/contribute.html
  Loading cached version of road network...
  Loaded cached network in 0.13 seconds.
  Pruning scenario...
  Pruned scenario in 2.646e-05 seconds.
Scenario constructed in 1.44 seconds.
  Connecting to CARLA on port 2000
  Map loaded in simulator.
  Generated scene in 1 iterations, 0.01086 seconds.
  Beginning simulation of top-level scenario...
  Ran simulation in 28.49 seconds.
Beginning scenario construction...
pygame 2.6.1 (SDL 2.28.4, Python 3.10.12)
Hello from the pygame community. https://www.pygame.org/contribute.html
  Loading cached version of road network...
  Loaded cached network in 0.13 seconds.
  Pruning scenario...
  Pruned scenario in 2.623e-05 seconds.
Scenario constructed in 1.44 seconds.
  Connecting to CARLA on port 2000
  Map loaded in simulator.
  Generated scene in 1 iterations, 0.01087 seconds.
  Beginning simulation of top-level scenario...
  Ran simulation in 30.21 seconds.
Beginning scenario construction...
pygame 2.6.1 (SDL 2.28.4, Python 3.10.12)
Hello from the pygame community. https://www.pygame.org/contribute.html
  Loading cached version of road network...
  Loaded cached network in 0.13 seconds.
  Pruning scenario...
  Pruned scenario in 2.885e-05 seconds.
Scenario constructed in 1.43 seconds.
  Connecting to CARLA on port 2000
  Map loaded in simulator.
  Generated scene in 1 iterations, 0.01089 seconds.
  Beginning simulation of top-level scenario...
  Ran simulation in 30.24 seconds.
Beginning scenario construction...
pygame 2.6.1 (SDL 2.28.4, Python 3.10.12)
Hello from the pygame community. https://www.pygame.org/contribute.html
  Loading cached version of road network...
  Loaded cached network in 0.14 seconds.
  Pruning scenario...
  Pruned scenario in 2.813e-05 seconds.
Scenario constructed in 1.44 seconds.
  Connecting to CARLA on port 2000
  Map loaded in simulator.
  Generated scene in 1 iterations, 0.01103 seconds.
  Beginning simulation of top-level scenario...
  Ran simulation in 29.97 seconds.
Beginning scenario construction...
pygame 2.6.1 (SDL 2.28.4, Python 3.10.12)
Hello from the pygame community. https://www.pygame.org/contribute.html
  Loading cached version of road network...
  Loaded cached network in 0.13 seconds.
  Pruning scenario...
  Pruned scenario in 2.861e-05 seconds.
Scenario constructed in 1.46 seconds.
  Connecting to CARLA on port 2000
  Map loaded in simulator.
  Generated scene in 1 iterations, 0.01107 seconds.
  Beginning simulation of top-level scenario...
  Ran simulation in 28.79 seconds.
Beginning scenario construction...
pygame 2.6.1 (SDL 2.28.4, Python 3.10.12)
Hello from the pygame community. https://www.pygame.org/contribute.html
  Loading cached version of road network...
  Loaded cached network in 0.13 seconds.
  Pruning scenario...
  Pruned scenario in 2.98e-05 seconds.
Scenario constructed in 1.42 seconds.
  Connecting to CARLA on port 2000
  Map loaded in simulator.
  Generated scene in 1 iterations, 0.01109 seconds.
  Beginning simulation of top-level scenario...
  Ran simulation in 29.51 seconds.
Beginning scenario construction...
pygame 2.6.1 (SDL 2.28.4, Python 3.10.12)
Hello from the pygame community. https://www.pygame.org/contribute.html
  Loading cached version of road network...
  Loaded cached network in 0.13 seconds.
  Pruning scenario...
  Pruned scenario in 2.956e-05 seconds.
Scenario constructed in 1.46 seconds.
  Connecting to CARLA on port 2000
  Map loaded in simulator.
  Generated scene in 1 iterations, 0.01088 seconds.
  Beginning simulation of top-level scenario...
  Ran simulation in 29.47 seconds.
Beginning scenario construction...
pygame 2.6.1 (SDL 2.28.4, Python 3.10.12)
Hello from the pygame community. https://www.pygame.org/contribute.html
  Loading cached version of road network...
  Loaded cached network in 0.13 seconds.
  Pruning scenario...
  Pruned scenario in 2.742e-05 seconds.
Scenario constructed in 1.44 seconds.
  Connecting to CARLA on port 2000
  Map loaded in simulator.
  Generated scene in 1 iterations, 0.01095 seconds.
  Beginning simulation of top-level scenario...
  Ran simulation in 29.17 seconds.
Beginning scenario construction...
pygame 2.6.1 (SDL 2.28.4, Python 3.10.12)
Hello from the pygame community. https://www.pygame.org/contribute.html
  Loading cached version of road network...
  Loaded cached network in 0.13 seconds.
  Pruning scenario...
  Pruned scenario in 2.956e-05 seconds.
Scenario constructed in 1.43 seconds.
  Connecting to CARLA on port 2000
  Map loaded in simulator.
  Generated scene in 1 iterations, 0.01111 seconds.
  Beginning simulation of top-level scenario...
  Ran simulation in 29.17 seconds.
Beginning scenario construction...
pygame 2.6.1 (SDL 2.28.4, Python 3.10.12)
Hello from the pygame community. https://www.pygame.org/contribute.html
  Loading cached version of road network...
  Loaded cached network in 0.14 seconds.
  Pruning scenario...
  Pruned scenario in 2.742e-05 seconds.
Scenario constructed in 1.46 seconds.
  Connecting to CARLA on port 2000
  Map loaded in simulator.
  Generated scene in 1 iterations, 0.01086 seconds.
  Beginning simulation of top-level scenario...
  Ran simulation in 29.13 seconds.
Beginning scenario construction...
pygame 2.6.1 (SDL 2.28.4, Python 3.10.12)
Hello from the pygame community. https://www.pygame.org/contribute.html
  Loading cached version of road network...
  Loaded cached network in 0.13 seconds.
  Pruning scenario...
  Pruned scenario in 2.837e-05 seconds.
Scenario constructed in 1.43 seconds.
  Connecting to CARLA on port 2000
  Map loaded in simulator.
  Generated scene in 1 iterations, 0.01103 seconds.
  Beginning simulation of top-level scenario...
  Ran simulation in 27.99 seconds.
Beginning scenario construction...
pygame 2.6.1 (SDL 2.28.4, Python 3.10.12)
Hello from the pygame community. https://www.pygame.org/contribute.html
  Loading cached version of road network...
  Loaded cached network in 0.13 seconds.
  Pruning scenario...
  Pruned scenario in 3.004e-05 seconds.
Scenario constructed in 1.44 seconds.
  Connecting to CARLA on port 2000
  Map loaded in simulator.
  Generated scene in 1 iterations, 0.01098 seconds.
  Beginning simulation of top-level scenario...
  Ran simulation in 30.5 seconds.
Beginning scenario construction...
pygame 2.6.1 (SDL 2.28.4, Python 3.10.12)
Hello from the pygame community. https://www.pygame.org/contribute.html
  Loading cached version of road network...
  Loaded cached network in 0.14 seconds.
  Pruning scenario...
  Pruned scenario in 2.789e-05 seconds.
Scenario constructed in 1.45 seconds.
  Connecting to CARLA on port 2000
  Map loaded in simulator.
  Generated scene in 1 iterations, 0.01118 seconds.
  Beginning simulation of top-level scenario...
  Ran simulation in 28.47 seconds.
Beginning scenario construction...
pygame 2.6.1 (SDL 2.28.4, Python 3.10.12)
Hello from the pygame community. https://www.pygame.org/contribute.html
  Loading cached version of road network...
  Loaded cached network in 0.13 seconds.
  Pruning scenario...
  Pruned scenario in 2.575e-05 seconds.
Scenario constructed in 1.43 seconds.
  Connecting to CARLA on port 2000
  Map loaded in simulator.
  Generated scene in 1 iterations, 0.01086 seconds.
  Beginning simulation of top-level scenario...
  Ran simulation in 29.48 seconds.
Beginning scenario construction...
pygame 2.6.1 (SDL 2.28.4, Python 3.10.12)
Hello from the pygame community. https://www.pygame.org/contribute.html
  Loading cached version of road network...
  Loaded cached network in 0.14 seconds.
  Pruning scenario...
  Pruned scenario in 2.623e-05 seconds.
Scenario constructed in 1.44 seconds.
  Connecting to CARLA on port 2000
  Map loaded in simulator.
  Generated scene in 1 iterations, 0.01087 seconds.
  Beginning simulation of top-level scenario...
  Ran simulation in 27.69 seconds.
Beginning scenario construction...
pygame 2.6.1 (SDL 2.28.4, Python 3.10.12)
Hello from the pygame community. https://www.pygame.org/contribute.html
  Loading cached version of road network...
  Loaded cached network in 0.13 seconds.
  Pruning scenario...
  Pruned scenario in 3.052e-05 seconds.
Scenario constructed in 1.43 seconds.
  Connecting to CARLA on port 2000
  Map loaded in simulator.
  Generated scene in 1 iterations, 0.01094 seconds.
  Beginning simulation of top-level scenario...
  Ran simulation in 29.49 seconds.
Beginning scenario construction...
pygame 2.6.1 (SDL 2.28.4, Python 3.10.12)
Hello from the pygame community. https://www.pygame.org/contribute.html
  Loading cached version of road network...
  Loaded cached network in 0.13 seconds.
  Pruning scenario...
  Pruned scenario in 2.933e-05 seconds.
Scenario constructed in 1.44 seconds.
  Connecting to CARLA on port 2000
  Map loaded in simulator.
  Generated scene in 1 iterations, 0.01138 seconds.
  Beginning simulation of top-level scenario...
  Ran simulation in 29.25 seconds.
Beginning scenario construction...
pygame 2.6.1 (SDL 2.28.4, Python 3.10.12)
Hello from the pygame community. https://www.pygame.org/contribute.html
  Loading cached version of road network...
  Loaded cached network in 0.14 seconds.
  Pruning scenario...
  Pruned scenario in 2.837e-05 seconds.
Scenario constructed in 1.45 seconds.
  Connecting to CARLA on port 2000
  Map loaded in simulator.
  Generated scene in 1 iterations, 0.01092 seconds.
  Beginning simulation of top-level scenario...
  Ran simulation in 30.88 seconds.
Beginning scenario construction...
pygame 2.6.1 (SDL 2.28.4, Python 3.10.12)
Hello from the pygame community. https://www.pygame.org/contribute.html
  Loading cached version of road network...
  Loaded cached network in 0.13 seconds.
  Pruning scenario...
  Pruned scenario in 2.813e-05 seconds.
Scenario constructed in 1.42 seconds.
  Connecting to CARLA on port 2000
  Map loaded in simulator.
  Generated scene in 1 iterations, 0.01105 seconds.
  Beginning simulation of top-level scenario...
  Ran simulation in 27.92 seconds.
Beginning scenario construction...
pygame 2.6.1 (SDL 2.28.4, Python 3.10.12)
Hello from the pygame community. https://www.pygame.org/contribute.html
  Loading cached version of road network...
  Loaded cached network in 0.13 seconds.
  Pruning scenario...
  Pruned scenario in 2.67e-05 seconds.
Scenario constructed in 1.45 seconds.
  Connecting to CARLA on port 2000
  Map loaded in simulator.
  Generated scene in 1 iterations, 0.01093 seconds.
  Beginning simulation of top-level scenario...
  Ran simulation in 27.89 seconds.
Beginning scenario construction...
pygame 2.6.1 (SDL 2.28.4, Python 3.10.12)
Hello from the pygame community. https://www.pygame.org/contribute.html
  Loading cached version of road network...
  Loaded cached network in 0.14 seconds.
  Pruning scenario...
  Pruned scenario in 2.813e-05 seconds.
Scenario constructed in 1.44 seconds.
  Connecting to CARLA on port 2000
  Map loaded in simulator.
  Generated scene in 1 iterations, 0.0109 seconds.
  Beginning simulation of top-level scenario...
  Ran simulation in 28.89 seconds.
Beginning scenario construction...
pygame 2.6.1 (SDL 2.28.4, Python 3.10.12)
Hello from the pygame community. https://www.pygame.org/contribute.html
  Loading cached version of road network...
  Loaded cached network in 0.14 seconds.
  Pruning scenario...
  Pruned scenario in 3.052e-05 seconds.
Scenario constructed in 1.45 seconds.
  Connecting to CARLA on port 2000
  Map loaded in simulator.
  Generated scene in 1 iterations, 0.01094 seconds.
  Beginning simulation of top-level scenario...
  Ran simulation in 29.01 seconds.
Beginning scenario construction...
pygame 2.6.1 (SDL 2.28.4, Python 3.10.12)
Hello from the pygame community. https://www.pygame.org/contribute.html
  Loading cached version of road network...
  Loaded cached network in 0.14 seconds.
  Pruning scenario...
  Pruned scenario in 2.789e-05 seconds.
Scenario constructed in 1.46 seconds.
  Connecting to CARLA on port 2000
  Map loaded in simulator.
  Generated scene in 1 iterations, 0.01089 seconds.
  Beginning simulation of top-level scenario...
  Ran simulation in 28.9 seconds.
Beginning scenario construction...
pygame 2.6.1 (SDL 2.28.4, Python 3.10.12)
Hello from the pygame community. https://www.pygame.org/contribute.html
  Loading cached version of road network...
  Loaded cached network in 0.13 seconds.
  Pruning scenario...
  Pruned scenario in 2.789e-05 seconds.
Scenario constructed in 1.46 seconds.
  Connecting to CARLA on port 2000
  Map loaded in simulator.
  Generated scene in 1 iterations, 0.01089 seconds.
  Beginning simulation of top-level scenario...
  Ran simulation in 28.54 seconds.
Beginning scenario construction...
pygame 2.6.1 (SDL 2.28.4, Python 3.10.12)
Hello from the pygame community. https://www.pygame.org/contribute.html
  Loading cached version of road network...
  Loaded cached network in 0.13 seconds.
  Pruning scenario...
  Pruned scenario in 2.885e-05 seconds.
Scenario constructed in 1.43 seconds.
  Connecting to CARLA on port 2000
  Map loaded in simulator.
  Generated scene in 1 iterations, 0.01081 seconds.
  Beginning simulation of top-level scenario...
  Ran simulation in 28.15 seconds.
Beginning scenario construction...
pygame 2.6.1 (SDL 2.28.4, Python 3.10.12)
Hello from the pygame community. https://www.pygame.org/contribute.html
  Loading cached version of road network...
  Loaded cached network in 0.14 seconds.
  Pruning scenario...
  Pruned scenario in 3.099e-05 seconds.
Scenario constructed in 1.45 seconds.
  Connecting to CARLA on port 2000
  Map loaded in simulator.
  Generated scene in 1 iterations, 0.01075 seconds.
  Beginning simulation of top-level scenario...
  Ran simulation in 28.39 seconds.
Beginning scenario construction...
pygame 2.6.1 (SDL 2.28.4, Python 3.10.12)
Hello from the pygame community. https://www.pygame.org/contribute.html
  Loading cached version of road network...
  Loaded cached network in 0.13 seconds.
  Pruning scenario...
  Pruned scenario in 2.527e-05 seconds.
Scenario constructed in 1.44 seconds.
  Connecting to CARLA on port 2000
  Map loaded in simulator.
  Generated scene in 1 iterations, 0.01087 seconds.
  Beginning simulation of top-level scenario...
  Ran simulation in 29.35 seconds.
Beginning scenario construction...
pygame 2.6.1 (SDL 2.28.4, Python 3.10.12)
Hello from the pygame community. https://www.pygame.org/contribute.html
  Loading cached version of road network...
  Loaded cached network in 0.14 seconds.
  Pruning scenario...
  Pruned scenario in 2.813e-05 seconds.
Scenario constructed in 1.45 seconds.
  Connecting to CARLA on port 2000
  Map loaded in simulator.
  Generated scene in 1 iterations, 0.01104 seconds.
  Beginning simulation of top-level scenario...
  Ran simulation in 30.66 seconds.
Beginning scenario construction...
pygame 2.6.1 (SDL 2.28.4, Python 3.10.12)
Hello from the pygame community. https://www.pygame.org/contribute.html
  Loading cached version of road network...
  Loaded cached network in 0.14 seconds.
  Pruning scenario...
  Pruned scenario in 2.718e-05 seconds.
Scenario constructed in 1.44 seconds.
  Connecting to CARLA on port 2000
  Map loaded in simulator.
  Generated scene in 1 iterations, 0.01083 seconds.
  Beginning simulation of top-level scenario...
  Ran simulation in 29.02 seconds.
Beginning scenario construction...
pygame 2.6.1 (SDL 2.28.4, Python 3.10.12)
Hello from the pygame community. https://www.pygame.org/contribute.html
  Loading cached version of road network...
  Loaded cached network in 0.13 seconds.
  Pruning scenario...
  Pruned scenario in 2.956e-05 seconds.
Scenario constructed in 1.45 seconds.
  Connecting to CARLA on port 2000
  Map loaded in simulator.
  Generated scene in 1 iterations, 0.01089 seconds.
  Beginning simulation of top-level scenario...
  Ran simulation in 31.05 seconds.
Simulation 277 failed. Retrying...
Executing sim 278
Simulation 278 failed. Retrying...
Executing sim 279
Simulation 279 failed. Retrying...
Executing sim 280
Simulation 280 failed. Retrying...
Executing sim 281
Simulation 281 failed. Retrying...
Executing sim 282
Simulation 282 failed. Retrying...
Executing sim 283
Simulation 283 failed. Retrying...
Executing sim 284
Simulation 284 failed. Retrying...
Executing sim 285
Simulation 285 failed. Retrying...
Executing sim 286
Simulation 286 failed. Retrying...
Executing sim 287
Simulation 287 failed. Retrying...
Executing sim 288
Simulation 288 failed. Retrying...
Executing sim 289
Simulation 289 failed. Retrying...
Executing sim 290
Simulation 290 failed. Retrying...
Executing sim 291
Simulation 291 failed. Retrying...
Executing sim 292
Simulation 292 failed. Retrying...
Executing sim 293
Simulation 293 failed. Retrying...
Executing sim 294
Simulation 294 failed. Retrying...
Executing sim 295
Simulation 295 failed. Retrying...
Executing sim 296
Simulation 296 failed. Retrying...
Executing sim 297
Simulation 297 failed. Retrying...
Executing sim 298
Simulation 298 failed. Retrying...
Executing sim 299
Simulation 299 failed. Retrying...
Executing sim 300
Simulation 300 failed. Retrying...
Executing sim 301
Simulation 301 failed. Retrying...
Executing sim 302
Simulation 302 failed. Retrying...
Executing sim 303
Simulation 303 failed. Retrying...
Executing sim 304
Simulation 304 failed. Retrying...
Executing sim 305
Simulation 305 failed. Retrying...
Executing sim 306
Simulation 306 failed. Retrying...
Executing sim 307
Simulation 307 failed. Retrying...
Executing sim 308
Simulation 308 failed. Retrying...
Executing sim 309
Simulation 309 failed. Retrying...
Executing sim 310
Simulation 310 failed. Retrying...
Executing sim 311
Simulation 311 failed. Retrying...
Executing sim 312
Simulation 312 failed. Retrying...
Executing sim 313
Simulation 313 failed. Retrying...
Executing sim 314
Simulation 314 failed. Retrying...
Executing sim 315
Simulation 315 failed. Retrying...
Executing sim 316
Simulation 316 failed. Retrying...
Executing sim 317
Executing sim 318
Executing sim 319
Executing sim 320
Executing sim 321
Executing sim 322
Executing sim 323
Executing sim 324
Executing sim 325
Executing sim 326
Executing sim 327
Executing sim 328
Executing sim 329
Executing sim 330
Executing sim 331
Executing sim 332
Executing sim 333
Executing sim 334
Executing sim 335
Executing sim 336
Executing sim 337
Executing sim 338
Executing sim 339
Executing sim 340
Executing sim 341
Executing sim 342
Executing sim 343
Executing sim 344
Executing sim 345
Executing sim 346
Executing sim 347
Executing sim 348
Executing sim 349
Executing sim 350
Executing sim 351
Executing sim 352
Executing sim 353
Executing sim 354
Executing sim 355
Executing sim 356
Executing sim 357
Executing sim 358
Executing sim 359
Executing sim 360
Executing sim 361
Executing sim 362
Executing sim 363
Executing sim 364
Executing sim 365
Executing sim 366
Executing sim 367
Executing sim 368
Executing sim 369
Executing sim 370
Executing sim 371
Executing sim 372
Executing sim 373
Executing sim 374
Executing sim 375
Executing sim 376
Executing sim 377
Executing sim 378
Executing sim 379
Executing sim 380
Executing sim 381
Executing sim 382
Executing sim 383
Executing sim 384
Executing sim 385
Executing sim 386
Executing sim 387
Executing sim 388
Executing sim 389
Executing sim 390
Executing sim 391
Executing sim 392
Executing sim 393
Executing sim 394
Executing sim 395
Executing sim 396
Executing sim 397
Executing sim 398
Executing sim 399
Executing sim 400
Executing sim 401
Executing sim 402
Executing sim 403
Executing sim 404
Executing sim 405
Executing sim 406
Executing sim 407
Executing sim 408
Executing sim 409
Executing sim 410
Executing sim 411
Executing sim 412
Executing sim 413
Executing sim 414
Executing sim 415
Executing sim 416
Executing sim 417
Executing sim 418
Executing sim 419
Executing sim 420
Executing sim 421
Executing sim 422
Executing sim 423
Executing sim 424
Executing sim 425
Executing sim 426
Executing sim 427
Executing sim 428
Executing sim 429
Executing sim 430
Executing sim 431
Executing sim 432
Executing sim 433
Executing sim 434
Executing sim 435
Executing sim 436
Executing sim 437
Executing sim 438
Executing sim 439
Executing sim 440
Executing sim 441
Executing sim 442
Executing sim 443
Executing sim 444
Executing sim 445
Executing sim 446
Executing sim 447
Executing sim 448
Executing sim 449
Executing sim 450
Executing sim 451
Executing sim 452
Executing sim 453
Executing sim 454
Executing sim 455
Executing sim 456
Executing sim 457
Executing sim 458
Executing sim 459
Executing sim 460
Executing sim 461
Executing sim 462
Executing sim 463
Executing sim 464
Executing sim 465
Executing sim 466
Executing sim 467
Executing sim 468
Executing sim 469
Executing sim 470
Executing sim 471
Executing sim 472
Executing sim 473
Executing sim 474
Executing sim 475
Executing sim 476
Executing sim 477
Executing sim 478
Executing sim 479
Executing sim 480
Executing sim 481
Executing sim 482
Executing sim 483
Executing sim 484
Executing sim 485
Executing sim 486
Executing sim 487
Executing sim 488
Executing sim 489
Executing sim 490
Executing sim 491
Executing sim 492
Executing sim 493
Executing sim 494
Executing sim 495
Executing sim 496
Executing sim 497
Executing sim 498
Executing sim 499
