This job can be monitored from: https://job.c3se.chalmers.se/alvis/6386145
4.26.2-0+++UE4+Release-4.26 522 0
Disabling core dumps.
Beginning scenario construction...
pygame 2.6.1 (SDL 2.28.4, Python 3.10.12)
Hello from the pygame community. https://www.pygame.org/contribute.html
  Loading cached version of road network...
  Loaded cached network in 0.13 seconds.
  Pruning scenario...
  Pruned scenario in 2.217e-05 seconds.
Scenario constructed in 1.52 seconds.
  Connecting to CARLA on port 2000
Beginning scenario construction...
pygame 2.6.1 (SDL 2.28.4, Python 3.10.12)
Hello from the pygame community. https://www.pygame.org/contribute.html
  Loading cached version of road network...
  Loaded cached network in 0.12 seconds.
  Pruning scenario...
  Pruned scenario in 2.146e-05 seconds.
Scenario constructed in 1.33 seconds.
  Connecting to CARLA on port 2000
  Map loaded in simulator.
  Generated scene in 1 iterations, 0.01964 seconds.
  Beginning simulation of top-level scenario...
  Ran simulation in 10.79 seconds.
Beginning scenario construction...
pygame 2.6.1 (SDL 2.28.4, Python 3.10.12)
Hello from the pygame community. https://www.pygame.org/contribute.html
  Loading cached version of road network...
  Loaded cached network in 0.13 seconds.
  Pruning scenario...
  Pruned scenario in 2.694e-05 seconds.
Scenario constructed in 1.42 seconds.
  Connecting to CARLA on port 2000
  Map loaded in simulator.
  Generated scene in 1 iterations, 0.01034 seconds.
  Beginning simulation of top-level scenario...
  Ran simulation in 10.93 seconds.
Beginning scenario construction...
pygame 2.6.1 (SDL 2.28.4, Python 3.10.12)
Hello from the pygame community. https://www.pygame.org/contribute.html
  Loading cached version of road network...
  Loaded cached network in 0.13 seconds.
  Pruning scenario...
  Pruned scenario in 2.718e-05 seconds.
Scenario constructed in 1.42 seconds.
  Connecting to CARLA on port 2000
  Map loaded in simulator.
  Generated scene in 1 iterations, 0.01032 seconds.
  Beginning simulation of top-level scenario...
  Ran simulation in 12.49 seconds.
Beginning scenario construction...
pygame 2.6.1 (SDL 2.28.4, Python 3.10.12)
Hello from the pygame community. https://www.pygame.org/contribute.html
  Loading cached version of road network...
  Loaded cached network in 0.13 seconds.
  Pruning scenario...
  Pruned scenario in 2.337e-05 seconds.
Scenario constructed in 1.41 seconds.
  Connecting to CARLA on port 2000
  Map loaded in simulator.
  Generated scene in 1 iterations, 0.01043 seconds.
  Beginning simulation of top-level scenario...
  Ran simulation in 10.03 seconds.
Beginning scenario construction...
pygame 2.6.1 (SDL 2.28.4, Python 3.10.12)
Hello from the pygame community. https://www.pygame.org/contribute.html
  Loading cached version of road network...
  Loaded cached network in 0.13 seconds.
  Pruning scenario...
  Pruned scenario in 2.456e-05 seconds.
Scenario constructed in 1.41 seconds.
  Connecting to CARLA on port 2000
  Map loaded in simulator.
  Generated scene in 1 iterations, 0.01033 seconds.
  Beginning simulation of top-level scenario...
  Ran simulation in 10.7 seconds.
Beginning scenario construction...
pygame 2.6.1 (SDL 2.28.4, Python 3.10.12)
Hello from the pygame community. https://www.pygame.org/contribute.html
  Loading cached version of road network...
  Loaded cached network in 0.14 seconds.
  Pruning scenario...
  Pruned scenario in 2.766e-05 seconds.
Scenario constructed in 1.43 seconds.
  Connecting to CARLA on port 2000
  Map loaded in simulator.
  Generated scene in 1 iterations, 0.01039 seconds.
  Beginning simulation of top-level scenario...
  Ran simulation in 11.49 seconds.
Beginning scenario construction...
pygame 2.6.1 (SDL 2.28.4, Python 3.10.12)
Hello from the pygame community. https://www.pygame.org/contribute.html
  Loading cached version of road network...
  Loaded cached network in 0.13 seconds.
  Pruning scenario...
  Pruned scenario in 2.694e-05 seconds.
Scenario constructed in 1.42 seconds.
  Connecting to CARLA on port 2000
  Map loaded in simulator.
  Generated scene in 2 iterations, 0.01619 seconds.
  Beginning simulation of top-level scenario...
  Ran simulation in 12.62 seconds.
Beginning scenario construction...
pygame 2.6.1 (SDL 2.28.4, Python 3.10.12)
Hello from the pygame community. https://www.pygame.org/contribute.html
  Loading cached version of road network...
  Loaded cached network in 0.13 seconds.
  Pruning scenario...
  Pruned scenario in 2.646e-05 seconds.
Scenario constructed in 1.43 seconds.
  Connecting to CARLA on port 2000
  Map loaded in simulator.
  Generated scene in 1 iterations, 0.01046 seconds.
  Beginning simulation of top-level scenario...
  Ran simulation in 12.03 seconds.
Beginning scenario construction...
pygame 2.6.1 (SDL 2.28.4, Python 3.10.12)
Hello from the pygame community. https://www.pygame.org/contribute.html
  Loading cached version of road network...
  Loaded cached network in 0.14 seconds.
  Pruning scenario...
  Pruned scenario in 2.337e-05 seconds.
Scenario constructed in 1.43 seconds.
  Connecting to CARLA on port 2000
  Map loaded in simulator.
  Generated scene in 2 iterations, 0.01596 seconds.
  Beginning simulation of top-level scenario...
  Ran simulation in 11.25 seconds.
Beginning scenario construction...
pygame 2.6.1 (SDL 2.28.4, Python 3.10.12)
Hello from the pygame community. https://www.pygame.org/contribute.html
  Loading cached version of road network...
  Loaded cached network in 0.14 seconds.
  Pruning scenario...
  Pruned scenario in 2.456e-05 seconds.
Scenario constructed in 1.42 seconds.
  Connecting to CARLA on port 2000
  Map loaded in simulator.
  Generated scene in 1 iterations, 0.01028 seconds.
  Beginning simulation of top-level scenario...
  Ran simulation in 11.25 seconds.
Beginning scenario construction...
pygame 2.6.1 (SDL 2.28.4, Python 3.10.12)
Hello from the pygame community. https://www.pygame.org/contribute.html
  Loading cached version of road network...
  Loaded cached network in 0.13 seconds.
  Pruning scenario...
  Pruned scenario in 2.48e-05 seconds.
Scenario constructed in 1.43 seconds.
  Connecting to CARLA on port 2000
  Map loaded in simulator.
  Generated scene in 1 iterations, 0.01035 seconds.
  Beginning simulation of top-level scenario...
  Ran simulation in 12.19 seconds.
Beginning scenario construction...
pygame 2.6.1 (SDL 2.28.4, Python 3.10.12)
Hello from the pygame community. https://www.pygame.org/contribute.html
  Loading cached version of road network...
  Loaded cached network in 0.14 seconds.
  Pruning scenario...
  Pruned scenario in 2.527e-05 seconds.
Scenario constructed in 1.43 seconds.
  Connecting to CARLA on port 2000
  Map loaded in simulator.
  Generated scene in 1 iterations, 0.01077 seconds.
  Beginning simulation of top-level scenario...
  Ran simulation in 11.37 seconds.
Beginning scenario construction...
pygame 2.6.1 (SDL 2.28.4, Python 3.10.12)
Hello from the pygame community. https://www.pygame.org/contribute.html
  Loading cached version of road network...
  Loaded cached network in 0.13 seconds.
  Pruning scenario...
  Pruned scenario in 2.527e-05 seconds.
Scenario constructed in 1.42 seconds.
  Connecting to CARLA on port 2000
  Map loaded in simulator.
  Generated scene in 1 iterations, 0.0105 seconds.
  Beginning simulation of top-level scenario...
  Ran simulation in 11.64 seconds.
Beginning scenario construction...
pygame 2.6.1 (SDL 2.28.4, Python 3.10.12)
Hello from the pygame community. https://www.pygame.org/contribute.html
  Loading cached version of road network...
  Loaded cached network in 0.14 seconds.
  Pruning scenario...
  Pruned scenario in 3.314e-05 seconds.
Scenario constructed in 1.44 seconds.
  Connecting to CARLA on port 2000
  Map loaded in simulator.
  Generated scene in 1 iterations, 0.01022 seconds.
  Beginning simulation of top-level scenario...
  Ran simulation in 11.72 seconds.
Beginning scenario construction...
pygame 2.6.1 (SDL 2.28.4, Python 3.10.12)
Hello from the pygame community. https://www.pygame.org/contribute.html
  Loading cached version of road network...
  Loaded cached network in 0.13 seconds.
  Pruning scenario...
  Pruned scenario in 2.623e-05 seconds.
Scenario constructed in 1.42 seconds.
  Connecting to CARLA on port 2000
  Map loaded in simulator.
  Generated scene in 1 iterations, 0.01062 seconds.
  Beginning simulation of top-level scenario...
  Ran simulation in 11.95 seconds.
Beginning scenario construction...
pygame 2.6.1 (SDL 2.28.4, Python 3.10.12)
Hello from the pygame community. https://www.pygame.org/contribute.html
  Loading cached version of road network...
  Loaded cached network in 0.13 seconds.
  Pruning scenario...
  Pruned scenario in 2.646e-05 seconds.
Scenario constructed in 1.42 seconds.
  Connecting to CARLA on port 2000
  Map loaded in simulator.
  Generated scene in 1 iterations, 0.0104 seconds.
  Beginning simulation of top-level scenario...
  Ran simulation in 10.8 seconds.
Beginning scenario construction...
pygame 2.6.1 (SDL 2.28.4, Python 3.10.12)
Hello from the pygame community. https://www.pygame.org/contribute.html
  Loading cached version of road network...
  Loaded cached network in 0.13 seconds.
  Pruning scenario...
  Pruned scenario in 2.742e-05 seconds.
Scenario constructed in 1.43 seconds.
  Connecting to CARLA on port 2000
  Map loaded in simulator.
  Generated scene in 1 iterations, 0.01067 seconds.
  Beginning simulation of top-level scenario...
  Ran simulation in 10.02 seconds.
Beginning scenario construction...
pygame 2.6.1 (SDL 2.28.4, Python 3.10.12)
Hello from the pygame community. https://www.pygame.org/contribute.html
  Loading cached version of road network...
  Loaded cached network in 0.14 seconds.
  Pruning scenario...
  Pruned scenario in 2.503e-05 seconds.
Scenario constructed in 1.45 seconds.
  Connecting to CARLA on port 2000
  Map loaded in simulator.
  Generated scene in 4 iterations, 0.02734 seconds.
  Beginning simulation of top-level scenario...
  Ran simulation in 10.38 seconds.
Beginning scenario construction...
pygame 2.6.1 (SDL 2.28.4, Python 3.10.12)
Hello from the pygame community. https://www.pygame.org/contribute.html
  Loading cached version of road network...
  Loaded cached network in 0.13 seconds.
  Pruning scenario...
  Pruned scenario in 2.527e-05 seconds.
Scenario constructed in 1.42 seconds.
  Connecting to CARLA on port 2000
  Map loaded in simulator.
  Generated scene in 1 iterations, 0.01073 seconds.
  Beginning simulation of top-level scenario...
  Ran simulation in 12.71 seconds.
Beginning scenario construction...
pygame 2.6.1 (SDL 2.28.4, Python 3.10.12)
Hello from the pygame community. https://www.pygame.org/contribute.html
  Loading cached version of road network...
  Loaded cached network in 0.13 seconds.
  Pruning scenario...
  Pruned scenario in 2.48e-05 seconds.
Scenario constructed in 1.44 seconds.
  Connecting to CARLA on port 2000
  Map loaded in simulator.
  Generated scene in 1 iterations, 0.01046 seconds.
  Beginning simulation of top-level scenario...
  Ran simulation in 9.886 seconds.
Beginning scenario construction...
pygame 2.6.1 (SDL 2.28.4, Python 3.10.12)
Hello from the pygame community. https://www.pygame.org/contribute.html
  Loading cached version of road network...
  Loaded cached network in 0.14 seconds.
  Pruning scenario...
  Pruned scenario in 2.575e-05 seconds.
Scenario constructed in 1.43 seconds.
  Connecting to CARLA on port 2000
  Map loaded in simulator.
  Generated scene in 2 iterations, 0.01626 seconds.
  Beginning simulation of top-level scenario...
  Ran simulation in 12.33 seconds.
Beginning scenario construction...
pygame 2.6.1 (SDL 2.28.4, Python 3.10.12)
Hello from the pygame community. https://www.pygame.org/contribute.html
  Loading cached version of road network...
  Loaded cached network in 0.13 seconds.
  Pruning scenario...
  Pruned scenario in 2.456e-05 seconds.
Scenario constructed in 1.43 seconds.
  Connecting to CARLA on port 2000
  Map loaded in simulator.
  Generated scene in 1 iterations, 0.009999 seconds.
  Beginning simulation of top-level scenario...
  Ran simulation in 12.5 seconds.
Beginning scenario construction...
pygame 2.6.1 (SDL 2.28.4, Python 3.10.12)
Hello from the pygame community. https://www.pygame.org/contribute.html
  Loading cached version of road network...
  Loaded cached network in 0.13 seconds.
  Pruning scenario...
  Pruned scenario in 2.933e-05 seconds.
Scenario constructed in 1.40 seconds.
  Connecting to CARLA on port 2000
  Map loaded in simulator.
  Generated scene in 1 iterations, 0.01051 seconds.
  Beginning simulation of top-level scenario...
  Ran simulation in 9.957 seconds.
Beginning scenario construction...
pygame 2.6.1 (SDL 2.28.4, Python 3.10.12)
Hello from the pygame community. https://www.pygame.org/contribute.html
  Loading cached version of road network...
  Loaded cached network in 0.13 seconds.
  Pruning scenario...
  Pruned scenario in 2.575e-05 seconds.
Scenario constructed in 1.44 seconds.
  Connecting to CARLA on port 2000
  Map loaded in simulator.
  Generated scene in 2 iterations, 0.01604 seconds.
  Beginning simulation of top-level scenario...
  Ran simulation in 10.39 seconds.
Beginning scenario construction...
pygame 2.6.1 (SDL 2.28.4, Python 3.10.12)
Hello from the pygame community. https://www.pygame.org/contribute.html
  Loading cached version of road network...
  Loaded cached network in 0.14 seconds.
  Pruning scenario...
  Pruned scenario in 2.527e-05 seconds.
Scenario constructed in 1.43 seconds.
  Connecting to CARLA on port 2000
  Map loaded in simulator.
  Generated scene in 3 iterations, 0.02296 seconds.
  Beginning simulation of top-level scenario...
  Ran simulation in 12.74 seconds.
Beginning scenario construction...
pygame 2.6.1 (SDL 2.28.4, Python 3.10.12)
Hello from the pygame community. https://www.pygame.org/contribute.html
  Loading cached version of road network...
  Loaded cached network in 0.13 seconds.
  Pruning scenario...
  Pruned scenario in 2.456e-05 seconds.
Scenario constructed in 1.44 seconds.
  Connecting to CARLA on port 2000
  Map loaded in simulator.
  Generated scene in 1 iterations, 0.01045 seconds.
  Beginning simulation of top-level scenario...
  Ran simulation in 10.18 seconds.
Beginning scenario construction...
pygame 2.6.1 (SDL 2.28.4, Python 3.10.12)
Hello from the pygame community. https://www.pygame.org/contribute.html
  Loading cached version of road network...
  Loaded cached network in 0.14 seconds.
  Pruning scenario...
  Pruned scenario in 2.503e-05 seconds.
Scenario constructed in 1.43 seconds.
  Connecting to CARLA on port 2000
  Map loaded in simulator.
  Generated scene in 4 iterations, 0.02773 seconds.
  Beginning simulation of top-level scenario...
  Ran simulation in 10.42 seconds.
Beginning scenario construction...
pygame 2.6.1 (SDL 2.28.4, Python 3.10.12)
Hello from the pygame community. https://www.pygame.org/contribute.html
  Loading cached version of road network...
  Loaded cached network in 0.14 seconds.
  Pruning scenario...
  Pruned scenario in 2.956e-05 seconds.
Scenario constructed in 1.43 seconds.
  Connecting to CARLA on port 2000
  Map loaded in simulator.
  Generated scene in 1 iterations, 0.01075 seconds.
  Beginning simulation of top-level scenario...
  Ran simulation in 10.49 seconds.
Beginning scenario construction...
pygame 2.6.1 (SDL 2.28.4, Python 3.10.12)
Hello from the pygame community. https://www.pygame.org/contribute.html
  Loading cached version of road network...
  Loaded cached network in 0.13 seconds.
  Pruning scenario...
  Pruned scenario in 2.432e-05 seconds.
Scenario constructed in 1.41 seconds.
  Connecting to CARLA on port 2000
  Map loaded in simulator.
  Generated scene in 1 iterations, 0.01047 seconds.
  Beginning simulation of top-level scenario...
  Ran simulation in 12.04 seconds.
Beginning scenario construction...
pygame 2.6.1 (SDL 2.28.4, Python 3.10.12)
Hello from the pygame community. https://www.pygame.org/contribute.html
  Loading cached version of road network...
  Loaded cached network in 0.13 seconds.
  Pruning scenario...
  Pruned scenario in 2.599e-05 seconds.
Scenario constructed in 1.43 seconds.
  Connecting to CARLA on port 2000
  Map loaded in simulator.
  Generated scene in 2 iterations, 0.01606 seconds.
  Beginning simulation of top-level scenario...
  Ran simulation in 11.05 seconds.
Beginning scenario construction...
pygame 2.6.1 (SDL 2.28.4, Python 3.10.12)
Hello from the pygame community. https://www.pygame.org/contribute.html
  Loading cached version of road network...
  Loaded cached network in 0.13 seconds.
  Pruning scenario...
  Pruned scenario in 2.623e-05 seconds.
Scenario constructed in 1.41 seconds.
  Connecting to CARLA on port 2000
  Map loaded in simulator.
  Generated scene in 2 iterations, 0.01629 seconds.
  Beginning simulation of top-level scenario...
  Ran simulation in 11.7 seconds.
Beginning scenario construction...
pygame 2.6.1 (SDL 2.28.4, Python 3.10.12)
Hello from the pygame community. https://www.pygame.org/contribute.html
  Loading cached version of road network...
  Loaded cached network in 0.13 seconds.
  Pruning scenario...
  Pruned scenario in 2.885e-05 seconds.
Scenario constructed in 1.45 seconds.
  Connecting to CARLA on port 2000
  Map loaded in simulator.
  Generated scene in 1 iterations, 0.01042 seconds.
  Beginning simulation of top-level scenario...
  Ran simulation in 11.98 seconds.
Beginning scenario construction...
pygame 2.6.1 (SDL 2.28.4, Python 3.10.12)
Hello from the pygame community. https://www.pygame.org/contribute.html
  Loading cached version of road network...
  Loaded cached network in 0.13 seconds.
  Pruning scenario...
  Pruned scenario in 2.575e-05 seconds.
Scenario constructed in 1.42 seconds.
  Connecting to CARLA on port 2000
  Map loaded in simulator.
  Generated scene in 1 iterations, 0.01036 seconds.
  Beginning simulation of top-level scenario...
  Ran simulation in 11.06 seconds.
Beginning scenario construction...
pygame 2.6.1 (SDL 2.28.4, Python 3.10.12)
Hello from the pygame community. https://www.pygame.org/contribute.html
  Loading cached version of road network...
  Loaded cached network in 0.13 seconds.
  Pruning scenario...
  Pruned scenario in 2.718e-05 seconds.
Scenario constructed in 1.43 seconds.
  Connecting to CARLA on port 2000
  Map loaded in simulator.
  Generated scene in 2 iterations, 0.01599 seconds.
  Beginning simulation of top-level scenario...
  Ran simulation in 11.44 seconds.
Beginning scenario construction...
pygame 2.6.1 (SDL 2.28.4, Python 3.10.12)
Hello from the pygame community. https://www.pygame.org/contribute.html
  Loading cached version of road network...
  Loaded cached network in 0.14 seconds.
  Pruning scenario...
  Pruned scenario in 2.766e-05 seconds.
Scenario constructed in 1.43 seconds.
  Connecting to CARLA on port 2000
  Map loaded in simulator.
  Generated scene in 1 iterations, 0.0111 seconds.
  Beginning simulation of top-level scenario...
  Ran simulation in 11.01 seconds.
Beginning scenario construction...
pygame 2.6.1 (SDL 2.28.4, Python 3.10.12)
Hello from the pygame community. https://www.pygame.org/contribute.html
  Loading cached version of road network...
  Loaded cached network in 0.13 seconds.
  Pruning scenario...
  Pruned scenario in 2.527e-05 seconds.
Scenario constructed in 1.42 seconds.
  Connecting to CARLA on port 2000
  Map loaded in simulator.
  Generated scene in 3 iterations, 0.02187 seconds.
  Beginning simulation of top-level scenario...
  Ran simulation in 12.16 seconds.
Beginning scenario construction...
pygame 2.6.1 (SDL 2.28.4, Python 3.10.12)
Hello from the pygame community. https://www.pygame.org/contribute.html
  Loading cached version of road network...
  Loaded cached network in 0.13 seconds.
  Pruning scenario...
  Pruned scenario in 2.599e-05 seconds.
Scenario constructed in 1.42 seconds.
  Connecting to CARLA on port 2000
  Map loaded in simulator.
  Generated scene in 1 iterations, 0.01032 seconds.
  Beginning simulation of top-level scenario...
  Ran simulation in 11.64 seconds.
Beginning scenario construction...
pygame 2.6.1 (SDL 2.28.4, Python 3.10.12)
Hello from the pygame community. https://www.pygame.org/contribute.html
  Loading cached version of road network...
  Loaded cached network in 0.13 seconds.
  Pruning scenario...
  Pruned scenario in 2.646e-05 seconds.
Scenario constructed in 1.43 seconds.
  Connecting to CARLA on port 2000
  Map loaded in simulator.
  Generated scene in 2 iterations, 0.01673 seconds.
  Beginning simulation of top-level scenario...
  Ran simulation in 11.48 seconds.
Beginning scenario construction...
pygame 2.6.1 (SDL 2.28.4, Python 3.10.12)
Hello from the pygame community. https://www.pygame.org/contribute.html
  Loading cached version of road network...
  Loaded cached network in 0.13 seconds.
  Pruning scenario...
  Pruned scenario in 2.48e-05 seconds.
Scenario constructed in 1.42 seconds.
  Connecting to CARLA on port 2000
  Map loaded in simulator.
  Generated scene in 1 iterations, 0.01028 seconds.
  Beginning simulation of top-level scenario...
  Ran simulation in 10.83 seconds.
Beginning scenario construction...
pygame 2.6.1 (SDL 2.28.4, Python 3.10.12)
Hello from the pygame community. https://www.pygame.org/contribute.html
  Loading cached version of road network...
  Loaded cached network in 0.13 seconds.
  Pruning scenario...
  Pruned scenario in 2.861e-05 seconds.
Scenario constructed in 1.44 seconds.
  Connecting to CARLA on port 2000
  Map loaded in simulator.
  Generated scene in 1 iterations, 0.01022 seconds.
  Beginning simulation of top-level scenario...
  Ran simulation in 10.8 seconds.
Beginning scenario construction...
pygame 2.6.1 (SDL 2.28.4, Python 3.10.12)
Hello from the pygame community. https://www.pygame.org/contribute.html
  Loading cached version of road network...
  Loaded cached network in 0.13 seconds.
  Pruning scenario...
  Pruned scenario in 2.599e-05 seconds.
Scenario constructed in 1.42 seconds.
  Connecting to CARLA on port 2000
  Map loaded in simulator.
  Generated scene in 1 iterations, 0.01037 seconds.
  Beginning simulation of top-level scenario...
  Ran simulation in 12.57 seconds.
Beginning scenario construction...
pygame 2.6.1 (SDL 2.28.4, Python 3.10.12)
Hello from the pygame community. https://www.pygame.org/contribute.html
  Loading cached version of road network...
  Loaded cached network in 0.14 seconds.
  Pruning scenario...
  Pruned scenario in 2.527e-05 seconds.
Scenario constructed in 1.43 seconds.
  Connecting to CARLA on port 2000
  Map loaded in simulator.
  Generated scene in 1 iterations, 0.01043 seconds.
  Beginning simulation of top-level scenario...
  Ran simulation in 13.38 seconds.
Beginning scenario construction...
pygame 2.6.1 (SDL 2.28.4, Python 3.10.12)
Hello from the pygame community. https://www.pygame.org/contribute.html
  Loading cached version of road network...
  Loaded cached network in 0.13 seconds.
  Pruning scenario...
  Pruned scenario in 3.171e-05 seconds.
Scenario constructed in 1.40 seconds.
  Connecting to CARLA on port 2000
  Map loaded in simulator.
  Generated scene in 1 iterations, 0.01034 seconds.
  Beginning simulation of top-level scenario...
  Ran simulation in 12.6 seconds.
Beginning scenario construction...
pygame 2.6.1 (SDL 2.28.4, Python 3.10.12)
Hello from the pygame community. https://www.pygame.org/contribute.html
  Loading cached version of road network...
  Loaded cached network in 0.13 seconds.
  Pruning scenario...
  Pruned scenario in 2.456e-05 seconds.
Scenario constructed in 1.42 seconds.
  Connecting to CARLA on port 2000
  Map loaded in simulator.
  Generated scene in 3 iterations, 0.02069 seconds.
  Beginning simulation of top-level scenario...
  Ran simulation in 10.49 seconds.
Beginning scenario construction...
pygame 2.6.1 (SDL 2.28.4, Python 3.10.12)
Hello from the pygame community. https://www.pygame.org/contribute.html
  Loading cached version of road network...
  Loaded cached network in 0.13 seconds.
  Pruning scenario...
  Pruned scenario in 2.408e-05 seconds.
Scenario constructed in 1.41 seconds.
  Connecting to CARLA on port 2000
  Map loaded in simulator.
  Generated scene in 1 iterations, 0.01046 seconds.
  Beginning simulation of top-level scenario...
  Ran simulation in 11.22 seconds.
Beginning scenario construction...
pygame 2.6.1 (SDL 2.28.4, Python 3.10.12)
Hello from the pygame community. https://www.pygame.org/contribute.html
  Loading cached version of road network...
  Loaded cached network in 0.14 seconds.
  Pruning scenario...
  Pruned scenario in 2.503e-05 seconds.
Scenario constructed in 1.44 seconds.
  Connecting to CARLA on port 2000
  Map loaded in simulator.
  Generated scene in 1 iterations, 0.0109 seconds.
  Beginning simulation of top-level scenario...
  Ran simulation in 9.898 seconds.
Beginning scenario construction...
pygame 2.6.1 (SDL 2.28.4, Python 3.10.12)
Hello from the pygame community. https://www.pygame.org/contribute.html
  Loading cached version of road network...
  Loaded cached network in 0.13 seconds.
  Pruning scenario...
  Pruned scenario in 2.623e-05 seconds.
Scenario constructed in 1.42 seconds.
  Connecting to CARLA on port 2000
  Map loaded in simulator.
  Generated scene in 1 iterations, 0.01041 seconds.
  Beginning simulation of top-level scenario...
  Ran simulation in 12.5 seconds.
Beginning scenario construction...
pygame 2.6.1 (SDL 2.28.4, Python 3.10.12)
Hello from the pygame community. https://www.pygame.org/contribute.html
  Loading cached version of road network...
  Loaded cached network in 0.14 seconds.
  Pruning scenario...
  Pruned scenario in 2.432e-05 seconds.
Scenario constructed in 1.43 seconds.
  Connecting to CARLA on port 2000
  Map loaded in simulator.
  Generated scene in 1 iterations, 0.01027 seconds.
  Beginning simulation of top-level scenario...
  Ran simulation in 9.595 seconds.
Beginning scenario construction...
pygame 2.6.1 (SDL 2.28.4, Python 3.10.12)
Hello from the pygame community. https://www.pygame.org/contribute.html
  Loading cached version of road network...
  Loaded cached network in 0.14 seconds.
  Pruning scenario...
  Pruned scenario in 2.432e-05 seconds.
Scenario constructed in 1.43 seconds.
  Connecting to CARLA on port 2000
  Map loaded in simulator.
  Generated scene in 2 iterations, 0.01593 seconds.
  Beginning simulation of top-level scenario...
  Ran simulation in 11.99 seconds.
Beginning scenario construction...
pygame 2.6.1 (SDL 2.28.4, Python 3.10.12)
Hello from the pygame community. https://www.pygame.org/contribute.html
  Loading cached version of road network...
  Loaded cached network in 0.13 seconds.
  Pruning scenario...
  Pruned scenario in 2.694e-05 seconds.
Scenario constructed in 1.43 seconds.
  Connecting to CARLA on port 2000
  Map loaded in simulator.
  Generated scene in 1 iterations, 0.01078 seconds.
  Beginning simulation of top-level scenario...
  Ran simulation in 11.78 seconds.
Beginning scenario construction...
pygame 2.6.1 (SDL 2.28.4, Python 3.10.12)
Hello from the pygame community. https://www.pygame.org/contribute.html
  Loading cached version of road network...
  Loaded cached network in 0.13 seconds.
  Pruning scenario...
  Pruned scenario in 2.575e-05 seconds.
Scenario constructed in 1.42 seconds.
  Connecting to CARLA on port 2000
  Map loaded in simulator.
  Generated scene in 2 iterations, 0.01612 seconds.
  Beginning simulation of top-level scenario...
  Ran simulation in 12.64 seconds.
Beginning scenario construction...
pygame 2.6.1 (SDL 2.28.4, Python 3.10.12)
Hello from the pygame community. https://www.pygame.org/contribute.html
  Loading cached version of road network...
  Loaded cached network in 0.13 seconds.
  Pruning scenario...
  Pruned scenario in 2.575e-05 seconds.
Scenario constructed in 1.43 seconds.
  Connecting to CARLA on port 2000
  Map loaded in simulator.
  Generated scene in 1 iterations, 0.01029 seconds.
  Beginning simulation of top-level scenario...
  Ran simulation in 11.07 seconds.
Beginning scenario construction...
pygame 2.6.1 (SDL 2.28.4, Python 3.10.12)
Hello from the pygame community. https://www.pygame.org/contribute.html
  Loading cached version of road network...
  Loaded cached network in 0.13 seconds.
  Pruning scenario...
  Pruned scenario in 2.408e-05 seconds.
Scenario constructed in 1.42 seconds.
  Connecting to CARLA on port 2000
  Map loaded in simulator.
  Generated scene in 1 iterations, 0.01078 seconds.
  Beginning simulation of top-level scenario...
  Ran simulation in 12.1 seconds.
Beginning scenario construction...
pygame 2.6.1 (SDL 2.28.4, Python 3.10.12)
Hello from the pygame community. https://www.pygame.org/contribute.html
  Loading cached version of road network...
  Loaded cached network in 0.13 seconds.
  Pruning scenario...
  Pruned scenario in 2.694e-05 seconds.
Scenario constructed in 1.44 seconds.
  Connecting to CARLA on port 2000
  Map loaded in simulator.
  Generated scene in 1 iterations, 0.0103 seconds.
  Beginning simulation of top-level scenario...
  Ran simulation in 10.96 seconds.
Beginning scenario construction...
pygame 2.6.1 (SDL 2.28.4, Python 3.10.12)
Hello from the pygame community. https://www.pygame.org/contribute.html
  Loading cached version of road network...
  Loaded cached network in 0.13 seconds.
  Pruning scenario...
  Pruned scenario in 2.48e-05 seconds.
Scenario constructed in 1.40 seconds.
  Connecting to CARLA on port 2000
  Map loaded in simulator.
  Generated scene in 1 iterations, 0.0109 seconds.
  Beginning simulation of top-level scenario...
  Ran simulation in 12.44 seconds.
Beginning scenario construction...
pygame 2.6.1 (SDL 2.28.4, Python 3.10.12)
Hello from the pygame community. https://www.pygame.org/contribute.html
  Loading cached version of road network...
  Loaded cached network in 0.13 seconds.
  Pruning scenario...
  Pruned scenario in 2.551e-05 seconds.
Scenario constructed in 1.43 seconds.
  Connecting to CARLA on port 2000
  Map loaded in simulator.
  Generated scene in 1 iterations, 0.01102 seconds.
  Beginning simulation of top-level scenario...
  Ran simulation in 9.97 seconds.
Beginning scenario construction...
pygame 2.6.1 (SDL 2.28.4, Python 3.10.12)
Hello from the pygame community. https://www.pygame.org/contribute.html
  Loading cached version of road network...
  Loaded cached network in 0.13 seconds.
  Pruning scenario...
  Pruned scenario in 2.432e-05 seconds.
Scenario constructed in 1.41 seconds.
  Connecting to CARLA on port 2000
  Map loaded in simulator.
  Generated scene in 1 iterations, 0.01081 seconds.
  Beginning simulation of top-level scenario...
  Ran simulation in 11.47 seconds.
Beginning scenario construction...
pygame 2.6.1 (SDL 2.28.4, Python 3.10.12)
Hello from the pygame community. https://www.pygame.org/contribute.html
  Loading cached version of road network...
  Loaded cached network in 0.13 seconds.
  Pruning scenario...
  Pruned scenario in 2.694e-05 seconds.
Scenario constructed in 1.43 seconds.
  Connecting to CARLA on port 2000
  Map loaded in simulator.
  Generated scene in 1 iterations, 0.01038 seconds.
  Beginning simulation of top-level scenario...
  Ran simulation in 11.97 seconds.
Beginning scenario construction...
pygame 2.6.1 (SDL 2.28.4, Python 3.10.12)
Hello from the pygame community. https://www.pygame.org/contribute.html
  Loading cached version of road network...
  Loaded cached network in 0.14 seconds.
  Pruning scenario...
  Pruned scenario in 2.575e-05 seconds.
Scenario constructed in 1.44 seconds.
  Connecting to CARLA on port 2000
  Map loaded in simulator.
  Generated scene in 1 iterations, 0.01053 seconds.
  Beginning simulation of top-level scenario...
  Ran simulation in 10.62 seconds.
Beginning scenario construction...
pygame 2.6.1 (SDL 2.28.4, Python 3.10.12)
Hello from the pygame community. https://www.pygame.org/contribute.html
  Loading cached version of road network...
  Loaded cached network in 0.13 seconds.
  Pruning scenario...
  Pruned scenario in 2.408e-05 seconds.
Scenario constructed in 1.44 seconds.
  Connecting to CARLA on port 2000
  Map loaded in simulator.
  Generated scene in 1 iterations, 0.01014 seconds.
  Beginning simulation of top-level scenario...
  Ran simulation in 12.28 seconds.
Beginning scenario construction...
pygame 2.6.1 (SDL 2.28.4, Python 3.10.12)
Hello from the pygame community. https://www.pygame.org/contribute.html
  Loading cached version of road network...
  Loaded cached network in 0.14 seconds.
  Pruning scenario...
  Pruned scenario in 2.36e-05 seconds.
Scenario constructed in 1.43 seconds.
  Connecting to CARLA on port 2000
  Map loaded in simulator.
  Generated scene in 1 iterations, 0.01034 seconds.
  Beginning simulation of top-level scenario...
  Ran simulation in 10.09 seconds.
Beginning scenario construction...
pygame 2.6.1 (SDL 2.28.4, Python 3.10.12)
Hello from the pygame community. https://www.pygame.org/contribute.html
  Loading cached version of road network...
  Loaded cached network in 0.14 seconds.
  Pruning scenario...
  Pruned scenario in 2.599e-05 seconds.
Scenario constructed in 1.44 seconds.
  Connecting to CARLA on port 2000
  Map loaded in simulator.
  Generated scene in 2 iterations, 0.01582 seconds.
  Beginning simulation of top-level scenario...
  Ran simulation in 10.69 seconds.
Beginning scenario construction...
pygame 2.6.1 (SDL 2.28.4, Python 3.10.12)
Hello from the pygame community. https://www.pygame.org/contribute.html
  Loading cached version of road network...
  Loaded cached network in 0.13 seconds.
  Pruning scenario...
  Pruned scenario in 2.551e-05 seconds.
Scenario constructed in 1.42 seconds.
  Connecting to CARLA on port 2000
  Map loaded in simulator.
  Generated scene in 1 iterations, 0.01054 seconds.
  Beginning simulation of top-level scenario...
  Ran simulation in 10.55 seconds.
Beginning scenario construction...
pygame 2.6.1 (SDL 2.28.4, Python 3.10.12)
Hello from the pygame community. https://www.pygame.org/contribute.html
  Loading cached version of road network...
  Loaded cached network in 0.13 seconds.
  Pruning scenario...
  Pruned scenario in 2.432e-05 seconds.
Scenario constructed in 1.42 seconds.
  Connecting to CARLA on port 2000
  Map loaded in simulator.
  Generated scene in 1 iterations, 0.01035 seconds.
  Beginning simulation of top-level scenario...
  Ran simulation in 11.07 seconds.
Beginning scenario construction...
pygame 2.6.1 (SDL 2.28.4, Python 3.10.12)
Hello from the pygame community. https://www.pygame.org/contribute.html
  Loading cached version of road network...
  Loaded cached network in 0.13 seconds.
  Pruning scenario...
  Pruned scenario in 2.36e-05 seconds.
Scenario constructed in 1.43 seconds.
  Connecting to CARLA on port 2000
  Map loaded in simulator.
  Generated scene in 1 iterations, 0.01074 seconds.
  Beginning simulation of top-level scenario...
  Ran simulation in 11.04 seconds.
Beginning scenario construction...
pygame 2.6.1 (SDL 2.28.4, Python 3.10.12)
Hello from the pygame community. https://www.pygame.org/contribute.html
  Loading cached version of road network...
  Loaded cached network in 0.13 seconds.
  Pruning scenario...
  Pruned scenario in 2.575e-05 seconds.
Scenario constructed in 1.42 seconds.
  Connecting to CARLA on port 2000
  Map loaded in simulator.
  Generated scene in 1 iterations, 0.01048 seconds.
  Beginning simulation of top-level scenario...
  Ran simulation in 11.35 seconds.
Beginning scenario construction...
pygame 2.6.1 (SDL 2.28.4, Python 3.10.12)
Hello from the pygame community. https://www.pygame.org/contribute.html
  Loading cached version of road network...
  Loaded cached network in 0.14 seconds.
  Pruning scenario...
  Pruned scenario in 2.623e-05 seconds.
Scenario constructed in 1.43 seconds.
  Connecting to CARLA on port 2000
  Map loaded in simulator.
  Generated scene in 2 iterations, 0.01616 seconds.
  Beginning simulation of top-level scenario...
  Ran simulation in 12.45 seconds.
Beginning scenario construction...
pygame 2.6.1 (SDL 2.28.4, Python 3.10.12)
Hello from the pygame community. https://www.pygame.org/contribute.html
  Loading cached version of road network...
  Loaded cached network in 0.14 seconds.
  Pruning scenario...
  Pruned scenario in 2.599e-05 seconds.
Scenario constructed in 1.42 seconds.
  Connecting to CARLA on port 2000
  Map loaded in simulator.
  Generated scene in 1 iterations, 0.01072 seconds.
  Beginning simulation of top-level scenario...
  Ran simulation in 11.23 seconds.
Beginning scenario construction...
pygame 2.6.1 (SDL 2.28.4, Python 3.10.12)
Hello from the pygame community. https://www.pygame.org/contribute.html
  Loading cached version of road network...
  Loaded cached network in 0.13 seconds.
  Pruning scenario...
  Pruned scenario in 2.67e-05 seconds.
Scenario constructed in 1.44 seconds.
  Connecting to CARLA on port 2000
  Map loaded in simulator.
  Generated scene in 1 iterations, 0.0103 seconds.
  Beginning simulation of top-level scenario...
  Ran simulation in 11.41 seconds.
Beginning scenario construction...
pygame 2.6.1 (SDL 2.28.4, Python 3.10.12)
Hello from the pygame community. https://www.pygame.org/contribute.html
  Loading cached version of road network...
  Loaded cached network in 0.13 seconds.
  Pruning scenario...
  Pruned scenario in 2.933e-05 seconds.
Scenario constructed in 1.44 seconds.
  Connecting to CARLA on port 2000
  Map loaded in simulator.
  Generated scene in 2 iterations, 0.01585 seconds.
  Beginning simulation of top-level scenario...
  Ran simulation in 11.11 seconds.
Beginning scenario construction...
pygame 2.6.1 (SDL 2.28.4, Python 3.10.12)
Hello from the pygame community. https://www.pygame.org/contribute.html
  Loading cached version of road network...
  Loaded cached network in 0.13 seconds.
  Pruning scenario...
  Pruned scenario in 2.575e-05 seconds.
Scenario constructed in 1.43 seconds.
  Connecting to CARLA on port 2000
  Map loaded in simulator.
  Generated scene in 2 iterations, 0.01672 seconds.
  Beginning simulation of top-level scenario...
  Ran simulation in 11.03 seconds.
Beginning scenario construction...
pygame 2.6.1 (SDL 2.28.4, Python 3.10.12)
Hello from the pygame community. https://www.pygame.org/contribute.html
  Loading cached version of road network...
  Loaded cached network in 0.13 seconds.
  Pruning scenario...
  Pruned scenario in 2.48e-05 seconds.
Scenario constructed in 1.44 seconds.
  Connecting to CARLA on port 2000
  Map loaded in simulator.
  Generated scene in 3 iterations, 0.02104 seconds.
  Beginning simulation of top-level scenario...
  Ran simulation in 10.09 seconds.
Beginning scenario construction...
pygame 2.6.1 (SDL 2.28.4, Python 3.10.12)
Hello from the pygame community. https://www.pygame.org/contribute.html
  Loading cached version of road network...
  Loaded cached network in 0.14 seconds.
  Pruning scenario...
  Pruned scenario in 2.646e-05 seconds.
Scenario constructed in 1.43 seconds.
  Connecting to CARLA on port 2000
  Map loaded in simulator.
  Generated scene in 1 iterations, 0.01095 seconds.
  Beginning simulation of top-level scenario...
  Ran simulation in 10.57 seconds.
Beginning scenario construction...
pygame 2.6.1 (SDL 2.28.4, Python 3.10.12)
Hello from the pygame community. https://www.pygame.org/contribute.html
  Loading cached version of road network...
  Loaded cached network in 0.13 seconds.
  Pruning scenario...
  Pruned scenario in 2.623e-05 seconds.
Scenario constructed in 1.42 seconds.
  Connecting to CARLA on port 2000
  Map loaded in simulator.
  Generated scene in 1 iterations, 0.01044 seconds.
  Beginning simulation of top-level scenario...
  Ran simulation in 10.41 seconds.
Beginning scenario construction...
pygame 2.6.1 (SDL 2.28.4, Python 3.10.12)
Hello from the pygame community. https://www.pygame.org/contribute.html
  Loading cached version of road network...
  Loaded cached network in 0.13 seconds.
  Pruning scenario...
  Pruned scenario in 2.456e-05 seconds.
Scenario constructed in 1.41 seconds.
  Connecting to CARLA on port 2000
  Map loaded in simulator.
  Generated scene in 1 iterations, 0.01104 seconds.
  Beginning simulation of top-level scenario...
  Ran simulation in 10.92 seconds.
Beginning scenario construction...
pygame 2.6.1 (SDL 2.28.4, Python 3.10.12)
Hello from the pygame community. https://www.pygame.org/contribute.html
  Loading cached version of road network...
  Loaded cached network in 0.13 seconds.
  Pruning scenario...
  Pruned scenario in 2.48e-05 seconds.
Scenario constructed in 1.41 seconds.
  Connecting to CARLA on port 2000
  Map loaded in simulator.
  Generated scene in 1 iterations, 0.01035 seconds.
  Beginning simulation of top-level scenario...
  Ran simulation in 11.27 seconds.
Beginning scenario construction...
pygame 2.6.1 (SDL 2.28.4, Python 3.10.12)
Hello from the pygame community. https://www.pygame.org/contribute.html
  Loading cached version of road network...
  Loaded cached network in 0.13 seconds.
  Pruning scenario...
  Pruned scenario in 2.408e-05 seconds.
Scenario constructed in 1.42 seconds.
  Connecting to CARLA on port 2000
  Map loaded in simulator.
  Generated scene in 1 iterations, 0.0109 seconds.
  Beginning simulation of top-level scenario...
  Ran simulation in 11.39 seconds.
Beginning scenario construction...
pygame 2.6.1 (SDL 2.28.4, Python 3.10.12)
Hello from the pygame community. https://www.pygame.org/contribute.html
  Loading cached version of road network...
  Loaded cached network in 0.13 seconds.
  Pruning scenario...
  Pruned scenario in 2.599e-05 seconds.
Scenario constructed in 1.43 seconds.
  Connecting to CARLA on port 2000
  Map loaded in simulator.
  Generated scene in 1 iterations, 0.01062 seconds.
  Beginning simulation of top-level scenario...
  Ran simulation in 10.38 seconds.
Beginning scenario construction...
pygame 2.6.1 (SDL 2.28.4, Python 3.10.12)
Hello from the pygame community. https://www.pygame.org/contribute.html
  Loading cached version of road network...
  Loaded cached network in 0.14 seconds.
  Pruning scenario...
  Pruned scenario in 2.599e-05 seconds.
Scenario constructed in 1.42 seconds.
  Connecting to CARLA on port 2000
  Map loaded in simulator.
  Generated scene in 2 iterations, 0.01603 seconds.
  Beginning simulation of top-level scenario...
  Ran simulation in 12.15 seconds.
Beginning scenario construction...
pygame 2.6.1 (SDL 2.28.4, Python 3.10.12)
Hello from the pygame community. https://www.pygame.org/contribute.html
  Loading cached version of road network...
  Loaded cached network in 0.13 seconds.
  Pruning scenario...
  Pruned scenario in 2.456e-05 seconds.
Scenario constructed in 1.43 seconds.
  Connecting to CARLA on port 2000
  Map loaded in simulator.
  Generated scene in 1 iterations, 0.01042 seconds.
  Beginning simulation of top-level scenario...
  Ran simulation in 12.76 seconds.
Beginning scenario construction...
pygame 2.6.1 (SDL 2.28.4, Python 3.10.12)
Hello from the pygame community. https://www.pygame.org/contribute.html
  Loading cached version of road network...
  Loaded cached network in 0.13 seconds.
  Pruning scenario...
  Pruned scenario in 2.456e-05 seconds.
Scenario constructed in 1.42 seconds.
  Connecting to CARLA on port 2000
  Map loaded in simulator.
  Generated scene in 2 iterations, 0.01628 seconds.
  Beginning simulation of top-level scenario...
  Ran simulation in 12.67 seconds.
Beginning scenario construction...
pygame 2.6.1 (SDL 2.28.4, Python 3.10.12)
Hello from the pygame community. https://www.pygame.org/contribute.html
  Loading cached version of road network...
  Loaded cached network in 0.13 seconds.
  Pruning scenario...
  Pruned scenario in 2.527e-05 seconds.
Scenario constructed in 1.43 seconds.
  Connecting to CARLA on port 2000
  Map loaded in simulator.
  Generated scene in 1 iterations, 0.01042 seconds.
  Beginning simulation of top-level scenario...
  Ran simulation in 11.6 seconds.
Beginning scenario construction...
pygame 2.6.1 (SDL 2.28.4, Python 3.10.12)
Hello from the pygame community. https://www.pygame.org/contribute.html
  Loading cached version of road network...
  Loaded cached network in 0.13 seconds.
  Pruning scenario...
  Pruned scenario in 2.646e-05 seconds.
Scenario constructed in 1.42 seconds.
  Connecting to CARLA on port 2000
  Map loaded in simulator.
  Generated scene in 1 iterations, 0.01029 seconds.
  Beginning simulation of top-level scenario...
  Ran simulation in 10.06 seconds.
Beginning scenario construction...
pygame 2.6.1 (SDL 2.28.4, Python 3.10.12)
Hello from the pygame community. https://www.pygame.org/contribute.html
  Loading cached version of road network...
  Loaded cached network in 0.13 seconds.
  Pruning scenario...
  Pruned scenario in 2.503e-05 seconds.
Scenario constructed in 1.43 seconds.
  Connecting to CARLA on port 2000
  Map loaded in simulator.
  Generated scene in 1 iterations, 0.01049 seconds.
  Beginning simulation of top-level scenario...
  Ran simulation in 10.71 seconds.
Beginning scenario construction...
pygame 2.6.1 (SDL 2.28.4, Python 3.10.12)
Hello from the pygame community. https://www.pygame.org/contribute.html
  Loading cached version of road network...
  Loaded cached network in 0.13 seconds.
  Pruning scenario...
  Pruned scenario in 2.575e-05 seconds.
Scenario constructed in 1.40 seconds.
  Connecting to CARLA on port 2000
  Map loaded in simulator.
  Generated scene in 1 iterations, 0.01028 seconds.
  Beginning simulation of top-level scenario...
  Ran simulation in 11.82 seconds.
Beginning scenario construction...
pygame 2.6.1 (SDL 2.28.4, Python 3.10.12)
Hello from the pygame community. https://www.pygame.org/contribute.html
  Loading cached version of road network...
  Loaded cached network in 0.13 seconds.
  Pruning scenario...
  Pruned scenario in 2.599e-05 seconds.
Scenario constructed in 1.43 seconds.
  Connecting to CARLA on port 2000
  Map loaded in simulator.
  Generated scene in 1 iterations, 0.01041 seconds.
  Beginning simulation of top-level scenario...
  Ran simulation in 11.77 seconds.
Beginning scenario construction...
pygame 2.6.1 (SDL 2.28.4, Python 3.10.12)
Hello from the pygame community. https://www.pygame.org/contribute.html
  Loading cached version of road network...
  Loaded cached network in 0.13 seconds.
  Pruning scenario...
  Pruned scenario in 2.48e-05 seconds.
Scenario constructed in 1.41 seconds.
  Connecting to CARLA on port 2000
  Map loaded in simulator.
  Generated scene in 1 iterations, 0.01015 seconds.
  Beginning simulation of top-level scenario...
  Ran simulation in 11.67 seconds.
Beginning scenario construction...
pygame 2.6.1 (SDL 2.28.4, Python 3.10.12)
Hello from the pygame community. https://www.pygame.org/contribute.html
  Loading cached version of road network...
  Loaded cached network in 0.13 seconds.
  Pruning scenario...
  Pruned scenario in 2.432e-05 seconds.
Scenario constructed in 1.42 seconds.
  Connecting to CARLA on port 2000
  Map loaded in simulator.
  Generated scene in 1 iterations, 0.01038 seconds.
  Beginning simulation of top-level scenario...
  Ran simulation in 11.39 seconds.
Beginning scenario construction...
pygame 2.6.1 (SDL 2.28.4, Python 3.10.12)
Hello from the pygame community. https://www.pygame.org/contribute.html
  Loading cached version of road network...
  Loaded cached network in 0.13 seconds.
  Pruning scenario...
  Pruned scenario in 2.313e-05 seconds.
Scenario constructed in 1.40 seconds.
  Connecting to CARLA on port 2000
  Map loaded in simulator.
  Generated scene in 1 iterations, 0.01045 seconds.
  Beginning simulation of top-level scenario...
  Ran simulation in 11.93 seconds.
Beginning scenario construction...
pygame 2.6.1 (SDL 2.28.4, Python 3.10.12)
Hello from the pygame community. https://www.pygame.org/contribute.html
  Loading cached version of road network...
  Loaded cached network in 0.13 seconds.
  Pruning scenario...
  Pruned scenario in 2.456e-05 seconds.
Scenario constructed in 1.41 seconds.
  Connecting to CARLA on port 2000
  Map loaded in simulator.
  Generated scene in 2 iterations, 0.01681 seconds.
  Beginning simulation of top-level scenario...
  Ran simulation in 10.43 seconds.
Beginning scenario construction...
pygame 2.6.1 (SDL 2.28.4, Python 3.10.12)
Hello from the pygame community. https://www.pygame.org/contribute.html
  Loading cached version of road network...
  Loaded cached network in 0.14 seconds.
  Pruning scenario...
  Pruned scenario in 2.384e-05 seconds.
Scenario constructed in 1.42 seconds.
  Connecting to CARLA on port 2000
  Map loaded in simulator.
  Generated scene in 1 iterations, 0.01052 seconds.
  Beginning simulation of top-level scenario...
  Ran simulation in 11.07 seconds.
Beginning scenario construction...
pygame 2.6.1 (SDL 2.28.4, Python 3.10.12)
Hello from the pygame community. https://www.pygame.org/contribute.html
  Loading cached version of road network...
  Loaded cached network in 0.13 seconds.
  Pruning scenario...
  Pruned scenario in 2.503e-05 seconds.
Scenario constructed in 1.40 seconds.
  Connecting to CARLA on port 2000
  Map loaded in simulator.
  Generated scene in 2 iterations, 0.01662 seconds.
  Beginning simulation of top-level scenario...
  Ran simulation in 11.17 seconds.
Beginning scenario construction...
pygame 2.6.1 (SDL 2.28.4, Python 3.10.12)
Hello from the pygame community. https://www.pygame.org/contribute.html
  Loading cached version of road network...
  Loaded cached network in 0.14 seconds.
  Pruning scenario...
  Pruned scenario in 2.456e-05 seconds.
Scenario constructed in 1.40 seconds.
  Connecting to CARLA on port 2000
  Map loaded in simulator.
  Generated scene in 1 iterations, 0.01135 seconds.
  Beginning simulation of top-level scenario...
  Ran simulation in 11.85 seconds.
Beginning scenario construction...
pygame 2.6.1 (SDL 2.28.4, Python 3.10.12)
Hello from the pygame community. https://www.pygame.org/contribute.html
  Loading cached version of road network...
  Loaded cached network in 0.13 seconds.
  Pruning scenario...
  Pruned scenario in 2.48e-05 seconds.
Scenario constructed in 1.41 seconds.
  Connecting to CARLA on port 2000
  Map loaded in simulator.
  Generated scene in 3 iterations, 0.02184 seconds.
  Beginning simulation of top-level scenario...
  Ran simulation in 10.57 seconds.
Beginning scenario construction...
pygame 2.6.1 (SDL 2.28.4, Python 3.10.12)
Hello from the pygame community. https://www.pygame.org/contribute.html
  Loading cached version of road network...
  Loaded cached network in 0.13 seconds.
  Pruning scenario...
  Pruned scenario in 2.48e-05 seconds.
Scenario constructed in 1.40 seconds.
  Connecting to CARLA on port 2000
  Map loaded in simulator.
  Generated scene in 1 iterations, 0.01043 seconds.
  Beginning simulation of top-level scenario...
  Ran simulation in 11.59 seconds.
Beginning scenario construction...
pygame 2.6.1 (SDL 2.28.4, Python 3.10.12)
Hello from the pygame community. https://www.pygame.org/contribute.html
  Loading cached version of road network...
  Loaded cached network in 0.13 seconds.
  Pruning scenario...
  Pruned scenario in 2.503e-05 seconds.
Scenario constructed in 1.41 seconds.
  Connecting to CARLA on port 2000
  Map loaded in simulator.
  Generated scene in 1 iterations, 0.01045 seconds.
  Beginning simulation of top-level scenario...
  Ran simulation in 11.51 seconds.
Beginning scenario construction...
pygame 2.6.1 (SDL 2.28.4, Python 3.10.12)
Hello from the pygame community. https://www.pygame.org/contribute.html
  Loading cached version of road network...
  Loaded cached network in 0.13 seconds.
  Pruning scenario...
  Pruned scenario in 2.575e-05 seconds.
Scenario constructed in 1.41 seconds.
  Connecting to CARLA on port 2000
  Map loaded in simulator.
  Generated scene in 1 iterations, 0.01074 seconds.
  Beginning simulation of top-level scenario...
  Ran simulation in 13.02 seconds.
Beginning scenario construction...
pygame 2.6.1 (SDL 2.28.4, Python 3.10.12)
Hello from the pygame community. https://www.pygame.org/contribute.html
  Loading cached version of road network...
  Loaded cached network in 0.13 seconds.
  Pruning scenario...
  Pruned scenario in 2.503e-05 seconds.
Scenario constructed in 1.42 seconds.
  Connecting to CARLA on port 2000
  Map loaded in simulator.
  Generated scene in 1 iterations, 0.01037 seconds.
  Beginning simulation of top-level scenario...
  Ran simulation in 11.29 seconds.
Beginning scenario construction...
pygame 2.6.1 (SDL 2.28.4, Python 3.10.12)
Hello from the pygame community. https://www.pygame.org/contribute.html
  Loading cached version of road network...
  Loaded cached network in 0.13 seconds.
  Pruning scenario...
  Pruned scenario in 2.432e-05 seconds.
Scenario constructed in 1.40 seconds.
  Connecting to CARLA on port 2000
  Map loaded in simulator.
  Generated scene in 1 iterations, 0.01032 seconds.
  Beginning simulation of top-level scenario...
  Ran simulation in 11.64 seconds.
Beginning scenario construction...
pygame 2.6.1 (SDL 2.28.4, Python 3.10.12)
Hello from the pygame community. https://www.pygame.org/contribute.html
  Loading cached version of road network...
  Loaded cached network in 0.14 seconds.
  Pruning scenario...
  Pruned scenario in 2.36e-05 seconds.
Scenario constructed in 1.41 seconds.
  Connecting to CARLA on port 2000
  Map loaded in simulator.
  Generated scene in 1 iterations, 0.01029 seconds.
  Beginning simulation of top-level scenario...
  Ran simulation in 11.88 seconds.
Beginning scenario construction...
pygame 2.6.1 (SDL 2.28.4, Python 3.10.12)
Hello from the pygame community. https://www.pygame.org/contribute.html
  Loading cached version of road network...
  Loaded cached network in 0.13 seconds.
  Pruning scenario...
  Pruned scenario in 2.337e-05 seconds.
Scenario constructed in 1.41 seconds.
  Connecting to CARLA on port 2000
  Map loaded in simulator.
  Generated scene in 3 iterations, 0.02205 seconds.
  Beginning simulation of top-level scenario...
  Ran simulation in 13.57 seconds.
Beginning scenario construction...
pygame 2.6.1 (SDL 2.28.4, Python 3.10.12)
Hello from the pygame community. https://www.pygame.org/contribute.html
  Loading cached version of road network...
  Loaded cached network in 0.13 seconds.
  Pruning scenario...
  Pruned scenario in 2.599e-05 seconds.
Scenario constructed in 1.42 seconds.
  Connecting to CARLA on port 2000
  Map loaded in simulator.
  Generated scene in 1 iterations, 0.01089 seconds.
  Beginning simulation of top-level scenario...
  Ran simulation in 11.67 seconds.
Beginning scenario construction...
pygame 2.6.1 (SDL 2.28.4, Python 3.10.12)
Hello from the pygame community. https://www.pygame.org/contribute.html
  Loading cached version of road network...
  Loaded cached network in 0.14 seconds.
  Pruning scenario...
  Pruned scenario in 2.432e-05 seconds.
Scenario constructed in 1.41 seconds.
  Connecting to CARLA on port 2000
  Map loaded in simulator.
  Generated scene in 1 iterations, 0.01083 seconds.
  Beginning simulation of top-level scenario...
  Ran simulation in 11.65 seconds.
Beginning scenario construction...
pygame 2.6.1 (SDL 2.28.4, Python 3.10.12)
Hello from the pygame community. https://www.pygame.org/contribute.html
  Loading cached version of road network...
  Loaded cached network in 0.13 seconds.
  Pruning scenario...
  Pruned scenario in 2.432e-05 seconds.
Scenario constructed in 1.42 seconds.
  Connecting to CARLA on port 2000
  Map loaded in simulator.
  Generated scene in 1 iterations, 0.01029 seconds.
  Beginning simulation of top-level scenario...
  Ran simulation in 10.46 seconds.
Beginning scenario construction...
pygame 2.6.1 (SDL 2.28.4, Python 3.10.12)
Hello from the pygame community. https://www.pygame.org/contribute.html
  Loading cached version of road network...
  Loaded cached network in 0.13 seconds.
  Pruning scenario...
  Pruned scenario in 2.408e-05 seconds.
Scenario constructed in 1.40 seconds.
  Connecting to CARLA on port 2000
  Map loaded in simulator.
  Generated scene in 1 iterations, 0.01048 seconds.
  Beginning simulation of top-level scenario...
  Ran simulation in 11.68 seconds.
Beginning scenario construction...
pygame 2.6.1 (SDL 2.28.4, Python 3.10.12)
Hello from the pygame community. https://www.pygame.org/contribute.html
  Loading cached version of road network...
  Loaded cached network in 0.13 seconds.
  Pruning scenario...
  Pruned scenario in 3.028e-05 seconds.
Scenario constructed in 1.42 seconds.
  Connecting to CARLA on port 2000
  Map loaded in simulator.
  Generated scene in 1 iterations, 0.01053 seconds.
  Beginning simulation of top-level scenario...
  Ran simulation in 11.72 seconds.
Beginning scenario construction...
pygame 2.6.1 (SDL 2.28.4, Python 3.10.12)
Hello from the pygame community. https://www.pygame.org/contribute.html
  Loading cached version of road network...
  Loaded cached network in 0.13 seconds.
  Pruning scenario...
  Pruned scenario in 2.575e-05 seconds.
Scenario constructed in 1.41 seconds.
  Connecting to CARLA on port 2000
  Map loaded in simulator.
  Generated scene in 1 iterations, 0.01057 seconds.
  Beginning simulation of top-level scenario...
  Ran simulation in 16.79 seconds.
Beginning scenario construction...
pygame 2.6.1 (SDL 2.28.4, Python 3.10.12)
Hello from the pygame community. https://www.pygame.org/contribute.html
  Loading cached version of road network...
  Loaded cached network in 0.13 seconds.
  Pruning scenario...
  Pruned scenario in 2.67e-05 seconds.
Scenario constructed in 1.42 seconds.
  Connecting to CARLA on port 2000
  Map loaded in simulator.
  Generated scene in 1 iterations, 0.0106 seconds.
  Beginning simulation of top-level scenario...
  Ran simulation in 17.96 seconds.
Beginning scenario construction...
pygame 2.6.1 (SDL 2.28.4, Python 3.10.12)
Hello from the pygame community. https://www.pygame.org/contribute.html
  Loading cached version of road network...
  Loaded cached network in 0.13 seconds.
  Pruning scenario...
  Pruned scenario in 2.742e-05 seconds.
Scenario constructed in 1.41 seconds.
  Connecting to CARLA on port 2000
  Map loaded in simulator.
  Generated scene in 1 iterations, 0.01036 seconds.
  Beginning simulation of top-level scenario...
  Ran simulation in 26.82 seconds.
Beginning scenario construction...
pygame 2.6.1 (SDL 2.28.4, Python 3.10.12)
Hello from the pygame community. https://www.pygame.org/contribute.html
  Loading cached version of road network...
  Loaded cached network in 0.13 seconds.
  Pruning scenario...
  Pruned scenario in 2.646e-05 seconds.
Scenario constructed in 1.41 seconds.
  Connecting to CARLA on port 2000
  Map loaded in simulator.
  Generated scene in 2 iterations, 0.0168 seconds.
  Beginning simulation of top-level scenario...
  Ran simulation in 27.21 seconds.
Beginning scenario construction...
pygame 2.6.1 (SDL 2.28.4, Python 3.10.12)
Hello from the pygame community. https://www.pygame.org/contribute.html
  Loading cached version of road network...
  Loaded cached network in 0.13 seconds.
  Pruning scenario...
  Pruned scenario in 2.694e-05 seconds.
Scenario constructed in 1.40 seconds.
  Connecting to CARLA on port 2000
  Map loaded in simulator.
  Generated scene in 1 iterations, 0.01044 seconds.
  Beginning simulation of top-level scenario...
  Ran simulation in 24.61 seconds.
Beginning scenario construction...
pygame 2.6.1 (SDL 2.28.4, Python 3.10.12)
Hello from the pygame community. https://www.pygame.org/contribute.html
  Loading cached version of road network...
  Loaded cached network in 0.13 seconds.
  Pruning scenario...
  Pruned scenario in 2.337e-05 seconds.
Scenario constructed in 1.40 seconds.
  Connecting to CARLA on port 2000
  Map loaded in simulator.
  Generated scene in 1 iterations, 0.0113 seconds.
  Beginning simulation of top-level scenario...
  Ran simulation in 27.65 seconds.
Beginning scenario construction...
pygame 2.6.1 (SDL 2.28.4, Python 3.10.12)
Hello from the pygame community. https://www.pygame.org/contribute.html
  Loading cached version of road network...
  Loaded cached network in 0.13 seconds.
  Pruning scenario...
  Pruned scenario in 2.599e-05 seconds.
Scenario constructed in 1.40 seconds.
  Connecting to CARLA on port 2000
  Map loaded in simulator.
  Generated scene in 2 iterations, 0.01761 seconds.
  Beginning simulation of top-level scenario...
  Ran simulation in 25.82 seconds.
Beginning scenario construction...
pygame 2.6.1 (SDL 2.28.4, Python 3.10.12)
Hello from the pygame community. https://www.pygame.org/contribute.html
  Loading cached version of road network...
  Loaded cached network in 0.13 seconds.
  Pruning scenario...
  Pruned scenario in 2.718e-05 seconds.
Scenario constructed in 1.42 seconds.
  Connecting to CARLA on port 2000
  Map loaded in simulator.
  Generated scene in 1 iterations, 0.01067 seconds.
  Beginning simulation of top-level scenario...
  Ran simulation in 27.76 seconds.
Beginning scenario construction...
pygame 2.6.1 (SDL 2.28.4, Python 3.10.12)
Hello from the pygame community. https://www.pygame.org/contribute.html
  Loading cached version of road network...
  Loaded cached network in 0.13 seconds.
  Pruning scenario...
  Pruned scenario in 2.718e-05 seconds.
Scenario constructed in 1.41 seconds.
  Connecting to CARLA on port 2000
  Map loaded in simulator.
  Generated scene in 1 iterations, 0.01078 seconds.
  Beginning simulation of top-level scenario...
  Ran simulation in 26.88 seconds.
Beginning scenario construction...
pygame 2.6.1 (SDL 2.28.4, Python 3.10.12)
Hello from the pygame community. https://www.pygame.org/contribute.html
  Loading cached version of road network...
  Loaded cached network in 0.13 seconds.
  Pruning scenario...
  Pruned scenario in 2.67e-05 seconds.
Scenario constructed in 1.42 seconds.
  Connecting to CARLA on port 2000
  Map loaded in simulator.
  Generated scene in 2 iterations, 0.01716 seconds.
  Beginning simulation of top-level scenario...
  Ran simulation in 26.6 seconds.
Beginning scenario construction...
pygame 2.6.1 (SDL 2.28.4, Python 3.10.12)
Hello from the pygame community. https://www.pygame.org/contribute.html
  Loading cached version of road network...
  Loaded cached network in 0.13 seconds.
  Pruning scenario...
  Pruned scenario in 2.527e-05 seconds.
Scenario constructed in 1.41 seconds.
  Connecting to CARLA on port 2000
  Map loaded in simulator.
  Generated scene in 2 iterations, 0.01721 seconds.
  Beginning simulation of top-level scenario...
  Ran simulation in 26.27 seconds.
Beginning scenario construction...
pygame 2.6.1 (SDL 2.28.4, Python 3.10.12)
Hello from the pygame community. https://www.pygame.org/contribute.html
  Loading cached version of road network...
  Loaded cached network in 0.13 seconds.
  Pruning scenario...
  Pruned scenario in 2.813e-05 seconds.
Scenario constructed in 1.41 seconds.
  Connecting to CARLA on port 2000
  Map loaded in simulator.
  Generated scene in 1 iterations, 0.01088 seconds.
  Beginning simulation of top-level scenario...
  Ran simulation in 26.74 seconds.
Beginning scenario construction...
pygame 2.6.1 (SDL 2.28.4, Python 3.10.12)
Hello from the pygame community. https://www.pygame.org/contribute.html
  Loading cached version of road network...
  Loaded cached network in 0.13 seconds.
  Pruning scenario...
  Pruned scenario in 2.456e-05 seconds.
Scenario constructed in 1.40 seconds.
  Connecting to CARLA on port 2000
  Map loaded in simulator.
  Generated scene in 1 iterations, 0.01103 seconds.
  Beginning simulation of top-level scenario...
  Ran simulation in 26.51 seconds.
Beginning scenario construction...
pygame 2.6.1 (SDL 2.28.4, Python 3.10.12)
Hello from the pygame community. https://www.pygame.org/contribute.html
  Loading cached version of road network...
  Loaded cached network in 0.13 seconds.
  Pruning scenario...
  Pruned scenario in 2.718e-05 seconds.
Scenario constructed in 1.39 seconds.
  Connecting to CARLA on port 2000
  Map loaded in simulator.
  Generated scene in 1 iterations, 0.01114 seconds.
  Beginning simulation of top-level scenario...
  Ran simulation in 26.83 seconds.
Beginning scenario construction...
pygame 2.6.1 (SDL 2.28.4, Python 3.10.12)
Hello from the pygame community. https://www.pygame.org/contribute.html
  Loading cached version of road network...
  Loaded cached network in 0.14 seconds.
  Pruning scenario...
  Pruned scenario in 2.766e-05 seconds.
Scenario constructed in 1.40 seconds.
  Connecting to CARLA on port 2000
  Map loaded in simulator.
  Generated scene in 1 iterations, 0.01138 seconds.
  Beginning simulation of top-level scenario...
  Ran simulation in 27.37 seconds.
Beginning scenario construction...
pygame 2.6.1 (SDL 2.28.4, Python 3.10.12)
Hello from the pygame community. https://www.pygame.org/contribute.html
  Loading cached version of road network...
  Loaded cached network in 0.13 seconds.
  Pruning scenario...
  Pruned scenario in 2.527e-05 seconds.
Scenario constructed in 1.42 seconds.
  Connecting to CARLA on port 2000
  Map loaded in simulator.
  Generated scene in 2 iterations, 0.01686 seconds.
  Beginning simulation of top-level scenario...
  Ran simulation in 27.72 seconds.
Beginning scenario construction...
pygame 2.6.1 (SDL 2.28.4, Python 3.10.12)
Hello from the pygame community. https://www.pygame.org/contribute.html
  Loading cached version of road network...
  Loaded cached network in 0.13 seconds.
  Pruning scenario...
  Pruned scenario in 3.171e-05 seconds.
Scenario constructed in 1.39 seconds.
  Connecting to CARLA on port 2000
  Map loaded in simulator.
  Generated scene in 2 iterations, 0.01723 seconds.
  Beginning simulation of top-level scenario...
  Ran simulation in 27.56 seconds.
Beginning scenario construction...
pygame 2.6.1 (SDL 2.28.4, Python 3.10.12)
Hello from the pygame community. https://www.pygame.org/contribute.html
  Loading cached version of road network...
  Loaded cached network in 0.13 seconds.
  Pruning scenario...
  Pruned scenario in 2.789e-05 seconds.
Scenario constructed in 1.41 seconds.
  Connecting to CARLA on port 2000
  Map loaded in simulator.
  Generated scene in 1 iterations, 0.01109 seconds.
  Beginning simulation of top-level scenario...
  Ran simulation in 26.72 seconds.
Beginning scenario construction...
pygame 2.6.1 (SDL 2.28.4, Python 3.10.12)
Hello from the pygame community. https://www.pygame.org/contribute.html
  Loading cached version of road network...
  Loaded cached network in 0.13 seconds.
  Pruning scenario...
  Pruned scenario in 2.933e-05 seconds.
Scenario constructed in 1.40 seconds.
  Connecting to CARLA on port 2000
  Map loaded in simulator.
  Generated scene in 1 iterations, 0.01153 seconds.
  Beginning simulation of top-level scenario...
  Ran simulation in 28.11 seconds.
Beginning scenario construction...
pygame 2.6.1 (SDL 2.28.4, Python 3.10.12)
Hello from the pygame community. https://www.pygame.org/contribute.html
  Loading cached version of road network...
  Loaded cached network in 0.13 seconds.
  Pruning scenario...
  Pruned scenario in 2.623e-05 seconds.
Scenario constructed in 1.41 seconds.
  Connecting to CARLA on port 2000
  Map loaded in simulator.
  Generated scene in 1 iterations, 0.01062 seconds.
  Beginning simulation of top-level scenario...
  Ran simulation in 28.65 seconds.
Beginning scenario construction...
pygame 2.6.1 (SDL 2.28.4, Python 3.10.12)
Hello from the pygame community. https://www.pygame.org/contribute.html
  Loading cached version of road network...
  Loaded cached network in 0.13 seconds.
  Pruning scenario...
  Pruned scenario in 3.052e-05 seconds.
Scenario constructed in 1.40 seconds.
  Connecting to CARLA on port 2000
  Map loaded in simulator.
  Generated scene in 1 iterations, 0.01134 seconds.
  Beginning simulation of top-level scenario...
  Ran simulation in 26.14 seconds.
Beginning scenario construction...
pygame 2.6.1 (SDL 2.28.4, Python 3.10.12)
Hello from the pygame community. https://www.pygame.org/contribute.html
  Loading cached version of road network...
  Loaded cached network in 0.13 seconds.
  Pruning scenario...
  Pruned scenario in 2.551e-05 seconds.
Scenario constructed in 1.40 seconds.
  Connecting to CARLA on port 2000
  Map loaded in simulator.
  Generated scene in 2 iterations, 0.01781 seconds.
  Beginning simulation of top-level scenario...
  Ran simulation in 27.86 seconds.
Beginning scenario construction...
pygame 2.6.1 (SDL 2.28.4, Python 3.10.12)
Hello from the pygame community. https://www.pygame.org/contribute.html
  Loading cached version of road network...
  Loaded cached network in 0.13 seconds.
  Pruning scenario...
  Pruned scenario in 2.48e-05 seconds.
Scenario constructed in 1.40 seconds.
  Connecting to CARLA on port 2000
  Map loaded in simulator.
  Generated scene in 1 iterations, 0.01121 seconds.
  Beginning simulation of top-level scenario...
  Ran simulation in 26.1 seconds.
Beginning scenario construction...
pygame 2.6.1 (SDL 2.28.4, Python 3.10.12)
Hello from the pygame community. https://www.pygame.org/contribute.html
  Loading cached version of road network...
  Loaded cached network in 0.13 seconds.
  Pruning scenario...
  Pruned scenario in 2.742e-05 seconds.
Scenario constructed in 1.40 seconds.
  Connecting to CARLA on port 2000
  Map loaded in simulator.
  Generated scene in 1 iterations, 0.01073 seconds.
  Beginning simulation of top-level scenario...
  Ran simulation in 27.05 seconds.
Beginning scenario construction...
pygame 2.6.1 (SDL 2.28.4, Python 3.10.12)
Hello from the pygame community. https://www.pygame.org/contribute.html
  Loading cached version of road network...
  Loaded cached network in 0.14 seconds.
  Pruning scenario...
  Pruned scenario in 2.503e-05 seconds.
Scenario constructed in 1.42 seconds.
  Connecting to CARLA on port 2000
  Map loaded in simulator.
  Generated scene in 1 iterations, 0.01068 seconds.
  Beginning simulation of top-level scenario...
  Ran simulation in 26.93 seconds.
Beginning scenario construction...
pygame 2.6.1 (SDL 2.28.4, Python 3.10.12)
Hello from the pygame community. https://www.pygame.org/contribute.html
  Loading cached version of road network...
  Loaded cached network in 0.13 seconds.
  Pruning scenario...
  Pruned scenario in 2.694e-05 seconds.
Scenario constructed in 1.40 seconds.
  Connecting to CARLA on port 2000
  Map loaded in simulator.
  Generated scene in 1 iterations, 0.01076 seconds.
  Beginning simulation of top-level scenario...
  Ran simulation in 27.69 seconds.
Beginning scenario construction...
pygame 2.6.1 (SDL 2.28.4, Python 3.10.12)
Hello from the pygame community. https://www.pygame.org/contribute.html
  Loading cached version of road network...
  Loaded cached network in 0.13 seconds.
  Pruning scenario...
  Pruned scenario in 2.646e-05 seconds.
Scenario constructed in 1.39 seconds.
  Connecting to CARLA on port 2000
  Map loaded in simulator.
  Generated scene in 1 iterations, 0.01065 seconds.
  Beginning simulation of top-level scenario...
  Ran simulation in 26.45 seconds.
Beginning scenario construction...
pygame 2.6.1 (SDL 2.28.4, Python 3.10.12)
Hello from the pygame community. https://www.pygame.org/contribute.html
  Loading cached version of road network...
  Loaded cached network in 0.13 seconds.
  Pruning scenario...
  Pruned scenario in 2.503e-05 seconds.
Scenario constructed in 1.43 seconds.
  Connecting to CARLA on port 2000
  Map loaded in simulator.
  Generated scene in 1 iterations, 0.01065 seconds.
  Beginning simulation of top-level scenario...
  Ran simulation in 28.27 seconds.
Beginning scenario construction...
pygame 2.6.1 (SDL 2.28.4, Python 3.10.12)
Hello from the pygame community. https://www.pygame.org/contribute.html
  Loading cached version of road network...
  Loaded cached network in 0.13 seconds.
  Pruning scenario...
  Pruned scenario in 2.599e-05 seconds.
Scenario constructed in 1.40 seconds.
  Connecting to CARLA on port 2000
  Map loaded in simulator.
  Generated scene in 1 iterations, 0.01074 seconds.
  Beginning simulation of top-level scenario...
  Ran simulation in 27.79 seconds.
Beginning scenario construction...
pygame 2.6.1 (SDL 2.28.4, Python 3.10.12)
Hello from the pygame community. https://www.pygame.org/contribute.html
  Loading cached version of road network...
  Loaded cached network in 0.13 seconds.
  Pruning scenario...
  Pruned scenario in 2.646e-05 seconds.
Scenario constructed in 1.41 seconds.
  Connecting to CARLA on port 2000
  Map loaded in simulator.
  Generated scene in 1 iterations, 0.01071 seconds.
  Beginning simulation of top-level scenario...
  Ran simulation in 26.81 seconds.
Beginning scenario construction...
pygame 2.6.1 (SDL 2.28.4, Python 3.10.12)
Hello from the pygame community. https://www.pygame.org/contribute.html
  Loading cached version of road network...
  Loaded cached network in 0.14 seconds.
  Pruning scenario...
  Pruned scenario in 2.48e-05 seconds.
Scenario constructed in 1.41 seconds.
  Connecting to CARLA on port 2000
  Map loaded in simulator.
  Generated scene in 1 iterations, 0.01107 seconds.
  Beginning simulation of top-level scenario...
  Ran simulation in 27.96 seconds.
Beginning scenario construction...
pygame 2.6.1 (SDL 2.28.4, Python 3.10.12)
Hello from the pygame community. https://www.pygame.org/contribute.html
  Loading cached version of road network...
  Loaded cached network in 0.14 seconds.
  Pruning scenario...
  Pruned scenario in 2.766e-05 seconds.
Scenario constructed in 1.42 seconds.
  Connecting to CARLA on port 2000
  Map loaded in simulator.
  Generated scene in 1 iterations, 0.01065 seconds.
  Beginning simulation of top-level scenario...
  Ran simulation in 25.99 seconds.
Beginning scenario construction...
pygame 2.6.1 (SDL 2.28.4, Python 3.10.12)
Hello from the pygame community. https://www.pygame.org/contribute.html
  Loading cached version of road network...
  Loaded cached network in 0.14 seconds.
  Pruning scenario...
  Pruned scenario in 2.67e-05 seconds.
Scenario constructed in 1.42 seconds.
  Connecting to CARLA on port 2000
  Map loaded in simulator.
  Generated scene in 1 iterations, 0.01067 seconds.
  Beginning simulation of top-level scenario...
  Ran simulation in 26.9 seconds.
Beginning scenario construction...
pygame 2.6.1 (SDL 2.28.4, Python 3.10.12)
Hello from the pygame community. https://www.pygame.org/contribute.html
  Loading cached version of road network...
  Loaded cached network in 0.13 seconds.
  Pruning scenario...
  Pruned scenario in 2.646e-05 seconds.
Scenario constructed in 1.42 seconds.
  Connecting to CARLA on port 2000
  Map loaded in simulator.
  Generated scene in 1 iterations, 0.01086 seconds.
  Beginning simulation of top-level scenario...
  Ran simulation in 26.52 seconds.
Beginning scenario construction...
pygame 2.6.1 (SDL 2.28.4, Python 3.10.12)
Hello from the pygame community. https://www.pygame.org/contribute.html
  Loading cached version of road network...
  Loaded cached network in 0.13 seconds.
  Pruning scenario...
  Pruned scenario in 2.742e-05 seconds.
Scenario constructed in 1.39 seconds.
  Connecting to CARLA on port 2000
  Map loaded in simulator.
  Generated scene in 1 iterations, 0.01086 seconds.
  Beginning simulation of top-level scenario...
  Ran simulation in 25.62 seconds.
Beginning scenario construction...
pygame 2.6.1 (SDL 2.28.4, Python 3.10.12)
Hello from the pygame community. https://www.pygame.org/contribute.html
  Loading cached version of road network...
  Loaded cached network in 0.13 seconds.
  Pruning scenario...
  Pruned scenario in 2.813e-05 seconds.
Scenario constructed in 1.40 seconds.
  Connecting to CARLA on port 2000
  Map loaded in simulator.
  Generated scene in 2 iterations, 0.01616 seconds.
  Beginning simulation of top-level scenario...
  Ran simulation in 26.42 seconds.
Beginning scenario construction...
pygame 2.6.1 (SDL 2.28.4, Python 3.10.12)
Hello from the pygame community. https://www.pygame.org/contribute.html
  Loading cached version of road network...
  Loaded cached network in 0.13 seconds.
  Pruning scenario...
  Pruned scenario in 2.527e-05 seconds.
Scenario constructed in 1.40 seconds.
  Connecting to CARLA on port 2000
  Map loaded in simulator.
  Generated scene in 1 iterations, 0.01061 seconds.
  Beginning simulation of top-level scenario...
  Ran simulation in 26.19 seconds.
Beginning scenario construction...
pygame 2.6.1 (SDL 2.28.4, Python 3.10.12)
Hello from the pygame community. https://www.pygame.org/contribute.html
  Loading cached version of road network...
  Loaded cached network in 0.13 seconds.
  Pruning scenario...
  Pruned scenario in 2.646e-05 seconds.
Scenario constructed in 1.41 seconds.
  Connecting to CARLA on port 2000
  Map loaded in simulator.
  Generated scene in 1 iterations, 0.01094 seconds.
  Beginning simulation of top-level scenario...
  Ran simulation in 27.43 seconds.
Beginning scenario construction...
pygame 2.6.1 (SDL 2.28.4, Python 3.10.12)
Hello from the pygame community. https://www.pygame.org/contribute.html
  Loading cached version of road network...
  Loaded cached network in 0.14 seconds.
  Pruning scenario...
  Pruned scenario in 2.384e-05 seconds.
Scenario constructed in 1.41 seconds.
  Connecting to CARLA on port 2000
  Map loaded in simulator.
  Generated scene in 2 iterations, 0.01699 seconds.
  Beginning simulation of top-level scenario...
  Ran simulation in 27.93 seconds.
Beginning scenario construction...
pygame 2.6.1 (SDL 2.28.4, Python 3.10.12)
Hello from the pygame community. https://www.pygame.org/contribute.html
  Loading cached version of road network...
  Loaded cached network in 0.13 seconds.
  Pruning scenario...
  Pruned scenario in 2.623e-05 seconds.
Scenario constructed in 1.41 seconds.
  Connecting to CARLA on port 2000
  Map loaded in simulator.
  Generated scene in 1 iterations, 0.01128 seconds.
  Beginning simulation of top-level scenario...
  Ran simulation in 26.58 seconds.
Beginning scenario construction...
pygame 2.6.1 (SDL 2.28.4, Python 3.10.12)
Hello from the pygame community. https://www.pygame.org/contribute.html
  Loading cached version of road network...
  Loaded cached network in 0.13 seconds.
  Pruning scenario...
  Pruned scenario in 2.623e-05 seconds.
Scenario constructed in 1.41 seconds.
  Connecting to CARLA on port 2000
  Map loaded in simulator.
  Generated scene in 1 iterations, 0.01116 seconds.
  Beginning simulation of top-level scenario...
  Ran simulation in 26.06 seconds.
Beginning scenario construction...
pygame 2.6.1 (SDL 2.28.4, Python 3.10.12)
Hello from the pygame community. https://www.pygame.org/contribute.html
  Loading cached version of road network...
  Loaded cached network in 0.13 seconds.
  Pruning scenario...
  Pruned scenario in 2.837e-05 seconds.
Scenario constructed in 1.41 seconds.
  Connecting to CARLA on port 2000
  Map loaded in simulator.
  Generated scene in 1 iterations, 0.01132 seconds.
  Beginning simulation of top-level scenario...
  Ran simulation in 28.05 seconds.
Beginning scenario construction...
pygame 2.6.1 (SDL 2.28.4, Python 3.10.12)
Hello from the pygame community. https://www.pygame.org/contribute.html
  Loading cached version of road network...
  Loaded cached network in 0.14 seconds.
  Pruning scenario...
  Pruned scenario in 2.384e-05 seconds.
Scenario constructed in 1.42 seconds.
  Connecting to CARLA on port 2000
  Map loaded in simulator.
  Generated scene in 1 iterations, 0.01069 seconds.
  Beginning simulation of top-level scenario...
  Ran simulation in 26.82 seconds.
Beginning scenario construction...
pygame 2.6.1 (SDL 2.28.4, Python 3.10.12)
Hello from the pygame community. https://www.pygame.org/contribute.html
  Loading cached version of road network...
  Loaded cached network in 0.13 seconds.
  Pruning scenario...
  Pruned scenario in 2.337e-05 seconds.
Scenario constructed in 1.41 seconds.
  Connecting to CARLA on port 2000
  Map loaded in simulator.
  Generated scene in 1 iterations, 0.01077 seconds.
  Beginning simulation of top-level scenario...
  Ran simulation in 29.01 seconds.
Beginning scenario construction...
pygame 2.6.1 (SDL 2.28.4, Python 3.10.12)
Hello from the pygame community. https://www.pygame.org/contribute.html
  Loading cached version of road network...
  Loaded cached network in 0.13 seconds.
  Pruning scenario...
  Pruned scenario in 2.623e-05 seconds.
Scenario constructed in 1.40 seconds.
  Connecting to CARLA on port 2000
  Map loaded in simulator.
  Generated scene in 1 iterations, 0.011 seconds.
  Beginning simulation of top-level scenario...
  Ran simulation in 28.86 seconds.
Beginning scenario construction...
pygame 2.6.1 (SDL 2.28.4, Python 3.10.12)
Hello from the pygame community. https://www.pygame.org/contribute.html
  Loading cached version of road network...
  Loaded cached network in 0.14 seconds.
  Pruning scenario...
  Pruned scenario in 2.503e-05 seconds.
Scenario constructed in 1.41 seconds.
  Connecting to CARLA on port 2000
  Map loaded in simulator.
  Generated scene in 1 iterations, 0.01097 seconds.
  Beginning simulation of top-level scenario...
  Ran simulation in 26.23 seconds.
Beginning scenario construction...
pygame 2.6.1 (SDL 2.28.4, Python 3.10.12)
Hello from the pygame community. https://www.pygame.org/contribute.html
  Loading cached version of road network...
  Loaded cached network in 0.13 seconds.
  Pruning scenario...
  Pruned scenario in 3.409e-05 seconds.
Scenario constructed in 1.40 seconds.
  Connecting to CARLA on port 2000
  Map loaded in simulator.
  Generated scene in 1 iterations, 0.0107 seconds.
  Beginning simulation of top-level scenario...
  Ran simulation in 26.76 seconds.
Beginning scenario construction...
pygame 2.6.1 (SDL 2.28.4, Python 3.10.12)
Hello from the pygame community. https://www.pygame.org/contribute.html
  Loading cached version of road network...
  Loaded cached network in 0.13 seconds.
  Pruning scenario...
  Pruned scenario in 3.099e-05 seconds.
Scenario constructed in 1.42 seconds.
  Connecting to CARLA on port 2000
  Map loaded in simulator.
  Generated scene in 1 iterations, 0.01082 seconds.
  Beginning simulation of top-level scenario...
  Ran simulation in 27.59 seconds.
Beginning scenario construction...
pygame 2.6.1 (SDL 2.28.4, Python 3.10.12)
Hello from the pygame community. https://www.pygame.org/contribute.html
  Loading cached version of road network...
  Loaded cached network in 0.14 seconds.
  Pruning scenario...
  Pruned scenario in 2.575e-05 seconds.
Scenario constructed in 1.41 seconds.
  Connecting to CARLA on port 2000
  Map loaded in simulator.
  Generated scene in 1 iterations, 0.01151 seconds.
  Beginning simulation of top-level scenario...
  Ran simulation in 28.37 seconds.
Beginning scenario construction...
pygame 2.6.1 (SDL 2.28.4, Python 3.10.12)
Hello from the pygame community. https://www.pygame.org/contribute.html
  Loading cached version of road network...
  Loaded cached network in 0.14 seconds.
  Pruning scenario...
  Pruned scenario in 2.456e-05 seconds.
Scenario constructed in 1.43 seconds.
  Connecting to CARLA on port 2000
  Map loaded in simulator.
  Generated scene in 2 iterations, 0.01685 seconds.
  Beginning simulation of top-level scenario...
  Ran simulation in 26.17 seconds.
Beginning scenario construction...
pygame 2.6.1 (SDL 2.28.4, Python 3.10.12)
Hello from the pygame community. https://www.pygame.org/contribute.html
  Loading cached version of road network...
  Loaded cached network in 0.13 seconds.
  Pruning scenario...
  Pruned scenario in 2.575e-05 seconds.
Scenario constructed in 1.43 seconds.
  Connecting to CARLA on port 2000
  Map loaded in simulator.
  Generated scene in 1 iterations, 0.01071 seconds.
  Beginning simulation of top-level scenario...
  Ran simulation in 26.03 seconds.
Beginning scenario construction...
pygame 2.6.1 (SDL 2.28.4, Python 3.10.12)
Hello from the pygame community. https://www.pygame.org/contribute.html
  Loading cached version of road network...
  Loaded cached network in 0.13 seconds.
  Pruning scenario...
  Pruned scenario in 2.646e-05 seconds.
Scenario constructed in 1.42 seconds.
  Connecting to CARLA on port 2000
  Map loaded in simulator.
  Generated scene in 1 iterations, 0.01075 seconds.
  Beginning simulation of top-level scenario...
  Ran simulation in 25.8 seconds.
Beginning scenario construction...
pygame 2.6.1 (SDL 2.28.4, Python 3.10.12)
Hello from the pygame community. https://www.pygame.org/contribute.html
  Loading cached version of road network...
  Loaded cached network in 0.14 seconds.
  Pruning scenario...
  Pruned scenario in 2.599e-05 seconds.
Scenario constructed in 1.42 seconds.
  Connecting to CARLA on port 2000
  Map loaded in simulator.
  Generated scene in 1 iterations, 0.01087 seconds.
  Beginning simulation of top-level scenario...
  Ran simulation in 26.36 seconds.
Beginning scenario construction...
pygame 2.6.1 (SDL 2.28.4, Python 3.10.12)
Hello from the pygame community. https://www.pygame.org/contribute.html
  Loading cached version of road network...
  Loaded cached network in 0.13 seconds.
  Pruning scenario...
  Pruned scenario in 2.551e-05 seconds.
Scenario constructed in 1.41 seconds.
  Connecting to CARLA on port 2000
  Map loaded in simulator.
  Generated scene in 2 iterations, 0.01746 seconds.
  Beginning simulation of top-level scenario...
  Ran simulation in 27.88 seconds.
Beginning scenario construction...
pygame 2.6.1 (SDL 2.28.4, Python 3.10.12)
Hello from the pygame community. https://www.pygame.org/contribute.html
  Loading cached version of road network...
  Loaded cached network in 0.13 seconds.
  Pruning scenario...
  Pruned scenario in 2.503e-05 seconds.
Scenario constructed in 1.41 seconds.
  Connecting to CARLA on port 2000
  Map loaded in simulator.
  Generated scene in 1 iterations, 0.01081 seconds.
  Beginning simulation of top-level scenario...
  Ran simulation in 26.7 seconds.
Beginning scenario construction...
pygame 2.6.1 (SDL 2.28.4, Python 3.10.12)
Hello from the pygame community. https://www.pygame.org/contribute.html
  Loading cached version of road network...
  Loaded cached network in 0.13 seconds.
  Pruning scenario...
  Pruned scenario in 2.623e-05 seconds.
Scenario constructed in 1.42 seconds.
  Connecting to CARLA on port 2000
  Map loaded in simulator.
  Generated scene in 1 iterations, 0.01068 seconds.
  Beginning simulation of top-level scenario...
  Ran simulation in 25.98 seconds.
Beginning scenario construction...
pygame 2.6.1 (SDL 2.28.4, Python 3.10.12)
Hello from the pygame community. https://www.pygame.org/contribute.html
  Loading cached version of road network...
  Loaded cached network in 0.14 seconds.
  Pruning scenario...
  Pruned scenario in 2.408e-05 seconds.
Scenario constructed in 1.41 seconds.
  Connecting to CARLA on port 2000
  Map loaded in simulator.
  Generated scene in 1 iterations, 0.01076 seconds.
  Beginning simulation of top-level scenario...
  Ran simulation in 28.07 seconds.
Beginning scenario construction...
pygame 2.6.1 (SDL 2.28.4, Python 3.10.12)
Hello from the pygame community. https://www.pygame.org/contribute.html
  Loading cached version of road network...
  Loaded cached network in 0.13 seconds.
  Pruning scenario...
  Pruned scenario in 2.789e-05 seconds.
Scenario constructed in 1.41 seconds.
  Connecting to CARLA on port 2000
  Map loaded in simulator.
  Generated scene in 1 iterations, 0.01067 seconds.
  Beginning simulation of top-level scenario...
  Ran simulation in 26.74 seconds.
Beginning scenario construction...
pygame 2.6.1 (SDL 2.28.4, Python 3.10.12)
Hello from the pygame community. https://www.pygame.org/contribute.html
  Loading cached version of road network...
  Loaded cached network in 0.13 seconds.
  Pruning scenario...
  Pruned scenario in 2.67e-05 seconds.
Scenario constructed in 1.40 seconds.
  Connecting to CARLA on port 2000
  Map loaded in simulator.
  Generated scene in 2 iterations, 0.01698 seconds.
  Beginning simulation of top-level scenario...
  Ran simulation in 27.38 seconds.
Beginning scenario construction...
pygame 2.6.1 (SDL 2.28.4, Python 3.10.12)
Hello from the pygame community. https://www.pygame.org/contribute.html
  Loading cached version of road network...
  Loaded cached network in 0.14 seconds.
  Pruning scenario...
  Pruned scenario in 2.503e-05 seconds.
Scenario constructed in 1.42 seconds.
  Connecting to CARLA on port 2000
  Map loaded in simulator.
  Generated scene in 1 iterations, 0.01063 seconds.
  Beginning simulation of top-level scenario...
  Ran simulation in 26.38 seconds.
Beginning scenario construction...
pygame 2.6.1 (SDL 2.28.4, Python 3.10.12)
Hello from the pygame community. https://www.pygame.org/contribute.html
  Loading cached version of road network...
  Loaded cached network in 0.13 seconds.
  Pruning scenario...
  Pruned scenario in 2.766e-05 seconds.
Scenario constructed in 1.40 seconds.
  Connecting to CARLA on port 2000
  Map loaded in simulator.
  Generated scene in 1 iterations, 0.01094 seconds.
  Beginning simulation of top-level scenario...
  Ran simulation in 26.54 seconds.
Beginning scenario construction...
pygame 2.6.1 (SDL 2.28.4, Python 3.10.12)
Hello from the pygame community. https://www.pygame.org/contribute.html
  Loading cached version of road network...
  Loaded cached network in 0.13 seconds.
  Pruning scenario...
  Pruned scenario in 2.599e-05 seconds.
Scenario constructed in 1.41 seconds.
  Connecting to CARLA on port 2000
  Map loaded in simulator.
  Generated scene in 1 iterations, 0.01068 seconds.
  Beginning simulation of top-level scenario...
  Ran simulation in 27.56 seconds.
Beginning scenario construction...
pygame 2.6.1 (SDL 2.28.4, Python 3.10.12)
Hello from the pygame community. https://www.pygame.org/contribute.html
  Loading cached version of road network...
  Loaded cached network in 0.13 seconds.
  Pruning scenario...
  Pruned scenario in 2.623e-05 seconds.
Scenario constructed in 1.42 seconds.
  Connecting to CARLA on port 2000
  Map loaded in simulator.
  Generated scene in 1 iterations, 0.01094 seconds.
  Beginning simulation of top-level scenario...
  Ran simulation in 28.29 seconds.
Beginning scenario construction...
pygame 2.6.1 (SDL 2.28.4, Python 3.10.12)
Hello from the pygame community. https://www.pygame.org/contribute.html
  Loading cached version of road network...
  Loaded cached network in 0.13 seconds.
  Pruning scenario...
  Pruned scenario in 2.67e-05 seconds.
Scenario constructed in 1.41 seconds.
  Connecting to CARLA on port 2000
  Map loaded in simulator.
  Generated scene in 2 iterations, 0.01779 seconds.
  Beginning simulation of top-level scenario...
  Ran simulation in 26.58 seconds.
Beginning scenario construction...
pygame 2.6.1 (SDL 2.28.4, Python 3.10.12)
Hello from the pygame community. https://www.pygame.org/contribute.html
  Loading cached version of road network...
  Loaded cached network in 0.14 seconds.
  Pruning scenario...
  Pruned scenario in 2.67e-05 seconds.
Scenario constructed in 1.40 seconds.
  Connecting to CARLA on port 2000
  Map loaded in simulator.
  Generated scene in 1 iterations, 0.01073 seconds.
  Beginning simulation of top-level scenario...
  Ran simulation in 25.72 seconds.
Beginning scenario construction...
pygame 2.6.1 (SDL 2.28.4, Python 3.10.12)
Hello from the pygame community. https://www.pygame.org/contribute.html
  Loading cached version of road network...
  Loaded cached network in 0.13 seconds.
  Pruning scenario...
  Pruned scenario in 2.48e-05 seconds.
Scenario constructed in 1.41 seconds.
  Connecting to CARLA on port 2000
  Map loaded in simulator.
  Generated scene in 1 iterations, 0.01069 seconds.
  Beginning simulation of top-level scenario...
  Ran simulation in 28.63 seconds.
Beginning scenario construction...
pygame 2.6.1 (SDL 2.28.4, Python 3.10.12)
Hello from the pygame community. https://www.pygame.org/contribute.html
  Loading cached version of road network...
  Loaded cached network in 0.13 seconds.
  Pruning scenario...
  Pruned scenario in 3.314e-05 seconds.
Scenario constructed in 1.41 seconds.
  Connecting to CARLA on port 2000
  Map loaded in simulator.
  Generated scene in 1 iterations, 0.01144 seconds.
  Beginning simulation of top-level scenario...
  Ran simulation in 27.66 seconds.
Beginning scenario construction...
pygame 2.6.1 (SDL 2.28.4, Python 3.10.12)
Hello from the pygame community. https://www.pygame.org/contribute.html
  Loading cached version of road network...
  Loaded cached network in 0.13 seconds.
  Pruning scenario...
  Pruned scenario in 2.694e-05 seconds.
Scenario constructed in 1.42 seconds.
  Connecting to CARLA on port 2000
  Map loaded in simulator.
  Generated scene in 1 iterations, 0.01143 seconds.
  Beginning simulation of top-level scenario...
  Ran simulation in 27.58 seconds.
Beginning scenario construction...
pygame 2.6.1 (SDL 2.28.4, Python 3.10.12)
Hello from the pygame community. https://www.pygame.org/contribute.html
  Loading cached version of road network...
  Loaded cached network in 0.13 seconds.
  Pruning scenario...
  Pruned scenario in 2.789e-05 seconds.
Scenario constructed in 1.42 seconds.
  Connecting to CARLA on port 2000
  Map loaded in simulator.
  Generated scene in 1 iterations, 0.01085 seconds.
  Beginning simulation of top-level scenario...
  Ran simulation in 27.26 seconds.
Beginning scenario construction...
pygame 2.6.1 (SDL 2.28.4, Python 3.10.12)
Hello from the pygame community. https://www.pygame.org/contribute.html
  Loading cached version of road network...
  Loaded cached network in 0.13 seconds.
  Pruning scenario...
  Pruned scenario in 2.67e-05 seconds.
Scenario constructed in 1.41 seconds.
  Connecting to CARLA on port 2000
  Map loaded in simulator.
  Generated scene in 1 iterations, 0.01021 seconds.
  Beginning simulation of top-level scenario...
  Ran simulation in 26.78 seconds.
Beginning scenario construction...
pygame 2.6.1 (SDL 2.28.4, Python 3.10.12)
Hello from the pygame community. https://www.pygame.org/contribute.html
  Loading cached version of road network...
  Loaded cached network in 0.13 seconds.
  Pruning scenario...
  Pruned scenario in 2.766e-05 seconds.
Scenario constructed in 1.57 seconds.
  Connecting to CARLA on port 2000
  Map loaded in simulator.
  Generated scene in 1 iterations, 0.0108 seconds.
  Beginning simulation of top-level scenario...
  Ran simulation in 27.64 seconds.
Beginning scenario construction...
pygame 2.6.1 (SDL 2.28.4, Python 3.10.12)
Hello from the pygame community. https://www.pygame.org/contribute.html
  Loading cached version of road network...
  Loaded cached network in 0.13 seconds.
  Pruning scenario...
  Pruned scenario in 2.789e-05 seconds.
Scenario constructed in 1.41 seconds.
  Connecting to CARLA on port 2000
  Map loaded in simulator.
  Generated scene in 2 iterations, 0.01606 seconds.
  Beginning simulation of top-level scenario...
  Ran simulation in 26.33 seconds.
Beginning scenario construction...
pygame 2.6.1 (SDL 2.28.4, Python 3.10.12)
Hello from the pygame community. https://www.pygame.org/contribute.html
  Loading cached version of road network...
  Loaded cached network in 0.13 seconds.
  Pruning scenario...
  Pruned scenario in 2.909e-05 seconds.
Scenario constructed in 1.42 seconds.
  Connecting to CARLA on port 2000
  Map loaded in simulator.
  Generated scene in 1 iterations, 0.0113 seconds.
  Beginning simulation of top-level scenario...
  Ran simulation in 26.83 seconds.
Beginning scenario construction...
pygame 2.6.1 (SDL 2.28.4, Python 3.10.12)
Hello from the pygame community. https://www.pygame.org/contribute.html
  Loading cached version of road network...
  Loaded cached network in 0.13 seconds.
  Pruning scenario...
  Pruned scenario in 2.599e-05 seconds.
Scenario constructed in 1.40 seconds.
  Connecting to CARLA on port 2000
  Map loaded in simulator.
  Generated scene in 1 iterations, 0.01068 seconds.
  Beginning simulation of top-level scenario...
  Ran simulation in 27.05 seconds.
Beginning scenario construction...
pygame 2.6.1 (SDL 2.28.4, Python 3.10.12)
Hello from the pygame community. https://www.pygame.org/contribute.html
  Loading cached version of road network...
  Loaded cached network in 0.13 seconds.
  Pruning scenario...
  Pruned scenario in 2.551e-05 seconds.
Scenario constructed in 1.41 seconds.
  Connecting to CARLA on port 2000
  Map loaded in simulator.
  Generated scene in 1 iterations, 0.01127 seconds.
  Beginning simulation of top-level scenario...
  Ran simulation in 26.32 seconds.
Beginning scenario construction...
pygame 2.6.1 (SDL 2.28.4, Python 3.10.12)
Hello from the pygame community. https://www.pygame.org/contribute.html
  Loading cached version of road network...
  Loaded cached network in 0.13 seconds.
  Pruning scenario...
  Pruned scenario in 2.599e-05 seconds.
Scenario constructed in 1.39 seconds.
  Connecting to CARLA on port 2000
  Map loaded in simulator.
  Generated scene in 1 iterations, 0.01141 seconds.
  Beginning simulation of top-level scenario...
  Ran simulation in 26.85 seconds.
Beginning scenario construction...
pygame 2.6.1 (SDL 2.28.4, Python 3.10.12)
Hello from the pygame community. https://www.pygame.org/contribute.html
  Loading cached version of road network...
  Loaded cached network in 0.13 seconds.
  Pruning scenario...
  Pruned scenario in 3.171e-05 seconds.
Scenario constructed in 1.41 seconds.
  Connecting to CARLA on port 2000
  Map loaded in simulator.
  Generated scene in 1 iterations, 0.01081 seconds.
  Beginning simulation of top-level scenario...
  Ran simulation in 26.31 seconds.
Beginning scenario construction...
pygame 2.6.1 (SDL 2.28.4, Python 3.10.12)
Hello from the pygame community. https://www.pygame.org/contribute.html
  Loading cached version of road network...
  Loaded cached network in 0.13 seconds.
  Pruning scenario...
  Pruned scenario in 2.766e-05 seconds.
Scenario constructed in 1.41 seconds.
  Connecting to CARLA on port 2000
  Map loaded in simulator.
  Generated scene in 1 iterations, 0.01096 seconds.
  Beginning simulation of top-level scenario...
  Ran simulation in 28.59 seconds.
Beginning scenario construction...
pygame 2.6.1 (SDL 2.28.4, Python 3.10.12)
Hello from the pygame community. https://www.pygame.org/contribute.html
  Loading cached version of road network...
  Loaded cached network in 0.13 seconds.
  Pruning scenario...
  Pruned scenario in 2.575e-05 seconds.
Scenario constructed in 1.42 seconds.
  Connecting to CARLA on port 2000
  Map loaded in simulator.
  Generated scene in 1 iterations, 0.0108 seconds.
  Beginning simulation of top-level scenario...
  Ran simulation in 28.48 seconds.
Beginning scenario construction...
pygame 2.6.1 (SDL 2.28.4, Python 3.10.12)
Hello from the pygame community. https://www.pygame.org/contribute.html
  Loading cached version of road network...
  Loaded cached network in 0.13 seconds.
  Pruning scenario...
  Pruned scenario in 2.384e-05 seconds.
Scenario constructed in 1.40 seconds.
  Connecting to CARLA on port 2000
  Map loaded in simulator.
  Generated scene in 2 iterations, 0.01769 seconds.
  Beginning simulation of top-level scenario...
  Ran simulation in 26.25 seconds.
Beginning scenario construction...
pygame 2.6.1 (SDL 2.28.4, Python 3.10.12)
Hello from the pygame community. https://www.pygame.org/contribute.html
  Loading cached version of road network...
  Loaded cached network in 0.13 seconds.
  Pruning scenario...
  Pruned scenario in 2.956e-05 seconds.
Scenario constructed in 1.43 seconds.
  Connecting to CARLA on port 2000
  Map loaded in simulator.
  Generated scene in 1 iterations, 0.01156 seconds.
  Beginning simulation of top-level scenario...
  Ran simulation in 28.87 seconds.
Beginning scenario construction...
pygame 2.6.1 (SDL 2.28.4, Python 3.10.12)
Hello from the pygame community. https://www.pygame.org/contribute.html
  Loading cached version of road network...
  Loaded cached network in 0.14 seconds.
  Pruning scenario...
  Pruned scenario in 2.789e-05 seconds.
Scenario constructed in 1.42 seconds.
  Connecting to CARLA on port 2000
  Map loaded in simulator.
  Generated scene in 1 iterations, 0.01083 seconds.
  Beginning simulation of top-level scenario...
  Ran simulation in 27.95 seconds.
Beginning scenario construction...
pygame 2.6.1 (SDL 2.28.4, Python 3.10.12)
Hello from the pygame community. https://www.pygame.org/contribute.html
  Loading cached version of road network...
  Loaded cached network in 0.14 seconds.
  Pruning scenario...
  Pruned scenario in 2.956e-05 seconds.
Scenario constructed in 1.44 seconds.
  Connecting to CARLA on port 2000
  Map loaded in simulator.
  Generated scene in 1 iterations, 0.01069 seconds.
  Beginning simulation of top-level scenario...
  Ran simulation in 26.02 seconds.
Beginning scenario construction...
pygame 2.6.1 (SDL 2.28.4, Python 3.10.12)
Hello from the pygame community. https://www.pygame.org/contribute.html
  Loading cached version of road network...
  Loaded cached network in 0.13 seconds.
  Pruning scenario...
  Pruned scenario in 2.766e-05 seconds.
Scenario constructed in 1.41 seconds.
  Connecting to CARLA on port 2000
  Map loaded in simulator.
  Generated scene in 1 iterations, 0.01123 seconds.
  Beginning simulation of top-level scenario...
  Ran simulation in 27.47 seconds.
Beginning scenario construction...
pygame 2.6.1 (SDL 2.28.4, Python 3.10.12)
Hello from the pygame community. https://www.pygame.org/contribute.html
  Loading cached version of road network...
  Loaded cached network in 0.14 seconds.
  Pruning scenario...
  Pruned scenario in 2.575e-05 seconds.
Scenario constructed in 1.41 seconds.
  Connecting to CARLA on port 2000
  Map loaded in simulator.
  Generated scene in 1 iterations, 0.01089 seconds.
  Beginning simulation of top-level scenario...
  Ran simulation in 27.72 seconds.
Beginning scenario construction...
pygame 2.6.1 (SDL 2.28.4, Python 3.10.12)
Hello from the pygame community. https://www.pygame.org/contribute.html
  Loading cached version of road network...
  Loaded cached network in 0.13 seconds.
  Pruning scenario...
  Pruned scenario in 2.337e-05 seconds.
Scenario constructed in 1.41 seconds.
  Connecting to CARLA on port 2000
  Map loaded in simulator.
  Generated scene in 1 iterations, 0.01086 seconds.
  Beginning simulation of top-level scenario...
  Ran simulation in 25.97 seconds.
Beginning scenario construction...
pygame 2.6.1 (SDL 2.28.4, Python 3.10.12)
Hello from the pygame community. https://www.pygame.org/contribute.html
  Loading cached version of road network...
  Loaded cached network in 0.13 seconds.
  Pruning scenario...
  Pruned scenario in 3.004e-05 seconds.
Scenario constructed in 1.41 seconds.
  Connecting to CARLA on port 2000
  Map loaded in simulator.
  Generated scene in 2 iterations, 0.01693 seconds.
  Beginning simulation of top-level scenario...
  Ran simulation in 29.16 seconds.
Beginning scenario construction...
pygame 2.6.1 (SDL 2.28.4, Python 3.10.12)
Hello from the pygame community. https://www.pygame.org/contribute.html
  Loading cached version of road network...
  Loaded cached network in 0.13 seconds.
  Pruning scenario...
  Pruned scenario in 2.599e-05 seconds.
Scenario constructed in 1.40 seconds.
  Connecting to CARLA on port 2000
  Map loaded in simulator.
  Generated scene in 2 iterations, 0.01698 seconds.
  Beginning simulation of top-level scenario...
  Ran simulation in 26.66 seconds.
Beginning scenario construction...
pygame 2.6.1 (SDL 2.28.4, Python 3.10.12)
Hello from the pygame community. https://www.pygame.org/contribute.html
  Loading cached version of road network...
  Loaded cached network in 0.13 seconds.
  Pruning scenario...
  Pruned scenario in 2.432e-05 seconds.
Scenario constructed in 1.43 seconds.
  Connecting to CARLA on port 2000
  Map loaded in simulator.
  Generated scene in 1 iterations, 0.01086 seconds.
  Beginning simulation of top-level scenario...
  Ran simulation in 27.63 seconds.
Beginning scenario construction...
pygame 2.6.1 (SDL 2.28.4, Python 3.10.12)
Hello from the pygame community. https://www.pygame.org/contribute.html
  Loading cached version of road network...
  Loaded cached network in 0.14 seconds.
  Pruning scenario...
  Pruned scenario in 2.909e-05 seconds.
Scenario constructed in 1.42 seconds.
  Connecting to CARLA on port 2000
  Map loaded in simulator.
  Generated scene in 1 iterations, 0.01072 seconds.
  Beginning simulation of top-level scenario...
  Ran simulation in 26.56 seconds.
Beginning scenario construction...
pygame 2.6.1 (SDL 2.28.4, Python 3.10.12)
Hello from the pygame community. https://www.pygame.org/contribute.html
  Loading cached version of road network...
  Loaded cached network in 0.13 seconds.
  Pruning scenario...
  Pruned scenario in 2.67e-05 seconds.
Scenario constructed in 1.43 seconds.
  Connecting to CARLA on port 2000
  Map loaded in simulator.
  Generated scene in 1 iterations, 0.01091 seconds.
  Beginning simulation of top-level scenario...
  Ran simulation in 27.55 seconds.
Beginning scenario construction...
pygame 2.6.1 (SDL 2.28.4, Python 3.10.12)
Hello from the pygame community. https://www.pygame.org/contribute.html
  Loading cached version of road network...
  Loaded cached network in 0.13 seconds.
  Pruning scenario...
  Pruned scenario in 2.623e-05 seconds.
Scenario constructed in 1.40 seconds.
  Connecting to CARLA on port 2000
  Map loaded in simulator.
  Generated scene in 1 iterations, 0.01072 seconds.
  Beginning simulation of top-level scenario...
  Ran simulation in 26.7 seconds.
Beginning scenario construction...
pygame 2.6.1 (SDL 2.28.4, Python 3.10.12)
Hello from the pygame community. https://www.pygame.org/contribute.html
  Loading cached version of road network...
  Loaded cached network in 0.13 seconds.
  Pruning scenario...
  Pruned scenario in 2.599e-05 seconds.
Scenario constructed in 1.42 seconds.
  Connecting to CARLA on port 2000
  Map loaded in simulator.
  Generated scene in 1 iterations, 0.01079 seconds.
  Beginning simulation of top-level scenario...
  Ran simulation in 26.12 seconds.
Beginning scenario construction...
pygame 2.6.1 (SDL 2.28.4, Python 3.10.12)
Hello from the pygame community. https://www.pygame.org/contribute.html
  Loading cached version of road network...
  Loaded cached network in 0.14 seconds.
  Pruning scenario...
  Pruned scenario in 2.527e-05 seconds.
Scenario constructed in 1.41 seconds.
  Connecting to CARLA on port 2000
  Map loaded in simulator.
  Generated scene in 1 iterations, 0.01068 seconds.
  Beginning simulation of top-level scenario...
  Ran simulation in 27.06 seconds.
Beginning scenario construction...
pygame 2.6.1 (SDL 2.28.4, Python 3.10.12)
Hello from the pygame community. https://www.pygame.org/contribute.html
  Loading cached version of road network...
  Loaded cached network in 0.14 seconds.
  Pruning scenario...
  Pruned scenario in 2.813e-05 seconds.
Scenario constructed in 1.45 seconds.
  Connecting to CARLA on port 2000
  Map loaded in simulator.
  Generated scene in 1 iterations, 0.01065 seconds.
  Beginning simulation of top-level scenario...
  Ran simulation in 25.73 seconds.
Beginning scenario construction...
pygame 2.6.1 (SDL 2.28.4, Python 3.10.12)
Hello from the pygame community. https://www.pygame.org/contribute.html
  Loading cached version of road network...
  Loaded cached network in 0.13 seconds.
  Pruning scenario...
  Pruned scenario in 2.789e-05 seconds.
Scenario constructed in 1.42 seconds.
  Connecting to CARLA on port 2000
  Map loaded in simulator.
  Generated scene in 1 iterations, 0.0108 seconds.
  Beginning simulation of top-level scenario...
  Ran simulation in 26.37 seconds.
Beginning scenario construction...
pygame 2.6.1 (SDL 2.28.4, Python 3.10.12)
Hello from the pygame community. https://www.pygame.org/contribute.html
  Loading cached version of road network...
  Loaded cached network in 0.13 seconds.
  Pruning scenario...
  Pruned scenario in 2.503e-05 seconds.
Scenario constructed in 1.43 seconds.
  Connecting to CARLA on port 2000
  Map loaded in simulator.
  Generated scene in 1 iterations, 0.0109 seconds.
  Beginning simulation of top-level scenario...
  Ran simulation in 26.95 seconds.
Beginning scenario construction...
pygame 2.6.1 (SDL 2.28.4, Python 3.10.12)
Hello from the pygame community. https://www.pygame.org/contribute.html
  Loading cached version of road network...
  Loaded cached network in 0.13 seconds.
  Pruning scenario...
  Pruned scenario in 2.432e-05 seconds.
Scenario constructed in 1.41 seconds.
  Connecting to CARLA on port 2000
  Map loaded in simulator.
  Generated scene in 1 iterations, 0.01127 seconds.
  Beginning simulation of top-level scenario...
  Ran simulation in 26.77 seconds.
Beginning scenario construction...
pygame 2.6.1 (SDL 2.28.4, Python 3.10.12)
Hello from the pygame community. https://www.pygame.org/contribute.html
  Loading cached version of road network...
  Loaded cached network in 0.14 seconds.
  Pruning scenario...
  Pruned scenario in 2.861e-05 seconds.
Scenario constructed in 1.43 seconds.
  Connecting to CARLA on port 2000
  Map loaded in simulator.
  Generated scene in 1 iterations, 0.01082 seconds.
  Beginning simulation of top-level scenario...
  Ran simulation in 26.8 seconds.
Beginning scenario construction...
pygame 2.6.1 (SDL 2.28.4, Python 3.10.12)
Hello from the pygame community. https://www.pygame.org/contribute.html
  Loading cached version of road network...
  Loaded cached network in 0.13 seconds.
  Pruning scenario...
  Pruned scenario in 3.076e-05 seconds.
Scenario constructed in 1.42 seconds.
  Connecting to CARLA on port 2000
  Map loaded in simulator.
  Generated scene in 1 iterations, 0.01077 seconds.
  Beginning simulation of top-level scenario...
  Ran simulation in 26.61 seconds.
Beginning scenario construction...
pygame 2.6.1 (SDL 2.28.4, Python 3.10.12)
Hello from the pygame community. https://www.pygame.org/contribute.html
  Loading cached version of road network...
  Loaded cached network in 0.14 seconds.
  Pruning scenario...
  Pruned scenario in 2.575e-05 seconds.
Scenario constructed in 1.44 seconds.
  Connecting to CARLA on port 2000
  Map loaded in simulator.
  Generated scene in 1 iterations, 0.01088 seconds.
  Beginning simulation of top-level scenario...
  Ran simulation in 27.38 seconds.
Beginning scenario construction...
pygame 2.6.1 (SDL 2.28.4, Python 3.10.12)
Hello from the pygame community. https://www.pygame.org/contribute.html
  Loading cached version of road network...
  Loaded cached network in 0.13 seconds.
  Pruning scenario...
  Pruned scenario in 2.575e-05 seconds.
Scenario constructed in 1.43 seconds.
  Connecting to CARLA on port 2000
  Map loaded in simulator.
  Generated scene in 1 iterations, 0.01132 seconds.
  Beginning simulation of top-level scenario...
  Ran simulation in 25.68 seconds.
Beginning scenario construction...
pygame 2.6.1 (SDL 2.28.4, Python 3.10.12)
Hello from the pygame community. https://www.pygame.org/contribute.html
  Loading cached version of road network...
  Loaded cached network in 0.13 seconds.
  Pruning scenario...
  Pruned scenario in 2.551e-05 seconds.
Scenario constructed in 1.44 seconds.
  Connecting to CARLA on port 2000
  Map loaded in simulator.
  Generated scene in 1 iterations, 0.01062 seconds.
  Beginning simulation of top-level scenario...
  Ran simulation in 26.01 seconds.
Beginning scenario construction...
pygame 2.6.1 (SDL 2.28.4, Python 3.10.12)
Hello from the pygame community. https://www.pygame.org/contribute.html
  Loading cached version of road network...
  Loaded cached network in 0.13 seconds.
  Pruning scenario...
  Pruned scenario in 3.123e-05 seconds.
Scenario constructed in 1.43 seconds.
  Connecting to CARLA on port 2000
  Map loaded in simulator.
  Generated scene in 1 iterations, 0.01081 seconds.
  Beginning simulation of top-level scenario...
  Ran simulation in 26.84 seconds.
Beginning scenario construction...
pygame 2.6.1 (SDL 2.28.4, Python 3.10.12)
Hello from the pygame community. https://www.pygame.org/contribute.html
  Loading cached version of road network...
  Loaded cached network in 0.13 seconds.
  Pruning scenario...
  Pruned scenario in 2.694e-05 seconds.
Scenario constructed in 1.42 seconds.
  Connecting to CARLA on port 2000
  Map loaded in simulator.
  Generated scene in 1 iterations, 0.0109 seconds.
  Beginning simulation of top-level scenario...
  Ran simulation in 26.67 seconds.
Beginning scenario construction...
pygame 2.6.1 (SDL 2.28.4, Python 3.10.12)
Hello from the pygame community. https://www.pygame.org/contribute.html
  Loading cached version of road network...
  Loaded cached network in 0.13 seconds.
  Pruning scenario...
  Pruned scenario in 2.575e-05 seconds.
Scenario constructed in 1.43 seconds.
  Connecting to CARLA on port 2000
  Map loaded in simulator.
  Generated scene in 1 iterations, 0.01104 seconds.
  Beginning simulation of top-level scenario...
  Ran simulation in 27.16 seconds.
Beginning scenario construction...
pygame 2.6.1 (SDL 2.28.4, Python 3.10.12)
Hello from the pygame community. https://www.pygame.org/contribute.html
  Loading cached version of road network...
  Loaded cached network in 0.13 seconds.
  Pruning scenario...
  Pruned scenario in 2.766e-05 seconds.
Scenario constructed in 1.45 seconds.
  Connecting to CARLA on port 2000
  Map loaded in simulator.
  Generated scene in 1 iterations, 0.01065 seconds.
  Beginning simulation of top-level scenario...
  Ran simulation in 26.43 seconds.
Beginning scenario construction...
pygame 2.6.1 (SDL 2.28.4, Python 3.10.12)
Hello from the pygame community. https://www.pygame.org/contribute.html
  Loading cached version of road network...
  Loaded cached network in 0.13 seconds.
  Pruning scenario...
  Pruned scenario in 2.789e-05 seconds.
Scenario constructed in 1.43 seconds.
  Connecting to CARLA on port 2000
  Map loaded in simulator.
  Generated scene in 1 iterations, 0.01091 seconds.
  Beginning simulation of top-level scenario...
  Ran simulation in 25.85 seconds.
Beginning scenario construction...
pygame 2.6.1 (SDL 2.28.4, Python 3.10.12)
Hello from the pygame community. https://www.pygame.org/contribute.html
  Loading cached version of road network...
  Loaded cached network in 0.13 seconds.
  Pruning scenario...
  Pruned scenario in 2.694e-05 seconds.
Scenario constructed in 1.45 seconds.
  Connecting to CARLA on port 2000
  Map loaded in simulator.
  Generated scene in 1 iterations, 0.01075 seconds.
  Beginning simulation of top-level scenario...
  Ran simulation in 27 seconds.
Beginning scenario construction...
pygame 2.6.1 (SDL 2.28.4, Python 3.10.12)
Hello from the pygame community. https://www.pygame.org/contribute.html
  Loading cached version of road network...
  Loaded cached network in 0.13 seconds.
  Pruning scenario...
  Pruned scenario in 2.742e-05 seconds.
Scenario constructed in 1.42 seconds.
  Connecting to CARLA on port 2000
  Map loaded in simulator.
  Generated scene in 1 iterations, 0.01097 seconds.
  Beginning simulation of top-level scenario...
  Ran simulation in 26.16 seconds.
Beginning scenario construction...
pygame 2.6.1 (SDL 2.28.4, Python 3.10.12)
Hello from the pygame community. https://www.pygame.org/contribute.html
  Loading cached version of road network...
  Loaded cached network in 0.13 seconds.
  Pruning scenario...
  Pruned scenario in 2.718e-05 seconds.
Scenario constructed in 1.44 seconds.
  Connecting to CARLA on port 2000
  Map loaded in simulator.
  Generated scene in 2 iterations, 0.01692 seconds.
  Beginning simulation of top-level scenario...
  Ran simulation in 26.42 seconds.
Beginning scenario construction...
pygame 2.6.1 (SDL 2.28.4, Python 3.10.12)
Hello from the pygame community. https://www.pygame.org/contribute.html
  Loading cached version of road network...
  Loaded cached network in 0.13 seconds.
  Pruning scenario...
  Pruned scenario in 2.646e-05 seconds.
Scenario constructed in 1.42 seconds.
  Connecting to CARLA on port 2000
  Map loaded in simulator.
  Generated scene in 1 iterations, 0.01084 seconds.
  Beginning simulation of top-level scenario...
  Ran simulation in 27.23 seconds.
Beginning scenario construction...
pygame 2.6.1 (SDL 2.28.4, Python 3.10.12)
Hello from the pygame community. https://www.pygame.org/contribute.html
  Loading cached version of road network...
  Loaded cached network in 0.13 seconds.
  Pruning scenario...
  Pruned scenario in 2.527e-05 seconds.
Scenario constructed in 1.44 seconds.
  Connecting to CARLA on port 2000
  Map loaded in simulator.
  Generated scene in 2 iterations, 0.01708 seconds.
  Beginning simulation of top-level scenario...
  Ran simulation in 26.7 seconds.
Beginning scenario construction...
pygame 2.6.1 (SDL 2.28.4, Python 3.10.12)
Hello from the pygame community. https://www.pygame.org/contribute.html
  Loading cached version of road network...
  Loaded cached network in 0.14 seconds.
  Pruning scenario...
  Pruned scenario in 2.551e-05 seconds.
Scenario constructed in 1.42 seconds.
  Connecting to CARLA on port 2000
  Map loaded in simulator.
  Generated scene in 1 iterations, 0.01072 seconds.
  Beginning simulation of top-level scenario...
  Ran simulation in 26.83 seconds.
Beginning scenario construction...
pygame 2.6.1 (SDL 2.28.4, Python 3.10.12)
Hello from the pygame community. https://www.pygame.org/contribute.html
  Loading cached version of road network...
  Loaded cached network in 0.13 seconds.
  Pruning scenario...
  Pruned scenario in 2.694e-05 seconds.
Scenario constructed in 1.43 seconds.
  Connecting to CARLA on port 2000
  Map loaded in simulator.
  Generated scene in 2 iterations, 0.01786 seconds.
  Beginning simulation of top-level scenario...
  Ran simulation in 27.66 seconds.
Beginning scenario construction...
pygame 2.6.1 (SDL 2.28.4, Python 3.10.12)
Hello from the pygame community. https://www.pygame.org/contribute.html
  Loading cached version of road network...
  Loaded cached network in 0.13 seconds.
  Pruning scenario...
  Pruned scenario in 2.599e-05 seconds.
Scenario constructed in 1.42 seconds.
  Connecting to CARLA on port 2000
  Map loaded in simulator.
  Generated scene in 1 iterations, 0.01079 seconds.
  Beginning simulation of top-level scenario...
  Ran simulation in 27.87 seconds.
Beginning scenario construction...
pygame 2.6.1 (SDL 2.28.4, Python 3.10.12)
Hello from the pygame community. https://www.pygame.org/contribute.html
  Loading cached version of road network...
  Loaded cached network in 0.13 seconds.
  Pruning scenario...
  Pruned scenario in 2.718e-05 seconds.
Scenario constructed in 1.42 seconds.
  Connecting to CARLA on port 2000
  Map loaded in simulator.
  Generated scene in 1 iterations, 0.01075 seconds.
  Beginning simulation of top-level scenario...
  Ran simulation in 27.39 seconds.
Beginning scenario construction...
pygame 2.6.1 (SDL 2.28.4, Python 3.10.12)
Hello from the pygame community. https://www.pygame.org/contribute.html
  Loading cached version of road network...
  Loaded cached network in 0.13 seconds.
  Pruning scenario...
  Pruned scenario in 2.742e-05 seconds.
Scenario constructed in 1.43 seconds.
  Connecting to CARLA on port 2000
  Map loaded in simulator.
  Generated scene in 2 iterations, 0.01682 seconds.
  Beginning simulation of top-level scenario...
  Ran simulation in 26.14 seconds.
Beginning scenario construction...
pygame 2.6.1 (SDL 2.28.4, Python 3.10.12)
Hello from the pygame community. https://www.pygame.org/contribute.html
  Loading cached version of road network...
  Loaded cached network in 0.14 seconds.
  Pruning scenario...
  Pruned scenario in 2.67e-05 seconds.
Scenario constructed in 1.46 seconds.
  Connecting to CARLA on port 2000
  Map loaded in simulator.
  Generated scene in 1 iterations, 0.01073 seconds.
  Beginning simulation of top-level scenario...
  Ran simulation in 27.61 seconds.
Beginning scenario construction...
pygame 2.6.1 (SDL 2.28.4, Python 3.10.12)
Hello from the pygame community. https://www.pygame.org/contribute.html
  Loading cached version of road network...
  Loaded cached network in 0.14 seconds.
  Pruning scenario...
  Pruned scenario in 2.718e-05 seconds.
Scenario constructed in 1.42 seconds.
  Connecting to CARLA on port 2000
  Map loaded in simulator.
  Generated scene in 2 iterations, 0.01736 seconds.
  Beginning simulation of top-level scenario...
  Ran simulation in 26.85 seconds.
Beginning scenario construction...
pygame 2.6.1 (SDL 2.28.4, Python 3.10.12)
Hello from the pygame community. https://www.pygame.org/contribute.html
  Loading cached version of road network...
  Loaded cached network in 0.13 seconds.
  Pruning scenario...
  Pruned scenario in 2.623e-05 seconds.
Scenario constructed in 1.44 seconds.
  Connecting to CARLA on port 2000
  Map loaded in simulator.
  Generated scene in 2 iterations, 0.01715 seconds.
  Beginning simulation of top-level scenario...
  Ran simulation in 27.71 seconds.
Beginning scenario construction...
pygame 2.6.1 (SDL 2.28.4, Python 3.10.12)
Hello from the pygame community. https://www.pygame.org/contribute.html
  Loading cached version of road network...
  Loaded cached network in 0.14 seconds.
  Pruning scenario...
  Pruned scenario in 2.718e-05 seconds.
Scenario constructed in 1.42 seconds.
  Connecting to CARLA on port 2000
  Map loaded in simulator.
  Generated scene in 1 iterations, 0.01075 seconds.
  Beginning simulation of top-level scenario...
  Ran simulation in 28.09 seconds.
Beginning scenario construction...
pygame 2.6.1 (SDL 2.28.4, Python 3.10.12)
Hello from the pygame community. https://www.pygame.org/contribute.html
  Loading cached version of road network...
  Loaded cached network in 0.13 seconds.
  Pruning scenario...
  Pruned scenario in 2.48e-05 seconds.
Scenario constructed in 1.44 seconds.
  Connecting to CARLA on port 2000
  Map loaded in simulator.
  Generated scene in 2 iterations, 0.01727 seconds.
  Beginning simulation of top-level scenario...
  Ran simulation in 26.84 seconds.
Beginning scenario construction...
pygame 2.6.1 (SDL 2.28.4, Python 3.10.12)
Hello from the pygame community. https://www.pygame.org/contribute.html
  Loading cached version of road network...
  Loaded cached network in 0.13 seconds.
  Pruning scenario...
  Pruned scenario in 2.623e-05 seconds.
Scenario constructed in 1.43 seconds.
  Connecting to CARLA on port 2000
  Map loaded in simulator.
  Generated scene in 1 iterations, 0.01087 seconds.
  Beginning simulation of top-level scenario...
  Ran simulation in 27.58 seconds.
Beginning scenario construction...
pygame 2.6.1 (SDL 2.28.4, Python 3.10.12)
Hello from the pygame community. https://www.pygame.org/contribute.html
  Loading cached version of road network...
  Loaded cached network in 0.13 seconds.
  Pruning scenario...
  Pruned scenario in 2.527e-05 seconds.
Scenario constructed in 1.43 seconds.
  Connecting to CARLA on port 2000
  Map loaded in simulator.
  Generated scene in 1 iterations, 0.01135 seconds.
  Beginning simulation of top-level scenario...
  Ran simulation in 26 seconds.
Beginning scenario construction...
pygame 2.6.1 (SDL 2.28.4, Python 3.10.12)
Hello from the pygame community. https://www.pygame.org/contribute.html
  Loading cached version of road network...
  Loaded cached network in 0.13 seconds.
  Pruning scenario...
  Pruned scenario in 2.527e-05 seconds.
Scenario constructed in 1.43 seconds.
  Connecting to CARLA on port 2000
  Map loaded in simulator.
  Generated scene in 1 iterations, 0.01068 seconds.
  Beginning simulation of top-level scenario...
  Ran simulation in 27.2 seconds.
Beginning scenario construction...
pygame 2.6.1 (SDL 2.28.4, Python 3.10.12)
Hello from the pygame community. https://www.pygame.org/contribute.html
  Loading cached version of road network...
  Loaded cached network in 0.13 seconds.
  Pruning scenario...
  Pruned scenario in 2.527e-05 seconds.
Scenario constructed in 1.44 seconds.
  Connecting to CARLA on port 2000
  Map loaded in simulator.
  Generated scene in 1 iterations, 0.01079 seconds.
  Beginning simulation of top-level scenario...
  Ran simulation in 26.59 seconds.
Beginning scenario construction...
pygame 2.6.1 (SDL 2.28.4, Python 3.10.12)
Hello from the pygame community. https://www.pygame.org/contribute.html
  Loading cached version of road network...
  Loaded cached network in 0.13 seconds.
  Pruning scenario...
  Pruned scenario in 2.837e-05 seconds.
Scenario constructed in 1.41 seconds.
  Connecting to CARLA on port 2000
  Map loaded in simulator.
  Generated scene in 1 iterations, 0.0112 seconds.
  Beginning simulation of top-level scenario...
  Ran simulation in 26.14 seconds.
Beginning scenario construction...
pygame 2.6.1 (SDL 2.28.4, Python 3.10.12)
Hello from the pygame community. https://www.pygame.org/contribute.html
  Loading cached version of road network...
  Loaded cached network in 0.14 seconds.
  Pruning scenario...
  Pruned scenario in 2.646e-05 seconds.
Scenario constructed in 1.44 seconds.
  Connecting to CARLA on port 2000
  Map loaded in simulator.
  Generated scene in 2 iterations, 0.01794 seconds.
  Beginning simulation of top-level scenario...
  Ran simulation in 28.07 seconds.
Beginning scenario construction...
pygame 2.6.1 (SDL 2.28.4, Python 3.10.12)
Hello from the pygame community. https://www.pygame.org/contribute.html
  Loading cached version of road network...
  Loaded cached network in 0.13 seconds.
  Pruning scenario...
  Pruned scenario in 2.718e-05 seconds.
Scenario constructed in 1.42 seconds.
  Connecting to CARLA on port 2000
  Map loaded in simulator.
  Generated scene in 1 iterations, 0.01073 seconds.
  Beginning simulation of top-level scenario...
  Ran simulation in 28.51 seconds.
Beginning scenario construction...
pygame 2.6.1 (SDL 2.28.4, Python 3.10.12)
Hello from the pygame community. https://www.pygame.org/contribute.html
  Loading cached version of road network...
  Loaded cached network in 0.13 seconds.
  Pruning scenario...
  Pruned scenario in 2.313e-05 seconds.
Scenario constructed in 1.44 seconds.
  Connecting to CARLA on port 2000
  Map loaded in simulator.
  Generated scene in 1 iterations, 0.01159 seconds.
  Beginning simulation of top-level scenario...
  Ran simulation in 28.58 seconds.
Beginning scenario construction...
pygame 2.6.1 (SDL 2.28.4, Python 3.10.12)
Hello from the pygame community. https://www.pygame.org/contribute.html
  Loading cached version of road network...
  Loaded cached network in 0.13 seconds.
  Pruning scenario...
  Pruned scenario in 2.503e-05 seconds.
Scenario constructed in 1.43 seconds.
  Connecting to CARLA on port 2000
  Map loaded in simulator.
  Generated scene in 1 iterations, 0.01089 seconds.
  Beginning simulation of top-level scenario...
  Ran simulation in 26.68 seconds.
Beginning scenario construction...
pygame 2.6.1 (SDL 2.28.4, Python 3.10.12)
Hello from the pygame community. https://www.pygame.org/contribute.html
  Loading cached version of road network...
  Loaded cached network in 0.13 seconds.
  Pruning scenario...
  Pruned scenario in 2.766e-05 seconds.
Scenario constructed in 1.44 seconds.
  Connecting to CARLA on port 2000
  Map loaded in simulator.
  Generated scene in 1 iterations, 0.01089 seconds.
  Beginning simulation of top-level scenario...
  Ran simulation in 27.99 seconds.
Beginning scenario construction...
pygame 2.6.1 (SDL 2.28.4, Python 3.10.12)
Hello from the pygame community. https://www.pygame.org/contribute.html
  Loading cached version of road network...
  Loaded cached network in 0.13 seconds.
  Pruning scenario...
  Pruned scenario in 2.67e-05 seconds.
Scenario constructed in 1.42 seconds.
  Connecting to CARLA on port 2000
  Map loaded in simulator.
  Generated scene in 1 iterations, 0.01083 seconds.
  Beginning simulation of top-level scenario...
  Ran simulation in 28.03 seconds.
Beginning scenario construction...
pygame 2.6.1 (SDL 2.28.4, Python 3.10.12)
Hello from the pygame community. https://www.pygame.org/contribute.html
  Loading cached version of road network...
  Loaded cached network in 0.13 seconds.
  Pruning scenario...
  Pruned scenario in 2.67e-05 seconds.
Scenario constructed in 1.44 seconds.
  Connecting to CARLA on port 2000
  Map loaded in simulator.
  Generated scene in 2 iterations, 0.01788 seconds.
  Beginning simulation of top-level scenario...
  Ran simulation in 28.04 seconds.
Beginning scenario construction...
pygame 2.6.1 (SDL 2.28.4, Python 3.10.12)
Hello from the pygame community. https://www.pygame.org/contribute.html
  Loading cached version of road network...
  Loaded cached network in 0.13 seconds.
  Pruning scenario...
  Pruned scenario in 2.36e-05 seconds.
Scenario constructed in 1.41 seconds.
  Connecting to CARLA on port 2000
  Map loaded in simulator.
  Generated scene in 1 iterations, 0.01077 seconds.
  Beginning simulation of top-level scenario...
  Ran simulation in 27.78 seconds.
Beginning scenario construction...
pygame 2.6.1 (SDL 2.28.4, Python 3.10.12)
Hello from the pygame community. https://www.pygame.org/contribute.html
  Loading cached version of road network...
  Loaded cached network in 0.13 seconds.
  Pruning scenario...
  Pruned scenario in 2.909e-05 seconds.
Scenario constructed in 1.43 seconds.
  Connecting to CARLA on port 2000
  Map loaded in simulator.
  Generated scene in 1 iterations, 0.01077 seconds.
  Beginning simulation of top-level scenario...
  Ran simulation in 28.8 seconds.
Beginning scenario construction...
pygame 2.6.1 (SDL 2.28.4, Python 3.10.12)
Hello from the pygame community. https://www.pygame.org/contribute.html
  Loading cached version of road network...
  Loaded cached network in 0.13 seconds.
  Pruning scenario...
  Pruned scenario in 2.217e-05 seconds.
Scenario constructed in 1.41 seconds.
  Connecting to CARLA on port 2000
  Map loaded in simulator.
  Generated scene in 1 iterations, 0.01069 seconds.
  Beginning simulation of top-level scenario...
  Ran simulation in 27.55 seconds.
Beginning scenario construction...
pygame 2.6.1 (SDL 2.28.4, Python 3.10.12)
Hello from the pygame community. https://www.pygame.org/contribute.html
  Loading cached version of road network...
  Loaded cached network in 0.13 seconds.
  Pruning scenario...
  Pruned scenario in 2.623e-05 seconds.
Scenario constructed in 1.42 seconds.
  Connecting to CARLA on port 2000
  Map loaded in simulator.
  Generated scene in 1 iterations, 0.01079 seconds.
  Beginning simulation of top-level scenario...
  Ran simulation in 26.86 seconds.
Beginning scenario construction...
pygame 2.6.1 (SDL 2.28.4, Python 3.10.12)
Hello from the pygame community. https://www.pygame.org/contribute.html
  Loading cached version of road network...
  Loaded cached network in 0.13 seconds.
  Pruning scenario...
  Pruned scenario in 2.551e-05 seconds.
Scenario constructed in 1.42 seconds.
  Connecting to CARLA on port 2000
  Map loaded in simulator.
  Generated scene in 1 iterations, 0.01113 seconds.
  Beginning simulation of top-level scenario...
  Ran simulation in 27.68 seconds.
Beginning scenario construction...
pygame 2.6.1 (SDL 2.28.4, Python 3.10.12)
Hello from the pygame community. https://www.pygame.org/contribute.html
  Loading cached version of road network...
  Loaded cached network in 0.13 seconds.
  Pruning scenario...
  Pruned scenario in 2.623e-05 seconds.
Scenario constructed in 1.42 seconds.
  Connecting to CARLA on port 2000
  Map loaded in simulator.
  Generated scene in 1 iterations, 0.01081 seconds.
  Beginning simulation of top-level scenario...
  Ran simulation in 25.82 seconds.
Beginning scenario construction...
pygame 2.6.1 (SDL 2.28.4, Python 3.10.12)
Hello from the pygame community. https://www.pygame.org/contribute.html
  Loading cached version of road network...
  Loaded cached network in 0.14 seconds.
  Pruning scenario...
  Pruned scenario in 2.67e-05 seconds.
Scenario constructed in 1.42 seconds.
  Connecting to CARLA on port 2000
  Map loaded in simulator.
  Generated scene in 1 iterations, 0.01092 seconds.
  Beginning simulation of top-level scenario...
  Ran simulation in 26.53 seconds.
Beginning scenario construction...
pygame 2.6.1 (SDL 2.28.4, Python 3.10.12)
Hello from the pygame community. https://www.pygame.org/contribute.html
  Loading cached version of road network...
  Loaded cached network in 0.13 seconds.
  Pruning scenario...
  Pruned scenario in 2.885e-05 seconds.
Scenario constructed in 1.41 seconds.
  Connecting to CARLA on port 2000
  Map loaded in simulator.
  Generated scene in 1 iterations, 0.01085 seconds.
  Beginning simulation of top-level scenario...
  Ran simulation in 27.3 seconds.
Beginning scenario construction...
pygame 2.6.1 (SDL 2.28.4, Python 3.10.12)
Hello from the pygame community. https://www.pygame.org/contribute.html
  Loading cached version of road network...
  Loaded cached network in 0.13 seconds.
  Pruning scenario...
  Pruned scenario in 2.766e-05 seconds.
Scenario constructed in 1.41 seconds.
  Connecting to CARLA on port 2000
  Map loaded in simulator.
  Generated scene in 1 iterations, 0.01074 seconds.
  Beginning simulation of top-level scenario...
  Ran simulation in 28.29 seconds.
Beginning scenario construction...
pygame 2.6.1 (SDL 2.28.4, Python 3.10.12)
Hello from the pygame community. https://www.pygame.org/contribute.html
  Loading cached version of road network...
  Loaded cached network in 0.14 seconds.
  Pruning scenario...
  Pruned scenario in 2.766e-05 seconds.
Scenario constructed in 1.44 seconds.
  Connecting to CARLA on port 2000
  Map loaded in simulator.
  Generated scene in 1 iterations, 0.01097 seconds.
  Beginning simulation of top-level scenario...
  Ran simulation in 28.08 seconds.
Beginning scenario construction...
pygame 2.6.1 (SDL 2.28.4, Python 3.10.12)
Hello from the pygame community. https://www.pygame.org/contribute.html
  Loading cached version of road network...
  Loaded cached network in 0.13 seconds.
  Pruning scenario...
  Pruned scenario in 2.599e-05 seconds.
Scenario constructed in 1.41 seconds.
  Connecting to CARLA on port 2000
  Map loaded in simulator.
  Generated scene in 1 iterations, 0.01097 seconds.
  Beginning simulation of top-level scenario...
  Ran simulation in 26.67 seconds.
Beginning scenario construction...
pygame 2.6.1 (SDL 2.28.4, Python 3.10.12)
Hello from the pygame community. https://www.pygame.org/contribute.html
  Loading cached version of road network...
  Loaded cached network in 0.13 seconds.
  Pruning scenario...
  Pruned scenario in 3.242e-05 seconds.
Scenario constructed in 1.42 seconds.
  Connecting to CARLA on port 2000
  Map loaded in simulator.
  Generated scene in 2 iterations, 0.0177 seconds.
  Beginning simulation of top-level scenario...
  Ran simulation in 26.45 seconds.
Beginning scenario construction...
pygame 2.6.1 (SDL 2.28.4, Python 3.10.12)
Hello from the pygame community. https://www.pygame.org/contribute.html
  Loading cached version of road network...
  Loaded cached network in 0.13 seconds.
  Pruning scenario...
  Pruned scenario in 2.67e-05 seconds.
Scenario constructed in 1.43 seconds.
  Connecting to CARLA on port 2000
  Map loaded in simulator.
  Generated scene in 1 iterations, 0.01139 seconds.
  Beginning simulation of top-level scenario...
  Ran simulation in 26.56 seconds.
Beginning scenario construction...
pygame 2.6.1 (SDL 2.28.4, Python 3.10.12)
Hello from the pygame community. https://www.pygame.org/contribute.html
  Loading cached version of road network...
  Loaded cached network in 0.14 seconds.
  Pruning scenario...
  Pruned scenario in 2.623e-05 seconds.
Scenario constructed in 1.44 seconds.
  Connecting to CARLA on port 2000
  Map loaded in simulator.
  Generated scene in 1 iterations, 0.0108 seconds.
  Beginning simulation of top-level scenario...
  Ran simulation in 26.71 seconds.
Beginning scenario construction...
pygame 2.6.1 (SDL 2.28.4, Python 3.10.12)
Hello from the pygame community. https://www.pygame.org/contribute.html
  Loading cached version of road network...
  Loaded cached network in 0.13 seconds.
  Pruning scenario...
  Pruned scenario in 2.623e-05 seconds.
Scenario constructed in 1.42 seconds.
  Connecting to CARLA on port 2000
  Map loaded in simulator.
  Generated scene in 1 iterations, 0.01075 seconds.
  Beginning simulation of top-level scenario...
  Ran simulation in 28.27 seconds.
Beginning scenario construction...
pygame 2.6.1 (SDL 2.28.4, Python 3.10.12)
Hello from the pygame community. https://www.pygame.org/contribute.html
  Loading cached version of road network...
  Loaded cached network in 0.13 seconds.
  Pruning scenario...
  Pruned scenario in 2.527e-05 seconds.
Scenario constructed in 1.43 seconds.
  Connecting to CARLA on port 2000
  Map loaded in simulator.
  Generated scene in 1 iterations, 0.01084 seconds.
  Beginning simulation of top-level scenario...
  Ran simulation in 27.97 seconds.
Beginning scenario construction...
pygame 2.6.1 (SDL 2.28.4, Python 3.10.12)
Hello from the pygame community. https://www.pygame.org/contribute.html
  Loading cached version of road network...
  Loaded cached network in 0.13 seconds.
  Pruning scenario...
  Pruned scenario in 2.646e-05 seconds.
Scenario constructed in 1.40 seconds.
  Connecting to CARLA on port 2000
  Map loaded in simulator.
  Generated scene in 1 iterations, 0.01151 seconds.
  Beginning simulation of top-level scenario...
  Ran simulation in 28.53 seconds.
Beginning scenario construction...
pygame 2.6.1 (SDL 2.28.4, Python 3.10.12)
Hello from the pygame community. https://www.pygame.org/contribute.html
  Loading cached version of road network...
  Loaded cached network in 0.14 seconds.
  Pruning scenario...
  Pruned scenario in 2.813e-05 seconds.
Scenario constructed in 1.43 seconds.
  Connecting to CARLA on port 2000
  Map loaded in simulator.
  Generated scene in 1 iterations, 0.01091 seconds.
  Beginning simulation of top-level scenario...
  Ran simulation in 26.17 seconds.
Beginning scenario construction...
pygame 2.6.1 (SDL 2.28.4, Python 3.10.12)
Hello from the pygame community. https://www.pygame.org/contribute.html
  Loading cached version of road network...
  Loaded cached network in 0.13 seconds.
  Pruning scenario...
  Pruned scenario in 2.575e-05 seconds.
Scenario constructed in 1.40 seconds.
  Connecting to CARLA on port 2000
  Map loaded in simulator.
  Generated scene in 1 iterations, 0.0108 seconds.
  Beginning simulation of top-level scenario...
  Ran simulation in 27.06 seconds.
Beginning scenario construction...
pygame 2.6.1 (SDL 2.28.4, Python 3.10.12)
Hello from the pygame community. https://www.pygame.org/contribute.html
  Loading cached version of road network...
  Loaded cached network in 0.13 seconds.
  Pruning scenario...
  Pruned scenario in 2.766e-05 seconds.
Scenario constructed in 1.43 seconds.
  Connecting to CARLA on port 2000
  Map loaded in simulator.
  Generated scene in 1 iterations, 0.0108 seconds.
  Beginning simulation of top-level scenario...
  Ran simulation in 25.8 seconds.
Beginning scenario construction...
pygame 2.6.1 (SDL 2.28.4, Python 3.10.12)
Hello from the pygame community. https://www.pygame.org/contribute.html
  Loading cached version of road network...
  Loaded cached network in 0.14 seconds.
  Pruning scenario...
  Pruned scenario in 2.813e-05 seconds.
Scenario constructed in 1.43 seconds.
  Connecting to CARLA on port 2000
  Map loaded in simulator.
  Generated scene in 1 iterations, 0.01079 seconds.
  Beginning simulation of top-level scenario...
  Ran simulation in 26.9 seconds.
Beginning scenario construction...
pygame 2.6.1 (SDL 2.28.4, Python 3.10.12)
Hello from the pygame community. https://www.pygame.org/contribute.html
  Loading cached version of road network...
  Loaded cached network in 0.13 seconds.
  Pruning scenario...
  Pruned scenario in 2.217e-05 seconds.
Scenario constructed in 1.42 seconds.
  Connecting to CARLA on port 2000
  Map loaded in simulator.
  Generated scene in 1 iterations, 0.01091 seconds.
  Beginning simulation of top-level scenario...
  Ran simulation in 26.95 seconds.
Beginning scenario construction...
pygame 2.6.1 (SDL 2.28.4, Python 3.10.12)
Hello from the pygame community. https://www.pygame.org/contribute.html
  Loading cached version of road network...
  Loaded cached network in 0.13 seconds.
  Pruning scenario...
  Pruned scenario in 2.575e-05 seconds.
Scenario constructed in 1.41 seconds.
  Connecting to CARLA on port 2000
  Map loaded in simulator.
  Generated scene in 1 iterations, 0.0108 seconds.
  Beginning simulation of top-level scenario...
  Ran simulation in 27.52 seconds.
Beginning scenario construction...
pygame 2.6.1 (SDL 2.28.4, Python 3.10.12)
Hello from the pygame community. https://www.pygame.org/contribute.html
  Loading cached version of road network...
  Loaded cached network in 0.13 seconds.
  Pruning scenario...
  Pruned scenario in 2.67e-05 seconds.
Scenario constructed in 1.41 seconds.
  Connecting to CARLA on port 2000
  Map loaded in simulator.
  Generated scene in 1 iterations, 0.01081 seconds.
  Beginning simulation of top-level scenario...
  Ran simulation in 27.8 seconds.
Beginning scenario construction...
pygame 2.6.1 (SDL 2.28.4, Python 3.10.12)
Hello from the pygame community. https://www.pygame.org/contribute.html
  Loading cached version of road network...
  Loaded cached network in 0.13 seconds.
  Pruning scenario...
  Pruned scenario in 3.314e-05 seconds.
Scenario constructed in 1.40 seconds.
  Connecting to CARLA on port 2000
  Map loaded in simulator.
  Generated scene in 1 iterations, 0.01079 seconds.
  Beginning simulation of top-level scenario...
  Ran simulation in 26.73 seconds.
Beginning scenario construction...
pygame 2.6.1 (SDL 2.28.4, Python 3.10.12)
Hello from the pygame community. https://www.pygame.org/contribute.html
  Loading cached version of road network...
  Loaded cached network in 0.13 seconds.
  Pruning scenario...
  Pruned scenario in 2.551e-05 seconds.
Scenario constructed in 1.42 seconds.
  Connecting to CARLA on port 2000
  Map loaded in simulator.
  Generated scene in 2 iterations, 0.01704 seconds.
  Beginning simulation of top-level scenario...
  Ran simulation in 27.37 seconds.
Beginning scenario construction...
pygame 2.6.1 (SDL 2.28.4, Python 3.10.12)
Hello from the pygame community. https://www.pygame.org/contribute.html
  Loading cached version of road network...
  Loaded cached network in 0.14 seconds.
  Pruning scenario...
  Pruned scenario in 2.766e-05 seconds.
Scenario constructed in 1.42 seconds.
  Connecting to CARLA on port 2000
  Map loaded in simulator.
  Generated scene in 1 iterations, 0.01087 seconds.
  Beginning simulation of top-level scenario...
  Ran simulation in 28.85 seconds.
Beginning scenario construction...
pygame 2.6.1 (SDL 2.28.4, Python 3.10.12)
Hello from the pygame community. https://www.pygame.org/contribute.html
  Loading cached version of road network...
  Loaded cached network in 0.13 seconds.
  Pruning scenario...
  Pruned scenario in 2.694e-05 seconds.
Scenario constructed in 1.41 seconds.
  Connecting to CARLA on port 2000
  Map loaded in simulator.
  Generated scene in 1 iterations, 0.01121 seconds.
  Beginning simulation of top-level scenario...
  Ran simulation in 27.05 seconds.
Beginning scenario construction...
pygame 2.6.1 (SDL 2.28.4, Python 3.10.12)
Hello from the pygame community. https://www.pygame.org/contribute.html
  Loading cached version of road network...
  Loaded cached network in 0.13 seconds.
  Pruning scenario...
  Pruned scenario in 2.766e-05 seconds.
Scenario constructed in 1.42 seconds.
  Connecting to CARLA on port 2000
  Map loaded in simulator.
  Generated scene in 1 iterations, 0.01103 seconds.
  Beginning simulation of top-level scenario...
  Ran simulation in 27.09 seconds.
Beginning scenario construction...
pygame 2.6.1 (SDL 2.28.4, Python 3.10.12)
Hello from the pygame community. https://www.pygame.org/contribute.html
  Loading cached version of road network...
  Loaded cached network in 0.13 seconds.
  Pruning scenario...
  Pruned scenario in 2.456e-05 seconds.
Scenario constructed in 1.41 seconds.
  Connecting to CARLA on port 2000
  Map loaded in simulator.
  Generated scene in 1 iterations, 0.01083 seconds.
  Beginning simulation of top-level scenario...
  Ran simulation in 27.94 seconds.
Beginning scenario construction...
pygame 2.6.1 (SDL 2.28.4, Python 3.10.12)
Hello from the pygame community. https://www.pygame.org/contribute.html
  Loading cached version of road network...
  Loaded cached network in 0.13 seconds.
  Pruning scenario...
  Pruned scenario in 2.623e-05 seconds.
Scenario constructed in 1.40 seconds.
  Connecting to CARLA on port 2000
  Map loaded in simulator.
  Generated scene in 2 iterations, 0.01816 seconds.
  Beginning simulation of top-level scenario...
  Ran simulation in 28.23 seconds.
Beginning scenario construction...
pygame 2.6.1 (SDL 2.28.4, Python 3.10.12)
Hello from the pygame community. https://www.pygame.org/contribute.html
  Loading cached version of road network...
  Loaded cached network in 0.13 seconds.
  Pruning scenario...
  Pruned scenario in 2.813e-05 seconds.
Scenario constructed in 1.41 seconds.
  Connecting to CARLA on port 2000
  Map loaded in simulator.
  Generated scene in 1 iterations, 0.01071 seconds.
  Beginning simulation of top-level scenario...
  Ran simulation in 28.33 seconds.
Beginning scenario construction...
pygame 2.6.1 (SDL 2.28.4, Python 3.10.12)
Hello from the pygame community. https://www.pygame.org/contribute.html
  Loading cached version of road network...
  Loaded cached network in 0.13 seconds.
  Pruning scenario...
  Pruned scenario in 3.004e-05 seconds.
Scenario constructed in 1.40 seconds.
  Connecting to CARLA on port 2000
  Map loaded in simulator.
  Generated scene in 1 iterations, 0.01084 seconds.
  Beginning simulation of top-level scenario...
  Ran simulation in 27.68 seconds.
Beginning scenario construction...
pygame 2.6.1 (SDL 2.28.4, Python 3.10.12)
Hello from the pygame community. https://www.pygame.org/contribute.html
  Loading cached version of road network...
  Loaded cached network in 0.13 seconds.
  Pruning scenario...
  Pruned scenario in 2.48e-05 seconds.
Scenario constructed in 1.40 seconds.
  Connecting to CARLA on port 2000
  Map loaded in simulator.
  Generated scene in 1 iterations, 0.01146 seconds.
  Beginning simulation of top-level scenario...
  Ran simulation in 26.66 seconds.
Beginning scenario construction...
pygame 2.6.1 (SDL 2.28.4, Python 3.10.12)
Hello from the pygame community. https://www.pygame.org/contribute.html
  Loading cached version of road network...
  Loaded cached network in 0.13 seconds.
  Pruning scenario...
  Pruned scenario in 2.575e-05 seconds.
Scenario constructed in 1.40 seconds.
  Connecting to CARLA on port 2000
  Map loaded in simulator.
  Generated scene in 1 iterations, 0.01084 seconds.
  Beginning simulation of top-level scenario...
  Ran simulation in 27.56 seconds.
Beginning scenario construction...
pygame 2.6.1 (SDL 2.28.4, Python 3.10.12)
Hello from the pygame community. https://www.pygame.org/contribute.html
  Loading cached version of road network...
  Loaded cached network in 0.13 seconds.
  Pruning scenario...
  Pruned scenario in 2.599e-05 seconds.
Scenario constructed in 1.41 seconds.
  Connecting to CARLA on port 2000
  Map loaded in simulator.
  Generated scene in 1 iterations, 0.01066 seconds.
  Beginning simulation of top-level scenario...
  Ran simulation in 27.84 seconds.
Beginning scenario construction...
pygame 2.6.1 (SDL 2.28.4, Python 3.10.12)
Hello from the pygame community. https://www.pygame.org/contribute.html
  Loading cached version of road network...
  Loaded cached network in 0.14 seconds.
  Pruning scenario...
  Pruned scenario in 2.599e-05 seconds.
Scenario constructed in 1.42 seconds.
  Connecting to CARLA on port 2000
  Map loaded in simulator.
  Generated scene in 1 iterations, 0.01123 seconds.
  Beginning simulation of top-level scenario...
  Ran simulation in 28.79 seconds.
Beginning scenario construction...
pygame 2.6.1 (SDL 2.28.4, Python 3.10.12)
Hello from the pygame community. https://www.pygame.org/contribute.html
  Loading cached version of road network...
  Loaded cached network in 0.13 seconds.
  Pruning scenario...
  Pruned scenario in 2.837e-05 seconds.
Scenario constructed in 1.41 seconds.
  Connecting to CARLA on port 2000
  Map loaded in simulator.
  Generated scene in 1 iterations, 0.01038 seconds.
  Beginning simulation of top-level scenario...
  Ran simulation in 26.9 seconds.
Beginning scenario construction...
pygame 2.6.1 (SDL 2.28.4, Python 3.10.12)
Hello from the pygame community. https://www.pygame.org/contribute.html
  Loading cached version of road network...
  Loaded cached network in 0.13 seconds.
  Pruning scenario...
  Pruned scenario in 2.909e-05 seconds.
Scenario constructed in 1.40 seconds.
  Connecting to CARLA on port 2000
  Map loaded in simulator.
  Generated scene in 1 iterations, 0.01085 seconds.
  Beginning simulation of top-level scenario...
  Ran simulation in 28.85 seconds.
Beginning scenario construction...
pygame 2.6.1 (SDL 2.28.4, Python 3.10.12)
Hello from the pygame community. https://www.pygame.org/contribute.html
  Loading cached version of road network...
  Loaded cached network in 0.14 seconds.
  Pruning scenario...
  Pruned scenario in 2.742e-05 seconds.
Scenario constructed in 1.42 seconds.
  Connecting to CARLA on port 2000
  Map loaded in simulator.
  Generated scene in 2 iterations, 0.01709 seconds.
  Beginning simulation of top-level scenario...
  Ran simulation in 26.12 seconds.
Beginning scenario construction...
pygame 2.6.1 (SDL 2.28.4, Python 3.10.12)
Hello from the pygame community. https://www.pygame.org/contribute.html
  Loading cached version of road network...
  Loaded cached network in 0.14 seconds.
  Pruning scenario...
  Pruned scenario in 2.766e-05 seconds.
Scenario constructed in 1.42 seconds.
  Connecting to CARLA on port 2000
  Map loaded in simulator.
  Generated scene in 1 iterations, 0.01109 seconds.
  Beginning simulation of top-level scenario...
  Ran simulation in 27.31 seconds.
Beginning scenario construction...
pygame 2.6.1 (SDL 2.28.4, Python 3.10.12)
Hello from the pygame community. https://www.pygame.org/contribute.html
  Loading cached version of road network...
  Loaded cached network in 0.13 seconds.
  Pruning scenario...
  Pruned scenario in 2.718e-05 seconds.
Scenario constructed in 1.43 seconds.
  Connecting to CARLA on port 2000
  Map loaded in simulator.
  Generated scene in 1 iterations, 0.01088 seconds.
  Beginning simulation of top-level scenario...
  Ran simulation in 27.07 seconds.
Beginning scenario construction...
pygame 2.6.1 (SDL 2.28.4, Python 3.10.12)
Hello from the pygame community. https://www.pygame.org/contribute.html
  Loading cached version of road network...
  Loaded cached network in 0.14 seconds.
  Pruning scenario...
  Pruned scenario in 2.432e-05 seconds.
Scenario constructed in 1.42 seconds.
  Connecting to CARLA on port 2000
  Map loaded in simulator.
  Generated scene in 1 iterations, 0.0107 seconds.
  Beginning simulation of top-level scenario...
  Ran simulation in 28.35 seconds.
Beginning scenario construction...
pygame 2.6.1 (SDL 2.28.4, Python 3.10.12)
Hello from the pygame community. https://www.pygame.org/contribute.html
  Loading cached version of road network...
  Loaded cached network in 0.13 seconds.
  Pruning scenario...
  Pruned scenario in 2.766e-05 seconds.
Scenario constructed in 1.41 seconds.
  Connecting to CARLA on port 2000
  Map loaded in simulator.
  Generated scene in 1 iterations, 0.01133 seconds.
  Beginning simulation of top-level scenario...
  Ran simulation in 25.43 seconds.
Beginning scenario construction...
pygame 2.6.1 (SDL 2.28.4, Python 3.10.12)
Hello from the pygame community. https://www.pygame.org/contribute.html
  Loading cached version of road network...
  Loaded cached network in 0.13 seconds.
  Pruning scenario...
  Pruned scenario in 2.718e-05 seconds.
Scenario constructed in 1.40 seconds.
  Connecting to CARLA on port 2000
  Map loaded in simulator.
  Generated scene in 1 iterations, 0.01076 seconds.
  Beginning simulation of top-level scenario...
  Ran simulation in 26.6 seconds.
Beginning scenario construction...
pygame 2.6.1 (SDL 2.28.4, Python 3.10.12)
Hello from the pygame community. https://www.pygame.org/contribute.html
  Loading cached version of road network...
  Loaded cached network in 0.14 seconds.
  Pruning scenario...
  Pruned scenario in 2.837e-05 seconds.
Scenario constructed in 1.41 seconds.
  Connecting to CARLA on port 2000
  Map loaded in simulator.
  Generated scene in 1 iterations, 0.01078 seconds.
  Beginning simulation of top-level scenario...
  Ran simulation in 26.68 seconds.
Beginning scenario construction...
pygame 2.6.1 (SDL 2.28.4, Python 3.10.12)
Hello from the pygame community. https://www.pygame.org/contribute.html
  Loading cached version of road network...
  Loaded cached network in 0.13 seconds.
  Pruning scenario...
  Pruned scenario in 2.813e-05 seconds.
Scenario constructed in 1.41 seconds.
  Connecting to CARLA on port 2000
  Map loaded in simulator.
  Generated scene in 1 iterations, 0.01083 seconds.
  Beginning simulation of top-level scenario...
  Ran simulation in 28.27 seconds.
Beginning scenario construction...
pygame 2.6.1 (SDL 2.28.4, Python 3.10.12)
Hello from the pygame community. https://www.pygame.org/contribute.html
  Loading cached version of road network...
  Loaded cached network in 0.13 seconds.
  Pruning scenario...
  Pruned scenario in 2.503e-05 seconds.
Scenario constructed in 1.43 seconds.
  Connecting to CARLA on port 2000
  Map loaded in simulator.
  Generated scene in 1 iterations, 0.01155 seconds.
  Beginning simulation of top-level scenario...
  Ran simulation in 26.82 seconds.
Beginning scenario construction...
pygame 2.6.1 (SDL 2.28.4, Python 3.10.12)
Hello from the pygame community. https://www.pygame.org/contribute.html
  Loading cached version of road network...
  Loaded cached network in 0.13 seconds.
  Pruning scenario...
  Pruned scenario in 2.503e-05 seconds.
Scenario constructed in 1.41 seconds.
  Connecting to CARLA on port 2000
  Map loaded in simulator.
  Generated scene in 1 iterations, 0.01089 seconds.
  Beginning simulation of top-level scenario...
  Ran simulation in 28.36 seconds.
Beginning scenario construction...
pygame 2.6.1 (SDL 2.28.4, Python 3.10.12)
Hello from the pygame community. https://www.pygame.org/contribute.html
  Loading cached version of road network...
  Loaded cached network in 0.14 seconds.
  Pruning scenario...
  Pruned scenario in 2.766e-05 seconds.
Scenario constructed in 1.43 seconds.
  Connecting to CARLA on port 2000
  Map loaded in simulator.
  Generated scene in 1 iterations, 0.01074 seconds.
  Beginning simulation of top-level scenario...
  Ran simulation in 26.51 seconds.
Beginning scenario construction...
pygame 2.6.1 (SDL 2.28.4, Python 3.10.12)
Hello from the pygame community. https://www.pygame.org/contribute.html
  Loading cached version of road network...
  Loaded cached network in 0.13 seconds.
  Pruning scenario...
  Pruned scenario in 2.718e-05 seconds.
Scenario constructed in 1.41 seconds.
  Connecting to CARLA on port 2000
  Map loaded in simulator.
  Generated scene in 1 iterations, 0.01122 seconds.
  Beginning simulation of top-level scenario...
  Ran simulation in 27.24 seconds.
Beginning scenario construction...
pygame 2.6.1 (SDL 2.28.4, Python 3.10.12)
Hello from the pygame community. https://www.pygame.org/contribute.html
  Loading cached version of road network...
  Loaded cached network in 0.13 seconds.
  Pruning scenario...
  Pruned scenario in 2.408e-05 seconds.
Scenario constructed in 1.41 seconds.
  Connecting to CARLA on port 2000
  Map loaded in simulator.
  Generated scene in 1 iterations, 0.01091 seconds.
  Beginning simulation of top-level scenario...
  Ran simulation in 28.64 seconds.
Beginning scenario construction...
pygame 2.6.1 (SDL 2.28.4, Python 3.10.12)
Hello from the pygame community. https://www.pygame.org/contribute.html
  Loading cached version of road network...
  Loaded cached network in 0.14 seconds.
  Pruning scenario...
  Pruned scenario in 2.289e-05 seconds.
Scenario constructed in 1.40 seconds.
  Connecting to CARLA on port 2000
  Map loaded in simulator.
  Generated scene in 1 iterations, 0.01074 seconds.
  Beginning simulation of top-level scenario...
  Ran simulation in 26.63 seconds.
Beginning scenario construction...
pygame 2.6.1 (SDL 2.28.4, Python 3.10.12)
Hello from the pygame community. https://www.pygame.org/contribute.html
  Loading cached version of road network...
  Loaded cached network in 0.13 seconds.
  Pruning scenario...
  Pruned scenario in 2.503e-05 seconds.
Scenario constructed in 1.42 seconds.
  Connecting to CARLA on port 2000
  Map loaded in simulator.
  Generated scene in 1 iterations, 0.01075 seconds.
  Beginning simulation of top-level scenario...
  Ran simulation in 26.98 seconds.
Beginning scenario construction...
pygame 2.6.1 (SDL 2.28.4, Python 3.10.12)
Hello from the pygame community. https://www.pygame.org/contribute.html
  Loading cached version of road network...
  Loaded cached network in 0.14 seconds.
  Pruning scenario...
  Pruned scenario in 2.789e-05 seconds.
Scenario constructed in 1.42 seconds.
  Connecting to CARLA on port 2000
  Map loaded in simulator.
  Generated scene in 1 iterations, 0.01086 seconds.
  Beginning simulation of top-level scenario...
  Ran simulation in 27.12 seconds.
Beginning scenario construction...
pygame 2.6.1 (SDL 2.28.4, Python 3.10.12)
Hello from the pygame community. https://www.pygame.org/contribute.html
  Loading cached version of road network...
  Loaded cached network in 0.13 seconds.
  Pruning scenario...
  Pruned scenario in 2.837e-05 seconds.
Scenario constructed in 1.43 seconds.
  Connecting to CARLA on port 2000
  Map loaded in simulator.
  Generated scene in 1 iterations, 0.01081 seconds.
  Beginning simulation of top-level scenario...
  Ran simulation in 26.22 seconds.
Beginning scenario construction...
pygame 2.6.1 (SDL 2.28.4, Python 3.10.12)
Hello from the pygame community. https://www.pygame.org/contribute.html
  Loading cached version of road network...
  Loaded cached network in 0.13 seconds.
  Pruning scenario...
  Pruned scenario in 2.527e-05 seconds.
Scenario constructed in 1.41 seconds.
  Connecting to CARLA on port 2000
  Map loaded in simulator.
  Generated scene in 1 iterations, 0.0108 seconds.
  Beginning simulation of top-level scenario...
  Ran simulation in 26.5 seconds.
Beginning scenario construction...
pygame 2.6.1 (SDL 2.28.4, Python 3.10.12)
Hello from the pygame community. https://www.pygame.org/contribute.html
  Loading cached version of road network...
  Loaded cached network in 0.13 seconds.
  Pruning scenario...
  Pruned scenario in 3.076e-05 seconds.
Scenario constructed in 1.43 seconds.
  Connecting to CARLA on port 2000
  Map loaded in simulator.
  Generated scene in 1 iterations, 0.01073 seconds.
  Beginning simulation of top-level scenario...
  Ran simulation in 28.04 seconds.
Beginning scenario construction...
pygame 2.6.1 (SDL 2.28.4, Python 3.10.12)
Hello from the pygame community. https://www.pygame.org/contribute.html
  Loading cached version of road network...
  Loaded cached network in 0.13 seconds.
  Pruning scenario...
  Pruned scenario in 2.98e-05 seconds.
Scenario constructed in 1.40 seconds.
  Connecting to CARLA on port 2000
  Map loaded in simulator.
  Generated scene in 1 iterations, 0.01089 seconds.
  Beginning simulation of top-level scenario...
  Ran simulation in 26.06 seconds.
Executing sim 0
Simulation 0 failed. Retrying...
Executing sim 1
Executing sim 2
Executing sim 3
Executing sim 4
Executing sim 5
Executing sim 6
Executing sim 7
Executing sim 8
Executing sim 9
Executing sim 10
Executing sim 11
Executing sim 12
Executing sim 13
Executing sim 14
Executing sim 15
Executing sim 16
Executing sim 17
Executing sim 18
Executing sim 19
Executing sim 20
Executing sim 21
Executing sim 22
Executing sim 23
Executing sim 24
Executing sim 25
Executing sim 26
Executing sim 27
Executing sim 28
Executing sim 29
Executing sim 30
Executing sim 31
Executing sim 32
Executing sim 33
Executing sim 34
Executing sim 35
Executing sim 36
Executing sim 37
Executing sim 38
Executing sim 39
Executing sim 40
Executing sim 41
Executing sim 42
Executing sim 43
Executing sim 44
Executing sim 45
Executing sim 46
Executing sim 47
Executing sim 48
Executing sim 49
Executing sim 50
Executing sim 51
Executing sim 52
Executing sim 53
Executing sim 54
Executing sim 55
Executing sim 56
Executing sim 57
Executing sim 58
Executing sim 59
Executing sim 60
Executing sim 61
Executing sim 62
Executing sim 63
Executing sim 64
Executing sim 65
Executing sim 66
Executing sim 67
Executing sim 68
Executing sim 69
Executing sim 70
Executing sim 71
Executing sim 72
Executing sim 73
Executing sim 74
Executing sim 75
Executing sim 76
Executing sim 77
Executing sim 78
Executing sim 79
Executing sim 80
Executing sim 81
Executing sim 82
Executing sim 83
Executing sim 84
Executing sim 85
Executing sim 86
Executing sim 87
Executing sim 88
Executing sim 89
Executing sim 90
Executing sim 91
Executing sim 92
Executing sim 93
Executing sim 94
Executing sim 95
Executing sim 96
Executing sim 97
Executing sim 98
Executing sim 99
Executing sim 100
Executing sim 101
Executing sim 102
Executing sim 103
Executing sim 104
Executing sim 105
Executing sim 106
Executing sim 107
Executing sim 108
Executing sim 109
Executing sim 110
Executing sim 111
Executing sim 112
Executing sim 113
Executing sim 114
Executing sim 115
Executing sim 116
Executing sim 117
Executing sim 118
Executing sim 119
Executing sim 120
Executing sim 121
Executing sim 122
Executing sim 123
Executing sim 124
Executing sim 125
Executing sim 126
Executing sim 127
Executing sim 128
Executing sim 129
Executing sim 130
Executing sim 131
Executing sim 132
Executing sim 133
Executing sim 134
Executing sim 135
Executing sim 136
Executing sim 137
Executing sim 138
Executing sim 139
Executing sim 140
Executing sim 141
Executing sim 142
Executing sim 143
Executing sim 144
Executing sim 145
Executing sim 146
Executing sim 147
Executing sim 148
Executing sim 149
Executing sim 150
Executing sim 151
Executing sim 152
Executing sim 153
Executing sim 154
Executing sim 155
Executing sim 156
Executing sim 157
Executing sim 158
Executing sim 159
Executing sim 160
Executing sim 161
Executing sim 162
Executing sim 163
Executing sim 164
Executing sim 165
Executing sim 166
Executing sim 167
Executing sim 168
Executing sim 169
Executing sim 170
Executing sim 171
Executing sim 172
Executing sim 173
Executing sim 174
Executing sim 175
Executing sim 176
Executing sim 177
Executing sim 178
Executing sim 179
Executing sim 180
Executing sim 181
Executing sim 182
Executing sim 183
Executing sim 184
Executing sim 185
Executing sim 186
Executing sim 187
Executing sim 188
Executing sim 189
Executing sim 190
Executing sim 191
Executing sim 192
Executing sim 193
Executing sim 194
Executing sim 195
Executing sim 196
Executing sim 197
Executing sim 198
Executing sim 199
Executing sim 200
Executing sim 201
Executing sim 202
Executing sim 203
Executing sim 204
Executing sim 205
Executing sim 206
Executing sim 207
Executing sim 208
Executing sim 209
Executing sim 210
Executing sim 211
Executing sim 212
Executing sim 213
Executing sim 214
Executing sim 215
Executing sim 216
Executing sim 217
Executing sim 218
Executing sim 219
Executing sim 220
Executing sim 221
Executing sim 222
Executing sim 223
Executing sim 224
Executing sim 225
Executing sim 226
Executing sim 227
Executing sim 228
Executing sim 229
Executing sim 230
Executing sim 231
Executing sim 232
Executing sim 233
Executing sim 234
Executing sim 235
Executing sim 236
Executing sim 237
Executing sim 238
Executing sim 239
Executing sim 240
Executing sim 241
Executing sim 242
Executing sim 243
Executing sim 244
Executing sim 245
Executing sim 246
Executing sim 247
Executing sim 248
Executing sim 249
Executing sim 250
Executing sim 251
Executing sim 252
Executing sim 253
Executing sim 254
Executing sim 255
Executing sim 256
Executing sim 257
Executing sim 258
Executing sim 259
Executing sim 260
Executing sim 261
Executing sim 262
Executing sim 263
Executing sim 264
Executing sim 265
Executing sim 266
Executing sim 267
Executing sim 268
Executing sim 269
Executing sim 270
Executing sim 271
Executing sim 272
Executing sim 273
Executing sim 274
Executing sim 275
Executing sim 276
Executing sim 277
Executing sim 278
Executing sim 279
Executing sim 280
Executing sim 281
Executing sim 282
Executing sim 283
Executing sim 284
Executing sim 285
Executing sim 286
Executing sim 287
Executing sim 288
Executing sim 289
Executing sim 290
Executing sim 291
Executing sim 292
Executing sim 293
Executing sim 294
Executing sim 295
Executing sim 296
Executing sim 297
Executing sim 298
Executing sim 299
