This job can be monitored from: https://job.c3se.chalmers.se/alvis/6385161
4.26.2-0+++UE4+Release-4.26 522 0
Disabling core dumps.
Beginning scenario construction...
pygame 2.6.1 (SDL 2.28.4, Python 3.10.12)
Hello from the pygame community. https://www.pygame.org/contribute.html
  Loading cached version of road network...
  Loaded cached network in 0.13 seconds.
  Pruning scenario...
  Pruned scenario in 1.907e-05 seconds.
Scenario constructed in 1.51 seconds.
  Connecting to CARLA on port 2000
Beginning scenario construction...
pygame 2.6.1 (SDL 2.28.4, Python 3.10.12)
Hello from the pygame community. https://www.pygame.org/contribute.html
  Loading cached version of road network...
  Loaded cached network in 0.13 seconds.
  Pruning scenario...
  Pruned scenario in 1.86e-05 seconds.
Scenario constructed in 1.32 seconds.
  Connecting to CARLA on port 2000
  Map loaded in simulator.
  Generated scene in 1 iterations, 0.01535 seconds.
  Beginning simulation of top-level scenario...
  Ran simulation in 9.018 seconds.
Beginning scenario construction...
pygame 2.6.1 (SDL 2.28.4, Python 3.10.12)
Hello from the pygame community. https://www.pygame.org/contribute.html
  Loading cached version of road network...
  Loaded cached network in 0.14 seconds.
  Pruning scenario...
  Pruned scenario in 2.17e-05 seconds.
Scenario constructed in 1.43 seconds.
  Connecting to CARLA on port 2000
  Map loaded in simulator.
  Generated scene in 1 iterations, 0.007582 seconds.
  Beginning simulation of top-level scenario...
  Ran simulation in 10.58 seconds.
Beginning scenario construction...
pygame 2.6.1 (SDL 2.28.4, Python 3.10.12)
Hello from the pygame community. https://www.pygame.org/contribute.html
  Loading cached version of road network...
  Loaded cached network in 0.14 seconds.
  Pruning scenario...
  Pruned scenario in 2.122e-05 seconds.
Scenario constructed in 1.41 seconds.
  Connecting to CARLA on port 2000
  Map loaded in simulator.
  Generated scene in 1 iterations, 0.007343 seconds.
  Beginning simulation of top-level scenario...
  Ran simulation in 10.1 seconds.
Beginning scenario construction...
pygame 2.6.1 (SDL 2.28.4, Python 3.10.12)
Hello from the pygame community. https://www.pygame.org/contribute.html
  Loading cached version of road network...
  Loaded cached network in 0.14 seconds.
  Pruning scenario...
  Pruned scenario in 1.979e-05 seconds.
Scenario constructed in 1.42 seconds.
  Connecting to CARLA on port 2000
  Map loaded in simulator.
  Generated scene in 1 iterations, 0.007403 seconds.
  Beginning simulation of top-level scenario...
  Ran simulation in 11.87 seconds.
Beginning scenario construction...
pygame 2.6.1 (SDL 2.28.4, Python 3.10.12)
Hello from the pygame community. https://www.pygame.org/contribute.html
  Loading cached version of road network...
  Loaded cached network in 0.14 seconds.
  Pruning scenario...
  Pruned scenario in 2.122e-05 seconds.
Scenario constructed in 1.41 seconds.
  Connecting to CARLA on port 2000
  Map loaded in simulator.
  Generated scene in 1 iterations, 0.007265 seconds.
  Beginning simulation of top-level scenario...
  Ran simulation in 9.228 seconds.
Beginning scenario construction...
pygame 2.6.1 (SDL 2.28.4, Python 3.10.12)
Hello from the pygame community. https://www.pygame.org/contribute.html
  Loading cached version of road network...
  Loaded cached network in 0.14 seconds.
  Pruning scenario...
  Pruned scenario in 2.027e-05 seconds.
Scenario constructed in 1.41 seconds.
  Connecting to CARLA on port 2000
  Map loaded in simulator.
  Generated scene in 1 iterations, 0.007498 seconds.
  Beginning simulation of top-level scenario...
  Ran simulation in 12.38 seconds.
Beginning scenario construction...
pygame 2.6.1 (SDL 2.28.4, Python 3.10.12)
Hello from the pygame community. https://www.pygame.org/contribute.html
  Loading cached version of road network...
  Loaded cached network in 0.14 seconds.
  Pruning scenario...
  Pruned scenario in 2.408e-05 seconds.
Scenario constructed in 1.43 seconds.
  Connecting to CARLA on port 2000
  Map loaded in simulator.
  Generated scene in 1 iterations, 0.007465 seconds.
  Beginning simulation of top-level scenario...
  Ran simulation in 9.982 seconds.
Beginning scenario construction...
pygame 2.6.1 (SDL 2.28.4, Python 3.10.12)
Hello from the pygame community. https://www.pygame.org/contribute.html
  Loading cached version of road network...
  Loaded cached network in 0.14 seconds.
  Pruning scenario...
  Pruned scenario in 2.193e-05 seconds.
Scenario constructed in 1.42 seconds.
  Connecting to CARLA on port 2000
  Map loaded in simulator.
  Generated scene in 1 iterations, 0.007433 seconds.
  Beginning simulation of top-level scenario...
  Ran simulation in 11.62 seconds.
Beginning scenario construction...
pygame 2.6.1 (SDL 2.28.4, Python 3.10.12)
Hello from the pygame community. https://www.pygame.org/contribute.html
  Loading cached version of road network...
  Loaded cached network in 0.14 seconds.
  Pruning scenario...
  Pruned scenario in 1.955e-05 seconds.
Scenario constructed in 1.42 seconds.
  Connecting to CARLA on port 2000
  Map loaded in simulator.
  Generated scene in 1 iterations, 0.007421 seconds.
  Beginning simulation of top-level scenario...
  Ran simulation in 11.64 seconds.
Beginning scenario construction...
pygame 2.6.1 (SDL 2.28.4, Python 3.10.12)
Hello from the pygame community. https://www.pygame.org/contribute.html
  Loading cached version of road network...
  Loaded cached network in 0.14 seconds.
  Pruning scenario...
  Pruned scenario in 2.48e-05 seconds.
Scenario constructed in 1.45 seconds.
  Connecting to CARLA on port 2000
  Map loaded in simulator.
  Generated scene in 1 iterations, 0.007666 seconds.
  Beginning simulation of top-level scenario...
  Ran simulation in 9.284 seconds.
Beginning scenario construction...
pygame 2.6.1 (SDL 2.28.4, Python 3.10.12)
Hello from the pygame community. https://www.pygame.org/contribute.html
  Loading cached version of road network...
  Loaded cached network in 0.14 seconds.
  Pruning scenario...
  Pruned scenario in 2.98e-05 seconds.
Scenario constructed in 1.41 seconds.
  Connecting to CARLA on port 2000
  Map loaded in simulator.
  Generated scene in 1 iterations, 0.007557 seconds.
  Beginning simulation of top-level scenario...
  Ran simulation in 11.05 seconds.
Beginning scenario construction...
pygame 2.6.1 (SDL 2.28.4, Python 3.10.12)
Hello from the pygame community. https://www.pygame.org/contribute.html
  Loading cached version of road network...
  Loaded cached network in 0.14 seconds.
  Pruning scenario...
  Pruned scenario in 2.146e-05 seconds.
Scenario constructed in 1.45 seconds.
  Connecting to CARLA on port 2000
  Map loaded in simulator.
  Generated scene in 1 iterations, 0.007648 seconds.
  Beginning simulation of top-level scenario...
  Ran simulation in 11.42 seconds.
Beginning scenario construction...
pygame 2.6.1 (SDL 2.28.4, Python 3.10.12)
Hello from the pygame community. https://www.pygame.org/contribute.html
  Loading cached version of road network...
  Loaded cached network in 0.14 seconds.
  Pruning scenario...
  Pruned scenario in 2.122e-05 seconds.
Scenario constructed in 1.42 seconds.
  Connecting to CARLA on port 2000
  Map loaded in simulator.
  Generated scene in 1 iterations, 0.007336 seconds.
  Beginning simulation of top-level scenario...
  Ran simulation in 9.418 seconds.
Beginning scenario construction...
pygame 2.6.1 (SDL 2.28.4, Python 3.10.12)
Hello from the pygame community. https://www.pygame.org/contribute.html
  Loading cached version of road network...
  Loaded cached network in 0.14 seconds.
  Pruning scenario...
  Pruned scenario in 2.337e-05 seconds.
Scenario constructed in 1.42 seconds.
  Connecting to CARLA on port 2000
  Map loaded in simulator.
  Generated scene in 1 iterations, 0.007282 seconds.
  Beginning simulation of top-level scenario...
  Ran simulation in 10.46 seconds.
Beginning scenario construction...
pygame 2.6.1 (SDL 2.28.4, Python 3.10.12)
Hello from the pygame community. https://www.pygame.org/contribute.html
  Loading cached version of road network...
  Loaded cached network in 0.14 seconds.
  Pruning scenario...
  Pruned scenario in 2.265e-05 seconds.
Scenario constructed in 1.42 seconds.
  Connecting to CARLA on port 2000
  Map loaded in simulator.
  Generated scene in 1 iterations, 0.007472 seconds.
  Beginning simulation of top-level scenario...
  Ran simulation in 10.03 seconds.
Beginning scenario construction...
pygame 2.6.1 (SDL 2.28.4, Python 3.10.12)
Hello from the pygame community. https://www.pygame.org/contribute.html
  Loading cached version of road network...
  Loaded cached network in 0.14 seconds.
  Pruning scenario...
  Pruned scenario in 2.074e-05 seconds.
Scenario constructed in 1.43 seconds.
  Connecting to CARLA on port 2000
  Map loaded in simulator.
  Generated scene in 1 iterations, 0.007366 seconds.
  Beginning simulation of top-level scenario...
  Ran simulation in 11.47 seconds.
Beginning scenario construction...
pygame 2.6.1 (SDL 2.28.4, Python 3.10.12)
Hello from the pygame community. https://www.pygame.org/contribute.html
  Loading cached version of road network...
  Loaded cached network in 0.14 seconds.
  Pruning scenario...
  Pruned scenario in 2.146e-05 seconds.
Scenario constructed in 1.43 seconds.
  Connecting to CARLA on port 2000
  Map loaded in simulator.
  Generated scene in 1 iterations, 0.006831 seconds.
  Beginning simulation of top-level scenario...
  Ran simulation in 11.14 seconds.
Beginning scenario construction...
pygame 2.6.1 (SDL 2.28.4, Python 3.10.12)
Hello from the pygame community. https://www.pygame.org/contribute.html
  Loading cached version of road network...
  Loaded cached network in 0.14 seconds.
  Pruning scenario...
  Pruned scenario in 2.265e-05 seconds.
Scenario constructed in 1.45 seconds.
  Connecting to CARLA on port 2000
  Map loaded in simulator.
  Generated scene in 1 iterations, 0.006821 seconds.
  Beginning simulation of top-level scenario...
  Ran simulation in 11.59 seconds.
Beginning scenario construction...
pygame 2.6.1 (SDL 2.28.4, Python 3.10.12)
Hello from the pygame community. https://www.pygame.org/contribute.html
  Loading cached version of road network...
  Loaded cached network in 0.14 seconds.
  Pruning scenario...
  Pruned scenario in 2.027e-05 seconds.
Scenario constructed in 1.42 seconds.
  Connecting to CARLA on port 2000
  Map loaded in simulator.
  Generated scene in 1 iterations, 0.006546 seconds.
  Beginning simulation of top-level scenario...
  Ran simulation in 9.601 seconds.
Beginning scenario construction...
pygame 2.6.1 (SDL 2.28.4, Python 3.10.12)
Hello from the pygame community. https://www.pygame.org/contribute.html
  Loading cached version of road network...
  Loaded cached network in 0.14 seconds.
  Pruning scenario...
  Pruned scenario in 2.265e-05 seconds.
Scenario constructed in 1.45 seconds.
  Connecting to CARLA on port 2000
  Map loaded in simulator.
  Generated scene in 1 iterations, 0.007362 seconds.
  Beginning simulation of top-level scenario...
  Ran simulation in 12.49 seconds.
Beginning scenario construction...
pygame 2.6.1 (SDL 2.28.4, Python 3.10.12)
Hello from the pygame community. https://www.pygame.org/contribute.html
  Loading cached version of road network...
  Loaded cached network in 0.14 seconds.
  Pruning scenario...
  Pruned scenario in 2.265e-05 seconds.
Scenario constructed in 1.42 seconds.
  Connecting to CARLA on port 2000
  Map loaded in simulator.
  Generated scene in 1 iterations, 0.007642 seconds.
  Beginning simulation of top-level scenario...
  Ran simulation in 11.62 seconds.
Beginning scenario construction...
pygame 2.6.1 (SDL 2.28.4, Python 3.10.12)
Hello from the pygame community. https://www.pygame.org/contribute.html
  Loading cached version of road network...
  Loaded cached network in 0.14 seconds.
  Pruning scenario...
  Pruned scenario in 2.027e-05 seconds.
Scenario constructed in 1.42 seconds.
  Connecting to CARLA on port 2000
  Map loaded in simulator.
  Generated scene in 1 iterations, 0.007487 seconds.
  Beginning simulation of top-level scenario...
  Ran simulation in 10.99 seconds.
Beginning scenario construction...
pygame 2.6.1 (SDL 2.28.4, Python 3.10.12)
Hello from the pygame community. https://www.pygame.org/contribute.html
  Loading cached version of road network...
  Loaded cached network in 0.14 seconds.
  Pruning scenario...
  Pruned scenario in 2.146e-05 seconds.
Scenario constructed in 1.42 seconds.
  Connecting to CARLA on port 2000
  Map loaded in simulator.
  Generated scene in 1 iterations, 0.00744 seconds.
  Beginning simulation of top-level scenario...
  Ran simulation in 9.586 seconds.
Beginning scenario construction...
pygame 2.6.1 (SDL 2.28.4, Python 3.10.12)
Hello from the pygame community. https://www.pygame.org/contribute.html
  Loading cached version of road network...
  Loaded cached network in 0.14 seconds.
  Pruning scenario...
  Pruned scenario in 2.217e-05 seconds.
Scenario constructed in 1.42 seconds.
  Connecting to CARLA on port 2000
  Map loaded in simulator.
  Generated scene in 1 iterations, 0.007389 seconds.
  Beginning simulation of top-level scenario...
  Ran simulation in 9.788 seconds.
Beginning scenario construction...
pygame 2.6.1 (SDL 2.28.4, Python 3.10.12)
Hello from the pygame community. https://www.pygame.org/contribute.html
  Loading cached version of road network...
  Loaded cached network in 0.14 seconds.
  Pruning scenario...
  Pruned scenario in 2.265e-05 seconds.
Scenario constructed in 1.41 seconds.
  Connecting to CARLA on port 2000
  Map loaded in simulator.
  Generated scene in 1 iterations, 0.007373 seconds.
  Beginning simulation of top-level scenario...
  Ran simulation in 9.018 seconds.
Beginning scenario construction...
pygame 2.6.1 (SDL 2.28.4, Python 3.10.12)
Hello from the pygame community. https://www.pygame.org/contribute.html
  Loading cached version of road network...
  Loaded cached network in 0.14 seconds.
  Pruning scenario...
  Pruned scenario in 2.122e-05 seconds.
Scenario constructed in 1.43 seconds.
  Connecting to CARLA on port 2000
  Map loaded in simulator.
  Generated scene in 1 iterations, 0.007282 seconds.
  Beginning simulation of top-level scenario...
  Ran simulation in 11.85 seconds.
Beginning scenario construction...
pygame 2.6.1 (SDL 2.28.4, Python 3.10.12)
Hello from the pygame community. https://www.pygame.org/contribute.html
  Loading cached version of road network...
  Loaded cached network in 0.14 seconds.
  Pruning scenario...
  Pruned scenario in 2.265e-05 seconds.
Scenario constructed in 1.43 seconds.
  Connecting to CARLA on port 2000
  Map loaded in simulator.
  Generated scene in 1 iterations, 0.007414 seconds.
  Beginning simulation of top-level scenario...
  Ran simulation in 10.2 seconds.
Beginning scenario construction...
pygame 2.6.1 (SDL 2.28.4, Python 3.10.12)
Hello from the pygame community. https://www.pygame.org/contribute.html
  Loading cached version of road network...
  Loaded cached network in 0.14 seconds.
  Pruning scenario...
  Pruned scenario in 2.384e-05 seconds.
Scenario constructed in 1.44 seconds.
  Connecting to CARLA on port 2000
  Map loaded in simulator.
  Generated scene in 1 iterations, 0.007097 seconds.
  Beginning simulation of top-level scenario...
  Ran simulation in 10.61 seconds.
Beginning scenario construction...
pygame 2.6.1 (SDL 2.28.4, Python 3.10.12)
Hello from the pygame community. https://www.pygame.org/contribute.html
  Loading cached version of road network...
  Loaded cached network in 0.14 seconds.
  Pruning scenario...
  Pruned scenario in 2.122e-05 seconds.
Scenario constructed in 1.42 seconds.
  Connecting to CARLA on port 2000
  Map loaded in simulator.
  Generated scene in 1 iterations, 0.007497 seconds.
  Beginning simulation of top-level scenario...
  Ran simulation in 8.952 seconds.
Beginning scenario construction...
pygame 2.6.1 (SDL 2.28.4, Python 3.10.12)
Hello from the pygame community. https://www.pygame.org/contribute.html
  Loading cached version of road network...
  Loaded cached network in 0.14 seconds.
  Pruning scenario...
  Pruned scenario in 2.098e-05 seconds.
Scenario constructed in 1.43 seconds.
  Connecting to CARLA on port 2000
  Map loaded in simulator.
  Generated scene in 1 iterations, 0.007629 seconds.
  Beginning simulation of top-level scenario...
  Ran simulation in 11.19 seconds.
Beginning scenario construction...
pygame 2.6.1 (SDL 2.28.4, Python 3.10.12)
Hello from the pygame community. https://www.pygame.org/contribute.html
  Loading cached version of road network...
  Loaded cached network in 0.14 seconds.
  Pruning scenario...
  Pruned scenario in 2.17e-05 seconds.
Scenario constructed in 1.42 seconds.
  Connecting to CARLA on port 2000
  Map loaded in simulator.
  Generated scene in 1 iterations, 0.00733 seconds.
  Beginning simulation of top-level scenario...
  Ran simulation in 11.59 seconds.
Beginning scenario construction...
pygame 2.6.1 (SDL 2.28.4, Python 3.10.12)
Hello from the pygame community. https://www.pygame.org/contribute.html
  Loading cached version of road network...
  Loaded cached network in 0.14 seconds.
  Pruning scenario...
  Pruned scenario in 2.146e-05 seconds.
Scenario constructed in 1.43 seconds.
  Connecting to CARLA on port 2000
  Map loaded in simulator.
  Generated scene in 1 iterations, 0.007505 seconds.
  Beginning simulation of top-level scenario...
  Ran simulation in 10.28 seconds.
Beginning scenario construction...
pygame 2.6.1 (SDL 2.28.4, Python 3.10.12)
Hello from the pygame community. https://www.pygame.org/contribute.html
  Loading cached version of road network...
  Loaded cached network in 0.14 seconds.
  Pruning scenario...
  Pruned scenario in 2.337e-05 seconds.
Scenario constructed in 1.43 seconds.
  Connecting to CARLA on port 2000
  Map loaded in simulator.
  Generated scene in 1 iterations, 0.007387 seconds.
  Beginning simulation of top-level scenario...
  Ran simulation in 12.8 seconds.
Beginning scenario construction...
pygame 2.6.1 (SDL 2.28.4, Python 3.10.12)
Hello from the pygame community. https://www.pygame.org/contribute.html
  Loading cached version of road network...
  Loaded cached network in 0.14 seconds.
  Pruning scenario...
  Pruned scenario in 2.17e-05 seconds.
Scenario constructed in 1.44 seconds.
  Connecting to CARLA on port 2000
  Map loaded in simulator.
  Generated scene in 1 iterations, 0.007256 seconds.
  Beginning simulation of top-level scenario...
  Ran simulation in 9.765 seconds.
Beginning scenario construction...
pygame 2.6.1 (SDL 2.28.4, Python 3.10.12)
Hello from the pygame community. https://www.pygame.org/contribute.html
  Loading cached version of road network...
  Loaded cached network in 0.14 seconds.
  Pruning scenario...
  Pruned scenario in 2.074e-05 seconds.
Scenario constructed in 1.42 seconds.
  Connecting to CARLA on port 2000
  Map loaded in simulator.
  Generated scene in 1 iterations, 0.007429 seconds.
  Beginning simulation of top-level scenario...
  Ran simulation in 11.16 seconds.
Beginning scenario construction...
pygame 2.6.1 (SDL 2.28.4, Python 3.10.12)
Hello from the pygame community. https://www.pygame.org/contribute.html
  Loading cached version of road network...
  Loaded cached network in 0.14 seconds.
  Pruning scenario...
  Pruned scenario in 2.122e-05 seconds.
Scenario constructed in 1.43 seconds.
  Connecting to CARLA on port 2000
  Map loaded in simulator.
  Generated scene in 1 iterations, 0.007327 seconds.
  Beginning simulation of top-level scenario...
  Ran simulation in 10.92 seconds.
Beginning scenario construction...
pygame 2.6.1 (SDL 2.28.4, Python 3.10.12)
Hello from the pygame community. https://www.pygame.org/contribute.html
  Loading cached version of road network...
  Loaded cached network in 0.14 seconds.
  Pruning scenario...
  Pruned scenario in 2.003e-05 seconds.
Scenario constructed in 1.43 seconds.
  Connecting to CARLA on port 2000
  Map loaded in simulator.
  Generated scene in 1 iterations, 0.007536 seconds.
  Beginning simulation of top-level scenario...
  Ran simulation in 9.556 seconds.
Beginning scenario construction...
pygame 2.6.1 (SDL 2.28.4, Python 3.10.12)
Hello from the pygame community. https://www.pygame.org/contribute.html
  Loading cached version of road network...
  Loaded cached network in 0.14 seconds.
  Pruning scenario...
  Pruned scenario in 2.313e-05 seconds.
Scenario constructed in 1.44 seconds.
  Connecting to CARLA on port 2000
  Map loaded in simulator.
  Generated scene in 1 iterations, 0.007068 seconds.
  Beginning simulation of top-level scenario...
  Ran simulation in 10.18 seconds.
Beginning scenario construction...
pygame 2.6.1 (SDL 2.28.4, Python 3.10.12)
Hello from the pygame community. https://www.pygame.org/contribute.html
  Loading cached version of road network...
  Loaded cached network in 0.14 seconds.
  Pruning scenario...
  Pruned scenario in 1.931e-05 seconds.
Scenario constructed in 1.43 seconds.
  Connecting to CARLA on port 2000
  Map loaded in simulator.
  Generated scene in 1 iterations, 0.007574 seconds.
  Beginning simulation of top-level scenario...
  Ran simulation in 9.373 seconds.
Beginning scenario construction...
pygame 2.6.1 (SDL 2.28.4, Python 3.10.12)
Hello from the pygame community. https://www.pygame.org/contribute.html
  Loading cached version of road network...
  Loaded cached network in 0.14 seconds.
  Pruning scenario...
  Pruned scenario in 2.241e-05 seconds.
Scenario constructed in 1.44 seconds.
  Connecting to CARLA on port 2000
  Map loaded in simulator.
  Generated scene in 1 iterations, 0.007676 seconds.
  Beginning simulation of top-level scenario...
  Ran simulation in 8.982 seconds.
Beginning scenario construction...
pygame 2.6.1 (SDL 2.28.4, Python 3.10.12)
Hello from the pygame community. https://www.pygame.org/contribute.html
  Loading cached version of road network...
  Loaded cached network in 0.14 seconds.
  Pruning scenario...
  Pruned scenario in 2.265e-05 seconds.
Scenario constructed in 1.43 seconds.
  Connecting to CARLA on port 2000
  Map loaded in simulator.
  Generated scene in 1 iterations, 0.007299 seconds.
  Beginning simulation of top-level scenario...
  Ran simulation in 11.93 seconds.
Beginning scenario construction...
pygame 2.6.1 (SDL 2.28.4, Python 3.10.12)
Hello from the pygame community. https://www.pygame.org/contribute.html
  Loading cached version of road network...
  Loaded cached network in 0.14 seconds.
  Pruning scenario...
  Pruned scenario in 2.027e-05 seconds.
Scenario constructed in 1.43 seconds.
  Connecting to CARLA on port 2000
  Map loaded in simulator.
  Generated scene in 1 iterations, 0.007308 seconds.
  Beginning simulation of top-level scenario...
  Ran simulation in 10.85 seconds.
Beginning scenario construction...
pygame 2.6.1 (SDL 2.28.4, Python 3.10.12)
Hello from the pygame community. https://www.pygame.org/contribute.html
  Loading cached version of road network...
  Loaded cached network in 0.14 seconds.
  Pruning scenario...
  Pruned scenario in 2.17e-05 seconds.
Scenario constructed in 1.44 seconds.
  Connecting to CARLA on port 2000
  Map loaded in simulator.
  Generated scene in 1 iterations, 0.007469 seconds.
  Beginning simulation of top-level scenario...
  Ran simulation in 9.993 seconds.
Beginning scenario construction...
pygame 2.6.1 (SDL 2.28.4, Python 3.10.12)
Hello from the pygame community. https://www.pygame.org/contribute.html
  Loading cached version of road network...
  Loaded cached network in 0.14 seconds.
  Pruning scenario...
  Pruned scenario in 2.17e-05 seconds.
Scenario constructed in 1.45 seconds.
  Connecting to CARLA on port 2000
  Map loaded in simulator.
  Generated scene in 1 iterations, 0.007502 seconds.
  Beginning simulation of top-level scenario...
  Ran simulation in 11.48 seconds.
Beginning scenario construction...
pygame 2.6.1 (SDL 2.28.4, Python 3.10.12)
Hello from the pygame community. https://www.pygame.org/contribute.html
  Loading cached version of road network...
  Loaded cached network in 0.14 seconds.
  Pruning scenario...
  Pruned scenario in 2.265e-05 seconds.
Scenario constructed in 1.42 seconds.
  Connecting to CARLA on port 2000
  Map loaded in simulator.
  Generated scene in 1 iterations, 0.007771 seconds.
  Beginning simulation of top-level scenario...
  Ran simulation in 11.69 seconds.
Beginning scenario construction...
pygame 2.6.1 (SDL 2.28.4, Python 3.10.12)
Hello from the pygame community. https://www.pygame.org/contribute.html
  Loading cached version of road network...
  Loaded cached network in 0.14 seconds.
  Pruning scenario...
  Pruned scenario in 2.527e-05 seconds.
Scenario constructed in 1.43 seconds.
  Connecting to CARLA on port 2000
  Map loaded in simulator.
  Generated scene in 1 iterations, 0.00664 seconds.
  Beginning simulation of top-level scenario...
  Ran simulation in 11.59 seconds.
Beginning scenario construction...
pygame 2.6.1 (SDL 2.28.4, Python 3.10.12)
Hello from the pygame community. https://www.pygame.org/contribute.html
  Loading cached version of road network...
  Loaded cached network in 0.14 seconds.
  Pruning scenario...
  Pruned scenario in 2.241e-05 seconds.
Scenario constructed in 1.41 seconds.
  Connecting to CARLA on port 2000
  Map loaded in simulator.
  Generated scene in 1 iterations, 0.007255 seconds.
  Beginning simulation of top-level scenario...
  Ran simulation in 10.2 seconds.
Beginning scenario construction...
pygame 2.6.1 (SDL 2.28.4, Python 3.10.12)
Hello from the pygame community. https://www.pygame.org/contribute.html
  Loading cached version of road network...
  Loaded cached network in 0.14 seconds.
  Pruning scenario...
  Pruned scenario in 1.931e-05 seconds.
Scenario constructed in 1.44 seconds.
  Connecting to CARLA on port 2000
  Map loaded in simulator.
  Generated scene in 1 iterations, 0.007331 seconds.
  Beginning simulation of top-level scenario...
  Ran simulation in 10.17 seconds.
Beginning scenario construction...
pygame 2.6.1 (SDL 2.28.4, Python 3.10.12)
Hello from the pygame community. https://www.pygame.org/contribute.html
  Loading cached version of road network...
  Loaded cached network in 0.14 seconds.
  Pruning scenario...
  Pruned scenario in 2.217e-05 seconds.
Scenario constructed in 1.43 seconds.
  Connecting to CARLA on port 2000
  Map loaded in simulator.
  Generated scene in 1 iterations, 0.007362 seconds.
  Beginning simulation of top-level scenario...
  Ran simulation in 10.17 seconds.
Beginning scenario construction...
pygame 2.6.1 (SDL 2.28.4, Python 3.10.12)
Hello from the pygame community. https://www.pygame.org/contribute.html
  Loading cached version of road network...
  Loaded cached network in 0.14 seconds.
  Pruning scenario...
  Pruned scenario in 2.17e-05 seconds.
Scenario constructed in 1.43 seconds.
  Connecting to CARLA on port 2000
  Map loaded in simulator.
  Generated scene in 1 iterations, 0.006792 seconds.
  Beginning simulation of top-level scenario...
  Ran simulation in 9.178 seconds.
Beginning scenario construction...
pygame 2.6.1 (SDL 2.28.4, Python 3.10.12)
Hello from the pygame community. https://www.pygame.org/contribute.html
  Loading cached version of road network...
  Loaded cached network in 0.14 seconds.
  Pruning scenario...
  Pruned scenario in 2.289e-05 seconds.
Scenario constructed in 1.44 seconds.
  Connecting to CARLA on port 2000
  Map loaded in simulator.
  Generated scene in 1 iterations, 0.007502 seconds.
  Beginning simulation of top-level scenario...
  Ran simulation in 9.938 seconds.
Beginning scenario construction...
pygame 2.6.1 (SDL 2.28.4, Python 3.10.12)
Hello from the pygame community. https://www.pygame.org/contribute.html
  Loading cached version of road network...
  Loaded cached network in 0.14 seconds.
  Pruning scenario...
  Pruned scenario in 2.313e-05 seconds.
Scenario constructed in 1.46 seconds.
  Connecting to CARLA on port 2000
  Map loaded in simulator.
  Generated scene in 1 iterations, 0.007262 seconds.
  Beginning simulation of top-level scenario...
  Ran simulation in 12.33 seconds.
Beginning scenario construction...
pygame 2.6.1 (SDL 2.28.4, Python 3.10.12)
Hello from the pygame community. https://www.pygame.org/contribute.html
  Loading cached version of road network...
  Loaded cached network in 0.14 seconds.
  Pruning scenario...
  Pruned scenario in 2.122e-05 seconds.
Scenario constructed in 1.42 seconds.
  Connecting to CARLA on port 2000
  Map loaded in simulator.
  Generated scene in 1 iterations, 0.007544 seconds.
  Beginning simulation of top-level scenario...
  Ran simulation in 9.577 seconds.
Beginning scenario construction...
pygame 2.6.1 (SDL 2.28.4, Python 3.10.12)
Hello from the pygame community. https://www.pygame.org/contribute.html
  Loading cached version of road network...
  Loaded cached network in 0.14 seconds.
  Pruning scenario...
  Pruned scenario in 2.241e-05 seconds.
Scenario constructed in 1.44 seconds.
  Connecting to CARLA on port 2000
  Map loaded in simulator.
  Generated scene in 1 iterations, 0.007362 seconds.
  Beginning simulation of top-level scenario...
  Ran simulation in 9.935 seconds.
Beginning scenario construction...
pygame 2.6.1 (SDL 2.28.4, Python 3.10.12)
Hello from the pygame community. https://www.pygame.org/contribute.html
  Loading cached version of road network...
  Loaded cached network in 0.14 seconds.
  Pruning scenario...
  Pruned scenario in 2.122e-05 seconds.
Scenario constructed in 1.44 seconds.
  Connecting to CARLA on port 2000
  Map loaded in simulator.
  Generated scene in 1 iterations, 0.007519 seconds.
  Beginning simulation of top-level scenario...
  Ran simulation in 10.52 seconds.
Beginning scenario construction...
pygame 2.6.1 (SDL 2.28.4, Python 3.10.12)
Hello from the pygame community. https://www.pygame.org/contribute.html
  Loading cached version of road network...
  Loaded cached network in 0.14 seconds.
  Pruning scenario...
  Pruned scenario in 2.146e-05 seconds.
Scenario constructed in 1.42 seconds.
  Connecting to CARLA on port 2000
  Map loaded in simulator.
  Generated scene in 1 iterations, 0.007315 seconds.
  Beginning simulation of top-level scenario...
  Ran simulation in 11.59 seconds.
Beginning scenario construction...
pygame 2.6.1 (SDL 2.28.4, Python 3.10.12)
Hello from the pygame community. https://www.pygame.org/contribute.html
  Loading cached version of road network...
  Loaded cached network in 0.14 seconds.
  Pruning scenario...
  Pruned scenario in 2.241e-05 seconds.
Scenario constructed in 1.42 seconds.
  Connecting to CARLA on port 2000
  Map loaded in simulator.
  Generated scene in 1 iterations, 0.00756 seconds.
  Beginning simulation of top-level scenario...
  Ran simulation in 10.6 seconds.
Beginning scenario construction...
pygame 2.6.1 (SDL 2.28.4, Python 3.10.12)
Hello from the pygame community. https://www.pygame.org/contribute.html
  Loading cached version of road network...
  Loaded cached network in 0.14 seconds.
  Pruning scenario...
  Pruned scenario in 2.241e-05 seconds.
Scenario constructed in 1.41 seconds.
  Connecting to CARLA on port 2000
  Map loaded in simulator.
  Generated scene in 1 iterations, 0.007495 seconds.
  Beginning simulation of top-level scenario...
  Ran simulation in 9.976 seconds.
Beginning scenario construction...
pygame 2.6.1 (SDL 2.28.4, Python 3.10.12)
Hello from the pygame community. https://www.pygame.org/contribute.html
  Loading cached version of road network...
  Loaded cached network in 0.13 seconds.
  Pruning scenario...
  Pruned scenario in 2.17e-05 seconds.
Scenario constructed in 1.40 seconds.
  Connecting to CARLA on port 2000
  Map loaded in simulator.
  Generated scene in 1 iterations, 0.007551 seconds.
  Beginning simulation of top-level scenario...
  Ran simulation in 9.834 seconds.
Beginning scenario construction...
pygame 2.6.1 (SDL 2.28.4, Python 3.10.12)
Hello from the pygame community. https://www.pygame.org/contribute.html
  Loading cached version of road network...
  Loaded cached network in 0.14 seconds.
  Pruning scenario...
  Pruned scenario in 2.217e-05 seconds.
Scenario constructed in 1.42 seconds.
  Connecting to CARLA on port 2000
  Map loaded in simulator.
  Generated scene in 1 iterations, 0.007352 seconds.
  Beginning simulation of top-level scenario...
  Ran simulation in 9.748 seconds.
Beginning scenario construction...
pygame 2.6.1 (SDL 2.28.4, Python 3.10.12)
Hello from the pygame community. https://www.pygame.org/contribute.html
  Loading cached version of road network...
  Loaded cached network in 0.14 seconds.
  Pruning scenario...
  Pruned scenario in 2.241e-05 seconds.
Scenario constructed in 1.43 seconds.
  Connecting to CARLA on port 2000
  Map loaded in simulator.
  Generated scene in 1 iterations, 0.007251 seconds.
  Beginning simulation of top-level scenario...
  Ran simulation in 12.12 seconds.
Beginning scenario construction...
pygame 2.6.1 (SDL 2.28.4, Python 3.10.12)
Hello from the pygame community. https://www.pygame.org/contribute.html
  Loading cached version of road network...
  Loaded cached network in 0.14 seconds.
  Pruning scenario...
  Pruned scenario in 2.337e-05 seconds.
Scenario constructed in 1.44 seconds.
  Connecting to CARLA on port 2000
  Map loaded in simulator.
  Generated scene in 1 iterations, 0.007522 seconds.
  Beginning simulation of top-level scenario...
  Ran simulation in 10.92 seconds.
Beginning scenario construction...
pygame 2.6.1 (SDL 2.28.4, Python 3.10.12)
Hello from the pygame community. https://www.pygame.org/contribute.html
  Loading cached version of road network...
  Loaded cached network in 0.14 seconds.
  Pruning scenario...
  Pruned scenario in 2.217e-05 seconds.
Scenario constructed in 1.43 seconds.
  Connecting to CARLA on port 2000
  Map loaded in simulator.
  Generated scene in 1 iterations, 0.007415 seconds.
  Beginning simulation of top-level scenario...
  Ran simulation in 10.28 seconds.
Beginning scenario construction...
pygame 2.6.1 (SDL 2.28.4, Python 3.10.12)
Hello from the pygame community. https://www.pygame.org/contribute.html
  Loading cached version of road network...
  Loaded cached network in 0.13 seconds.
  Pruning scenario...
  Pruned scenario in 2.265e-05 seconds.
Scenario constructed in 1.43 seconds.
  Connecting to CARLA on port 2000
  Map loaded in simulator.
  Generated scene in 1 iterations, 0.00741 seconds.
  Beginning simulation of top-level scenario...
  Ran simulation in 9.948 seconds.
Beginning scenario construction...
pygame 2.6.1 (SDL 2.28.4, Python 3.10.12)
Hello from the pygame community. https://www.pygame.org/contribute.html
  Loading cached version of road network...
  Loaded cached network in 0.14 seconds.
  Pruning scenario...
  Pruned scenario in 2.098e-05 seconds.
Scenario constructed in 1.41 seconds.
  Connecting to CARLA on port 2000
  Map loaded in simulator.
  Generated scene in 1 iterations, 0.007803 seconds.
  Beginning simulation of top-level scenario...
  Ran simulation in 9.375 seconds.
Beginning scenario construction...
pygame 2.6.1 (SDL 2.28.4, Python 3.10.12)
Hello from the pygame community. https://www.pygame.org/contribute.html
  Loading cached version of road network...
  Loaded cached network in 0.14 seconds.
  Pruning scenario...
  Pruned scenario in 2.337e-05 seconds.
Scenario constructed in 1.45 seconds.
  Connecting to CARLA on port 2000
  Map loaded in simulator.
  Generated scene in 1 iterations, 0.006815 seconds.
  Beginning simulation of top-level scenario...
  Ran simulation in 11.62 seconds.
Beginning scenario construction...
pygame 2.6.1 (SDL 2.28.4, Python 3.10.12)
Hello from the pygame community. https://www.pygame.org/contribute.html
  Loading cached version of road network...
  Loaded cached network in 0.14 seconds.
  Pruning scenario...
  Pruned scenario in 2.527e-05 seconds.
Scenario constructed in 1.43 seconds.
  Connecting to CARLA on port 2000
  Map loaded in simulator.
  Generated scene in 1 iterations, 0.007491 seconds.
  Beginning simulation of top-level scenario...
  Ran simulation in 12.07 seconds.
Beginning scenario construction...
pygame 2.6.1 (SDL 2.28.4, Python 3.10.12)
Hello from the pygame community. https://www.pygame.org/contribute.html
  Loading cached version of road network...
  Loaded cached network in 0.14 seconds.
  Pruning scenario...
  Pruned scenario in 2.646e-05 seconds.
Scenario constructed in 1.44 seconds.
  Connecting to CARLA on port 2000
  Map loaded in simulator.
  Generated scene in 1 iterations, 0.007564 seconds.
  Beginning simulation of top-level scenario...
  Ran simulation in 12.05 seconds.
Beginning scenario construction...
pygame 2.6.1 (SDL 2.28.4, Python 3.10.12)
Hello from the pygame community. https://www.pygame.org/contribute.html
  Loading cached version of road network...
  Loaded cached network in 0.14 seconds.
  Pruning scenario...
  Pruned scenario in 2.074e-05 seconds.
Scenario constructed in 1.45 seconds.
  Connecting to CARLA on port 2000
  Map loaded in simulator.
  Generated scene in 1 iterations, 0.007646 seconds.
  Beginning simulation of top-level scenario...
  Ran simulation in 9.783 seconds.
Beginning scenario construction...
pygame 2.6.1 (SDL 2.28.4, Python 3.10.12)
Hello from the pygame community. https://www.pygame.org/contribute.html
  Loading cached version of road network...
  Loaded cached network in 0.14 seconds.
  Pruning scenario...
  Pruned scenario in 2.05e-05 seconds.
Scenario constructed in 1.46 seconds.
  Connecting to CARLA on port 2000
  Map loaded in simulator.
  Generated scene in 1 iterations, 0.00744 seconds.
  Beginning simulation of top-level scenario...
  Ran simulation in 12.02 seconds.
Beginning scenario construction...
pygame 2.6.1 (SDL 2.28.4, Python 3.10.12)
Hello from the pygame community. https://www.pygame.org/contribute.html
  Loading cached version of road network...
  Loaded cached network in 0.14 seconds.
  Pruning scenario...
  Pruned scenario in 2.337e-05 seconds.
Scenario constructed in 1.44 seconds.
  Connecting to CARLA on port 2000
  Map loaded in simulator.
  Generated scene in 1 iterations, 0.007554 seconds.
  Beginning simulation of top-level scenario...
  Ran simulation in 11.55 seconds.
Beginning scenario construction...
pygame 2.6.1 (SDL 2.28.4, Python 3.10.12)
Hello from the pygame community. https://www.pygame.org/contribute.html
  Loading cached version of road network...
  Loaded cached network in 0.14 seconds.
  Pruning scenario...
  Pruned scenario in 3.195e-05 seconds.
Scenario constructed in 1.45 seconds.
  Connecting to CARLA on port 2000
  Map loaded in simulator.
  Generated scene in 1 iterations, 0.007382 seconds.
  Beginning simulation of top-level scenario...
  Ran simulation in 12.53 seconds.
Beginning scenario construction...
pygame 2.6.1 (SDL 2.28.4, Python 3.10.12)
Hello from the pygame community. https://www.pygame.org/contribute.html
  Loading cached version of road network...
  Loaded cached network in 0.14 seconds.
  Pruning scenario...
  Pruned scenario in 2.408e-05 seconds.
Scenario constructed in 1.41 seconds.
  Connecting to CARLA on port 2000
  Map loaded in simulator.
  Generated scene in 1 iterations, 0.007484 seconds.
  Beginning simulation of top-level scenario...
  Ran simulation in 11.28 seconds.
Beginning scenario construction...
pygame 2.6.1 (SDL 2.28.4, Python 3.10.12)
Hello from the pygame community. https://www.pygame.org/contribute.html
  Loading cached version of road network...
  Loaded cached network in 0.14 seconds.
  Pruning scenario...
  Pruned scenario in 2.36e-05 seconds.
Scenario constructed in 1.44 seconds.
  Connecting to CARLA on port 2000
  Map loaded in simulator.
  Generated scene in 1 iterations, 0.007329 seconds.
  Beginning simulation of top-level scenario...
  Ran simulation in 10.6 seconds.
Beginning scenario construction...
pygame 2.6.1 (SDL 2.28.4, Python 3.10.12)
Hello from the pygame community. https://www.pygame.org/contribute.html
  Loading cached version of road network...
  Loaded cached network in 0.14 seconds.
  Pruning scenario...
  Pruned scenario in 2.193e-05 seconds.
Scenario constructed in 1.41 seconds.
  Connecting to CARLA on port 2000
  Map loaded in simulator.
  Generated scene in 1 iterations, 0.007228 seconds.
  Beginning simulation of top-level scenario...
  Ran simulation in 11.44 seconds.
Beginning scenario construction...
pygame 2.6.1 (SDL 2.28.4, Python 3.10.12)
Hello from the pygame community. https://www.pygame.org/contribute.html
  Loading cached version of road network...
  Loaded cached network in 0.14 seconds.
  Pruning scenario...
  Pruned scenario in 2.241e-05 seconds.
Scenario constructed in 1.42 seconds.
  Connecting to CARLA on port 2000
  Map loaded in simulator.
  Generated scene in 1 iterations, 0.007617 seconds.
  Beginning simulation of top-level scenario...
  Ran simulation in 10.45 seconds.
Beginning scenario construction...
pygame 2.6.1 (SDL 2.28.4, Python 3.10.12)
Hello from the pygame community. https://www.pygame.org/contribute.html
  Loading cached version of road network...
  Loaded cached network in 0.14 seconds.
  Pruning scenario...
  Pruned scenario in 2.146e-05 seconds.
Scenario constructed in 1.39 seconds.
  Connecting to CARLA on port 2000
  Map loaded in simulator.
  Generated scene in 1 iterations, 0.007687 seconds.
  Beginning simulation of top-level scenario...
  Ran simulation in 9.396 seconds.
Beginning scenario construction...
pygame 2.6.1 (SDL 2.28.4, Python 3.10.12)
Hello from the pygame community. https://www.pygame.org/contribute.html
  Loading cached version of road network...
  Loaded cached network in 0.14 seconds.
  Pruning scenario...
  Pruned scenario in 2.313e-05 seconds.
Scenario constructed in 1.42 seconds.
  Connecting to CARLA on port 2000
  Map loaded in simulator.
  Generated scene in 1 iterations, 0.007344 seconds.
  Beginning simulation of top-level scenario...
  Ran simulation in 12.25 seconds.
Beginning scenario construction...
pygame 2.6.1 (SDL 2.28.4, Python 3.10.12)
Hello from the pygame community. https://www.pygame.org/contribute.html
  Loading cached version of road network...
  Loaded cached network in 0.14 seconds.
  Pruning scenario...
  Pruned scenario in 1.955e-05 seconds.
Scenario constructed in 1.42 seconds.
  Connecting to CARLA on port 2000
  Map loaded in simulator.
  Generated scene in 1 iterations, 0.007732 seconds.
  Beginning simulation of top-level scenario...
  Ran simulation in 10.46 seconds.
Beginning scenario construction...
pygame 2.6.1 (SDL 2.28.4, Python 3.10.12)
Hello from the pygame community. https://www.pygame.org/contribute.html
  Loading cached version of road network...
  Loaded cached network in 0.14 seconds.
  Pruning scenario...
  Pruned scenario in 2.122e-05 seconds.
Scenario constructed in 1.42 seconds.
  Connecting to CARLA on port 2000
  Map loaded in simulator.
  Generated scene in 1 iterations, 0.007868 seconds.
  Beginning simulation of top-level scenario...
  Ran simulation in 11.61 seconds.
Beginning scenario construction...
pygame 2.6.1 (SDL 2.28.4, Python 3.10.12)
Hello from the pygame community. https://www.pygame.org/contribute.html
  Loading cached version of road network...
  Loaded cached network in 0.14 seconds.
  Pruning scenario...
  Pruned scenario in 2.074e-05 seconds.
Scenario constructed in 1.41 seconds.
  Connecting to CARLA on port 2000
  Map loaded in simulator.
  Generated scene in 1 iterations, 0.007344 seconds.
  Beginning simulation of top-level scenario...
  Ran simulation in 12.03 seconds.
Beginning scenario construction...
pygame 2.6.1 (SDL 2.28.4, Python 3.10.12)
Hello from the pygame community. https://www.pygame.org/contribute.html
  Loading cached version of road network...
  Loaded cached network in 0.14 seconds.
  Pruning scenario...
  Pruned scenario in 2.074e-05 seconds.
Scenario constructed in 1.42 seconds.
  Connecting to CARLA on port 2000
  Map loaded in simulator.
  Generated scene in 1 iterations, 0.00744 seconds.
  Beginning simulation of top-level scenario...
  Ran simulation in 9.78 seconds.
Beginning scenario construction...
pygame 2.6.1 (SDL 2.28.4, Python 3.10.12)
Hello from the pygame community. https://www.pygame.org/contribute.html
  Loading cached version of road network...
  Loaded cached network in 0.14 seconds.
  Pruning scenario...
  Pruned scenario in 2.193e-05 seconds.
Scenario constructed in 1.40 seconds.
  Connecting to CARLA on port 2000
  Map loaded in simulator.
  Generated scene in 1 iterations, 0.007492 seconds.
  Beginning simulation of top-level scenario...
  Ran simulation in 9.604 seconds.
Beginning scenario construction...
pygame 2.6.1 (SDL 2.28.4, Python 3.10.12)
Hello from the pygame community. https://www.pygame.org/contribute.html
  Loading cached version of road network...
  Loaded cached network in 0.14 seconds.
  Pruning scenario...
  Pruned scenario in 2.646e-05 seconds.
Scenario constructed in 1.42 seconds.
  Connecting to CARLA on port 2000
  Map loaded in simulator.
  Generated scene in 1 iterations, 0.00762 seconds.
  Beginning simulation of top-level scenario...
  Ran simulation in 10.74 seconds.
Beginning scenario construction...
pygame 2.6.1 (SDL 2.28.4, Python 3.10.12)
Hello from the pygame community. https://www.pygame.org/contribute.html
  Loading cached version of road network...
  Loaded cached network in 0.14 seconds.
  Pruning scenario...
  Pruned scenario in 2.098e-05 seconds.
Scenario constructed in 1.40 seconds.
  Connecting to CARLA on port 2000
  Map loaded in simulator.
  Generated scene in 1 iterations, 0.007367 seconds.
  Beginning simulation of top-level scenario...
  Ran simulation in 9.241 seconds.
Beginning scenario construction...
pygame 2.6.1 (SDL 2.28.4, Python 3.10.12)
Hello from the pygame community. https://www.pygame.org/contribute.html
  Loading cached version of road network...
  Loaded cached network in 0.14 seconds.
  Pruning scenario...
  Pruned scenario in 2.05e-05 seconds.
Scenario constructed in 1.42 seconds.
  Connecting to CARLA on port 2000
  Map loaded in simulator.
  Generated scene in 1 iterations, 0.007493 seconds.
  Beginning simulation of top-level scenario...
  Ran simulation in 10.93 seconds.
Beginning scenario construction...
pygame 2.6.1 (SDL 2.28.4, Python 3.10.12)
Hello from the pygame community. https://www.pygame.org/contribute.html
  Loading cached version of road network...
  Loaded cached network in 0.14 seconds.
  Pruning scenario...
  Pruned scenario in 2.05e-05 seconds.
Scenario constructed in 1.40 seconds.
  Connecting to CARLA on port 2000
  Map loaded in simulator.
  Generated scene in 1 iterations, 0.007478 seconds.
  Beginning simulation of top-level scenario...
  Ran simulation in 11.33 seconds.
Beginning scenario construction...
pygame 2.6.1 (SDL 2.28.4, Python 3.10.12)
Hello from the pygame community. https://www.pygame.org/contribute.html
  Loading cached version of road network...
  Loaded cached network in 0.14 seconds.
  Pruning scenario...
  Pruned scenario in 1.955e-05 seconds.
Scenario constructed in 1.40 seconds.
  Connecting to CARLA on port 2000
  Map loaded in simulator.
  Generated scene in 1 iterations, 0.007332 seconds.
  Beginning simulation of top-level scenario...
  Ran simulation in 9.581 seconds.
Beginning scenario construction...
pygame 2.6.1 (SDL 2.28.4, Python 3.10.12)
Hello from the pygame community. https://www.pygame.org/contribute.html
  Loading cached version of road network...
  Loaded cached network in 0.14 seconds.
  Pruning scenario...
  Pruned scenario in 1.907e-05 seconds.
Scenario constructed in 1.42 seconds.
  Connecting to CARLA on port 2000
  Map loaded in simulator.
  Generated scene in 1 iterations, 0.007301 seconds.
  Beginning simulation of top-level scenario...
  Ran simulation in 12.18 seconds.
Beginning scenario construction...
pygame 2.6.1 (SDL 2.28.4, Python 3.10.12)
Hello from the pygame community. https://www.pygame.org/contribute.html
  Loading cached version of road network...
  Loaded cached network in 0.13 seconds.
  Pruning scenario...
  Pruned scenario in 1.86e-05 seconds.
Scenario constructed in 1.56 seconds.
  Connecting to CARLA on port 2000
  Map loaded in simulator.
  Generated scene in 1 iterations, 0.007345 seconds.
  Beginning simulation of top-level scenario...
  Ran simulation in 11.07 seconds.
Beginning scenario construction...
pygame 2.6.1 (SDL 2.28.4, Python 3.10.12)
Hello from the pygame community. https://www.pygame.org/contribute.html
  Loading cached version of road network...
  Loaded cached network in 0.14 seconds.
  Pruning scenario...
  Pruned scenario in 1.931e-05 seconds.
Scenario constructed in 1.39 seconds.
  Connecting to CARLA on port 2000
  Map loaded in simulator.
  Generated scene in 1 iterations, 0.007384 seconds.
  Beginning simulation of top-level scenario...
  Ran simulation in 10.42 seconds.
Beginning scenario construction...
pygame 2.6.1 (SDL 2.28.4, Python 3.10.12)
Hello from the pygame community. https://www.pygame.org/contribute.html
  Loading cached version of road network...
  Loaded cached network in 0.14 seconds.
  Pruning scenario...
  Pruned scenario in 2.098e-05 seconds.
Scenario constructed in 1.40 seconds.
  Connecting to CARLA on port 2000
  Map loaded in simulator.
  Generated scene in 1 iterations, 0.0076 seconds.
  Beginning simulation of top-level scenario...
  Ran simulation in 9.786 seconds.
Beginning scenario construction...
pygame 2.6.1 (SDL 2.28.4, Python 3.10.12)
Hello from the pygame community. https://www.pygame.org/contribute.html
  Loading cached version of road network...
  Loaded cached network in 0.14 seconds.
  Pruning scenario...
  Pruned scenario in 2.05e-05 seconds.
Scenario constructed in 1.41 seconds.
  Connecting to CARLA on port 2000
  Map loaded in simulator.
  Generated scene in 1 iterations, 0.007429 seconds.
  Beginning simulation of top-level scenario...
  Ran simulation in 9.728 seconds.
Beginning scenario construction...
pygame 2.6.1 (SDL 2.28.4, Python 3.10.12)
Hello from the pygame community. https://www.pygame.org/contribute.html
  Loading cached version of road network...
  Loaded cached network in 0.14 seconds.
  Pruning scenario...
  Pruned scenario in 2.027e-05 seconds.
Scenario constructed in 1.42 seconds.
  Connecting to CARLA on port 2000
  Map loaded in simulator.
  Generated scene in 1 iterations, 0.006477 seconds.
  Beginning simulation of top-level scenario...
  Ran simulation in 11.43 seconds.
Beginning scenario construction...
pygame 2.6.1 (SDL 2.28.4, Python 3.10.12)
Hello from the pygame community. https://www.pygame.org/contribute.html
  Loading cached version of road network...
  Loaded cached network in 0.14 seconds.
  Pruning scenario...
  Pruned scenario in 1.979e-05 seconds.
Scenario constructed in 1.41 seconds.
  Connecting to CARLA on port 2000
  Map loaded in simulator.
  Generated scene in 1 iterations, 0.00772 seconds.
  Beginning simulation of top-level scenario...
  Ran simulation in 12 seconds.
Beginning scenario construction...
pygame 2.6.1 (SDL 2.28.4, Python 3.10.12)
Hello from the pygame community. https://www.pygame.org/contribute.html
  Loading cached version of road network...
  Loaded cached network in 0.14 seconds.
  Pruning scenario...
  Pruned scenario in 2.146e-05 seconds.
Scenario constructed in 1.43 seconds.
  Connecting to CARLA on port 2000
  Map loaded in simulator.
  Generated scene in 1 iterations, 0.007579 seconds.
  Beginning simulation of top-level scenario...
  Ran simulation in 10.41 seconds.
Beginning scenario construction...
pygame 2.6.1 (SDL 2.28.4, Python 3.10.12)
Hello from the pygame community. https://www.pygame.org/contribute.html
  Loading cached version of road network...
  Loaded cached network in 0.14 seconds.
  Pruning scenario...
  Pruned scenario in 2.074e-05 seconds.
Scenario constructed in 1.42 seconds.
  Connecting to CARLA on port 2000
  Map loaded in simulator.
  Generated scene in 1 iterations, 0.007557 seconds.
  Beginning simulation of top-level scenario...
  Ran simulation in 11.4 seconds.
Beginning scenario construction...
pygame 2.6.1 (SDL 2.28.4, Python 3.10.12)
Hello from the pygame community. https://www.pygame.org/contribute.html
  Loading cached version of road network...
  Loaded cached network in 0.14 seconds.
  Pruning scenario...
  Pruned scenario in 1.884e-05 seconds.
Scenario constructed in 1.43 seconds.
  Connecting to CARLA on port 2000
  Map loaded in simulator.
  Generated scene in 1 iterations, 0.006704 seconds.
  Beginning simulation of top-level scenario...
  Ran simulation in 13.41 seconds.
Beginning scenario construction...
pygame 2.6.1 (SDL 2.28.4, Python 3.10.12)
Hello from the pygame community. https://www.pygame.org/contribute.html
  Loading cached version of road network...
  Loaded cached network in 0.14 seconds.
  Pruning scenario...
  Pruned scenario in 1.931e-05 seconds.
Scenario constructed in 1.44 seconds.
  Connecting to CARLA on port 2000
  Map loaded in simulator.
  Generated scene in 1 iterations, 0.007408 seconds.
  Beginning simulation of top-level scenario...
  Ran simulation in 10.1 seconds.
Beginning scenario construction...
pygame 2.6.1 (SDL 2.28.4, Python 3.10.12)
Hello from the pygame community. https://www.pygame.org/contribute.html
  Loading cached version of road network...
  Loaded cached network in 0.14 seconds.
  Pruning scenario...
  Pruned scenario in 2.265e-05 seconds.
Scenario constructed in 1.43 seconds.
  Connecting to CARLA on port 2000
  Map loaded in simulator.
  Generated scene in 1 iterations, 0.00761 seconds.
  Beginning simulation of top-level scenario...
  Ran simulation in 10.33 seconds.
Beginning scenario construction...
pygame 2.6.1 (SDL 2.28.4, Python 3.10.12)
Hello from the pygame community. https://www.pygame.org/contribute.html
  Loading cached version of road network...
  Loaded cached network in 0.14 seconds.
  Pruning scenario...
  Pruned scenario in 2.241e-05 seconds.
Scenario constructed in 1.42 seconds.
  Connecting to CARLA on port 2000
  Map loaded in simulator.
  Generated scene in 1 iterations, 0.007225 seconds.
  Beginning simulation of top-level scenario...
  Ran simulation in 12.52 seconds.
Beginning scenario construction...
pygame 2.6.1 (SDL 2.28.4, Python 3.10.12)
Hello from the pygame community. https://www.pygame.org/contribute.html
  Loading cached version of road network...
  Loaded cached network in 0.14 seconds.
  Pruning scenario...
  Pruned scenario in 2.098e-05 seconds.
Scenario constructed in 1.42 seconds.
  Connecting to CARLA on port 2000
  Map loaded in simulator.
  Generated scene in 1 iterations, 0.007413 seconds.
  Beginning simulation of top-level scenario...
  Ran simulation in 11.69 seconds.
Beginning scenario construction...
pygame 2.6.1 (SDL 2.28.4, Python 3.10.12)
Hello from the pygame community. https://www.pygame.org/contribute.html
  Loading cached version of road network...
  Loaded cached network in 0.14 seconds.
  Pruning scenario...
  Pruned scenario in 2.027e-05 seconds.
Scenario constructed in 1.40 seconds.
  Connecting to CARLA on port 2000
  Map loaded in simulator.
  Generated scene in 1 iterations, 0.007293 seconds.
  Beginning simulation of top-level scenario...
  Ran simulation in 12.06 seconds.
Beginning scenario construction...
pygame 2.6.1 (SDL 2.28.4, Python 3.10.12)
Hello from the pygame community. https://www.pygame.org/contribute.html
  Loading cached version of road network...
  Loaded cached network in 0.14 seconds.
  Pruning scenario...
  Pruned scenario in 2.003e-05 seconds.
Scenario constructed in 1.42 seconds.
  Connecting to CARLA on port 2000
  Map loaded in simulator.
  Generated scene in 1 iterations, 0.0074 seconds.
  Beginning simulation of top-level scenario...
  Ran simulation in 12.19 seconds.
Beginning scenario construction...
pygame 2.6.1 (SDL 2.28.4, Python 3.10.12)
Hello from the pygame community. https://www.pygame.org/contribute.html
  Loading cached version of road network...
  Loaded cached network in 0.14 seconds.
  Pruning scenario...
  Pruned scenario in 2.05e-05 seconds.
Scenario constructed in 1.40 seconds.
  Connecting to CARLA on port 2000
  Map loaded in simulator.
  Generated scene in 1 iterations, 0.007399 seconds.
  Beginning simulation of top-level scenario...
  Ran simulation in 9.526 seconds.
Beginning scenario construction...
pygame 2.6.1 (SDL 2.28.4, Python 3.10.12)
Hello from the pygame community. https://www.pygame.org/contribute.html
  Loading cached version of road network...
  Loaded cached network in 0.14 seconds.
  Pruning scenario...
  Pruned scenario in 2.646e-05 seconds.
Scenario constructed in 1.41 seconds.
  Connecting to CARLA on port 2000
  Map loaded in simulator.
  Generated scene in 1 iterations, 0.007713 seconds.
  Beginning simulation of top-level scenario...
  Ran simulation in 11.8 seconds.
Beginning scenario construction...
pygame 2.6.1 (SDL 2.28.4, Python 3.10.12)
Hello from the pygame community. https://www.pygame.org/contribute.html
  Loading cached version of road network...
  Loaded cached network in 0.14 seconds.
  Pruning scenario...
  Pruned scenario in 2.122e-05 seconds.
Scenario constructed in 1.42 seconds.
  Connecting to CARLA on port 2000
  Map loaded in simulator.
  Generated scene in 1 iterations, 0.007596 seconds.
  Beginning simulation of top-level scenario...
  Ran simulation in 17.59 seconds.
Beginning scenario construction...
pygame 2.6.1 (SDL 2.28.4, Python 3.10.12)
Hello from the pygame community. https://www.pygame.org/contribute.html
  Loading cached version of road network...
  Loaded cached network in 0.13 seconds.
  Pruning scenario...
  Pruned scenario in 2.432e-05 seconds.
Scenario constructed in 1.41 seconds.
  Connecting to CARLA on port 2000
  Map loaded in simulator.
  Generated scene in 1 iterations, 0.007622 seconds.
  Beginning simulation of top-level scenario...
  Ran simulation in 25.05 seconds.
Beginning scenario construction...
pygame 2.6.1 (SDL 2.28.4, Python 3.10.12)
Hello from the pygame community. https://www.pygame.org/contribute.html
  Loading cached version of road network...
  Loaded cached network in 0.14 seconds.
  Pruning scenario...
  Pruned scenario in 2.36e-05 seconds.
Scenario constructed in 1.41 seconds.
  Connecting to CARLA on port 2000
  Map loaded in simulator.
  Generated scene in 1 iterations, 0.007586 seconds.
  Beginning simulation of top-level scenario...
  Ran simulation in 24.01 seconds.
Beginning scenario construction...
pygame 2.6.1 (SDL 2.28.4, Python 3.10.12)
Hello from the pygame community. https://www.pygame.org/contribute.html
  Loading cached version of road network...
  Loaded cached network in 0.14 seconds.
  Pruning scenario...
  Pruned scenario in 2.027e-05 seconds.
Scenario constructed in 1.40 seconds.
  Connecting to CARLA on port 2000
  Map loaded in simulator.
  Generated scene in 1 iterations, 0.008111 seconds.
  Beginning simulation of top-level scenario...
  Ran simulation in 25.99 seconds.
Beginning scenario construction...
pygame 2.6.1 (SDL 2.28.4, Python 3.10.12)
Hello from the pygame community. https://www.pygame.org/contribute.html
  Loading cached version of road network...
  Loaded cached network in 0.13 seconds.
  Pruning scenario...
  Pruned scenario in 2.193e-05 seconds.
Scenario constructed in 1.40 seconds.
  Connecting to CARLA on port 2000
  Map loaded in simulator.
  Generated scene in 1 iterations, 0.007789 seconds.
  Beginning simulation of top-level scenario...
  Ran simulation in 26.1 seconds.
Beginning scenario construction...
pygame 2.6.1 (SDL 2.28.4, Python 3.10.12)
Hello from the pygame community. https://www.pygame.org/contribute.html
  Loading cached version of road network...
  Loaded cached network in 0.14 seconds.
  Pruning scenario...
  Pruned scenario in 2.289e-05 seconds.
Scenario constructed in 1.41 seconds.
  Connecting to CARLA on port 2000
  Map loaded in simulator.
  Generated scene in 1 iterations, 0.007682 seconds.
  Beginning simulation of top-level scenario...
  Ran simulation in 24.58 seconds.
Beginning scenario construction...
pygame 2.6.1 (SDL 2.28.4, Python 3.10.12)
Hello from the pygame community. https://www.pygame.org/contribute.html
  Loading cached version of road network...
  Loaded cached network in 0.13 seconds.
  Pruning scenario...
  Pruned scenario in 2.098e-05 seconds.
Scenario constructed in 1.39 seconds.
  Connecting to CARLA on port 2000
  Map loaded in simulator.
  Generated scene in 1 iterations, 0.007649 seconds.
  Beginning simulation of top-level scenario...
  Ran simulation in 27.15 seconds.
Beginning scenario construction...
pygame 2.6.1 (SDL 2.28.4, Python 3.10.12)
Hello from the pygame community. https://www.pygame.org/contribute.html
  Loading cached version of road network...
  Loaded cached network in 0.14 seconds.
  Pruning scenario...
  Pruned scenario in 2.074e-05 seconds.
Scenario constructed in 1.41 seconds.
  Connecting to CARLA on port 2000
  Map loaded in simulator.
  Generated scene in 1 iterations, 0.007607 seconds.
  Beginning simulation of top-level scenario...
  Ran simulation in 25.74 seconds.
Beginning scenario construction...
pygame 2.6.1 (SDL 2.28.4, Python 3.10.12)
Hello from the pygame community. https://www.pygame.org/contribute.html
  Loading cached version of road network...
  Loaded cached network in 0.14 seconds.
  Pruning scenario...
  Pruned scenario in 2.193e-05 seconds.
Scenario constructed in 1.40 seconds.
  Connecting to CARLA on port 2000
  Map loaded in simulator.
  Generated scene in 1 iterations, 0.007603 seconds.
  Beginning simulation of top-level scenario...
  Ran simulation in 26.64 seconds.
Beginning scenario construction...
pygame 2.6.1 (SDL 2.28.4, Python 3.10.12)
Hello from the pygame community. https://www.pygame.org/contribute.html
  Loading cached version of road network...
  Loaded cached network in 0.14 seconds.
  Pruning scenario...
  Pruned scenario in 2.146e-05 seconds.
Scenario constructed in 1.42 seconds.
  Connecting to CARLA on port 2000
  Map loaded in simulator.
  Generated scene in 1 iterations, 0.00789 seconds.
  Beginning simulation of top-level scenario...
  Ran simulation in 29.09 seconds.
Beginning scenario construction...
pygame 2.6.1 (SDL 2.28.4, Python 3.10.12)
Hello from the pygame community. https://www.pygame.org/contribute.html
  Loading cached version of road network...
  Loaded cached network in 0.14 seconds.
  Pruning scenario...
  Pruned scenario in 2.241e-05 seconds.
Scenario constructed in 1.39 seconds.
  Connecting to CARLA on port 2000
  Map loaded in simulator.
  Generated scene in 1 iterations, 0.007718 seconds.
  Beginning simulation of top-level scenario...
  Ran simulation in 28.12 seconds.
Beginning scenario construction...
pygame 2.6.1 (SDL 2.28.4, Python 3.10.12)
Hello from the pygame community. https://www.pygame.org/contribute.html
  Loading cached version of road network...
  Loaded cached network in 0.14 seconds.
  Pruning scenario...
  Pruned scenario in 2.217e-05 seconds.
Scenario constructed in 1.41 seconds.
  Connecting to CARLA on port 2000
  Map loaded in simulator.
  Generated scene in 1 iterations, 0.007572 seconds.
  Beginning simulation of top-level scenario...
  Ran simulation in 26.23 seconds.
Beginning scenario construction...
pygame 2.6.1 (SDL 2.28.4, Python 3.10.12)
Hello from the pygame community. https://www.pygame.org/contribute.html
  Loading cached version of road network...
  Loaded cached network in 0.14 seconds.
  Pruning scenario...
  Pruned scenario in 2.408e-05 seconds.
Scenario constructed in 1.39 seconds.
  Connecting to CARLA on port 2000
  Map loaded in simulator.
  Generated scene in 1 iterations, 0.007506 seconds.
  Beginning simulation of top-level scenario...
  Ran simulation in 27.23 seconds.
Beginning scenario construction...
pygame 2.6.1 (SDL 2.28.4, Python 3.10.12)
Hello from the pygame community. https://www.pygame.org/contribute.html
  Loading cached version of road network...
  Loaded cached network in 0.13 seconds.
  Pruning scenario...
  Pruned scenario in 2.408e-05 seconds.
Scenario constructed in 1.41 seconds.
  Connecting to CARLA on port 2000
  Map loaded in simulator.
  Generated scene in 1 iterations, 0.00679 seconds.
  Beginning simulation of top-level scenario...
  Ran simulation in 26.14 seconds.
Beginning scenario construction...
pygame 2.6.1 (SDL 2.28.4, Python 3.10.12)
Hello from the pygame community. https://www.pygame.org/contribute.html
  Loading cached version of road network...
  Loaded cached network in 0.14 seconds.
  Pruning scenario...
  Pruned scenario in 2.241e-05 seconds.
Scenario constructed in 1.40 seconds.
  Connecting to CARLA on port 2000
  Map loaded in simulator.
  Generated scene in 1 iterations, 0.006749 seconds.
  Beginning simulation of top-level scenario...
  Ran simulation in 27.98 seconds.
Beginning scenario construction...
pygame 2.6.1 (SDL 2.28.4, Python 3.10.12)
Hello from the pygame community. https://www.pygame.org/contribute.html
  Loading cached version of road network...
  Loaded cached network in 0.14 seconds.
  Pruning scenario...
  Pruned scenario in 2.432e-05 seconds.
Scenario constructed in 1.40 seconds.
  Connecting to CARLA on port 2000
  Map loaded in simulator.
  Generated scene in 1 iterations, 0.007884 seconds.
  Beginning simulation of top-level scenario...
  Ran simulation in 26.67 seconds.
Beginning scenario construction...
pygame 2.6.1 (SDL 2.28.4, Python 3.10.12)
Hello from the pygame community. https://www.pygame.org/contribute.html
  Loading cached version of road network...
  Loaded cached network in 0.14 seconds.
  Pruning scenario...
  Pruned scenario in 2.265e-05 seconds.
Scenario constructed in 1.39 seconds.
  Connecting to CARLA on port 2000
  Map loaded in simulator.
  Generated scene in 1 iterations, 0.007475 seconds.
  Beginning simulation of top-level scenario...
  Ran simulation in 27.65 seconds.
Beginning scenario construction...
pygame 2.6.1 (SDL 2.28.4, Python 3.10.12)
Hello from the pygame community. https://www.pygame.org/contribute.html
  Loading cached version of road network...
  Loaded cached network in 0.14 seconds.
  Pruning scenario...
  Pruned scenario in 1.955e-05 seconds.
Scenario constructed in 1.40 seconds.
  Connecting to CARLA on port 2000
  Map loaded in simulator.
  Generated scene in 1 iterations, 0.007572 seconds.
  Beginning simulation of top-level scenario...
  Ran simulation in 30.1 seconds.
Beginning scenario construction...
pygame 2.6.1 (SDL 2.28.4, Python 3.10.12)
Hello from the pygame community. https://www.pygame.org/contribute.html
  Loading cached version of road network...
  Loaded cached network in 0.13 seconds.
  Pruning scenario...
  Pruned scenario in 2.146e-05 seconds.
Scenario constructed in 1.39 seconds.
  Connecting to CARLA on port 2000
  Map loaded in simulator.
  Generated scene in 1 iterations, 0.007571 seconds.
  Beginning simulation of top-level scenario...
  Ran simulation in 29.42 seconds.
Beginning scenario construction...
pygame 2.6.1 (SDL 2.28.4, Python 3.10.12)
Hello from the pygame community. https://www.pygame.org/contribute.html
  Loading cached version of road network...
  Loaded cached network in 0.14 seconds.
  Pruning scenario...
  Pruned scenario in 2.074e-05 seconds.
Scenario constructed in 1.41 seconds.
  Connecting to CARLA on port 2000
  Map loaded in simulator.
  Generated scene in 1 iterations, 0.007665 seconds.
  Beginning simulation of top-level scenario...
  Ran simulation in 26.92 seconds.
Beginning scenario construction...
pygame 2.6.1 (SDL 2.28.4, Python 3.10.12)
Hello from the pygame community. https://www.pygame.org/contribute.html
  Loading cached version of road network...
  Loaded cached network in 0.14 seconds.
  Pruning scenario...
  Pruned scenario in 1.955e-05 seconds.
Scenario constructed in 1.40 seconds.
  Connecting to CARLA on port 2000
  Map loaded in simulator.
  Generated scene in 1 iterations, 0.00755 seconds.
  Beginning simulation of top-level scenario...
  Ran simulation in 26.08 seconds.
Beginning scenario construction...
pygame 2.6.1 (SDL 2.28.4, Python 3.10.12)
Hello from the pygame community. https://www.pygame.org/contribute.html
  Loading cached version of road network...
  Loaded cached network in 0.14 seconds.
  Pruning scenario...
  Pruned scenario in 2.05e-05 seconds.
Scenario constructed in 1.40 seconds.
  Connecting to CARLA on port 2000
  Map loaded in simulator.
  Generated scene in 1 iterations, 0.007571 seconds.
  Beginning simulation of top-level scenario...
  Ran simulation in 28.79 seconds.
Beginning scenario construction...
pygame 2.6.1 (SDL 2.28.4, Python 3.10.12)
Hello from the pygame community. https://www.pygame.org/contribute.html
  Loading cached version of road network...
  Loaded cached network in 0.13 seconds.
  Pruning scenario...
  Pruned scenario in 2.289e-05 seconds.
Scenario constructed in 1.39 seconds.
  Connecting to CARLA on port 2000
  Map loaded in simulator.
  Generated scene in 1 iterations, 0.007813 seconds.
  Beginning simulation of top-level scenario...
  Ran simulation in 25.86 seconds.
Beginning scenario construction...
pygame 2.6.1 (SDL 2.28.4, Python 3.10.12)
Hello from the pygame community. https://www.pygame.org/contribute.html
  Loading cached version of road network...
  Loaded cached network in 0.14 seconds.
  Pruning scenario...
  Pruned scenario in 2.074e-05 seconds.
Scenario constructed in 1.40 seconds.
  Connecting to CARLA on port 2000
  Map loaded in simulator.
  Generated scene in 1 iterations, 0.007618 seconds.
  Beginning simulation of top-level scenario...
  Ran simulation in 26.44 seconds.
Beginning scenario construction...
pygame 2.6.1 (SDL 2.28.4, Python 3.10.12)
Hello from the pygame community. https://www.pygame.org/contribute.html
  Loading cached version of road network...
  Loaded cached network in 0.14 seconds.
  Pruning scenario...
  Pruned scenario in 1.979e-05 seconds.
Scenario constructed in 1.39 seconds.
  Connecting to CARLA on port 2000
  Map loaded in simulator.
  Generated scene in 1 iterations, 0.007622 seconds.
  Beginning simulation of top-level scenario...
  Ran simulation in 29.36 seconds.
Beginning scenario construction...
pygame 2.6.1 (SDL 2.28.4, Python 3.10.12)
Hello from the pygame community. https://www.pygame.org/contribute.html
  Loading cached version of road network...
  Loaded cached network in 0.14 seconds.
  Pruning scenario...
  Pruned scenario in 2.289e-05 seconds.
Scenario constructed in 1.41 seconds.
  Connecting to CARLA on port 2000
  Map loaded in simulator.
  Generated scene in 1 iterations, 0.007541 seconds.
  Beginning simulation of top-level scenario...
  Ran simulation in 26.43 seconds.
Beginning scenario construction...
pygame 2.6.1 (SDL 2.28.4, Python 3.10.12)
Hello from the pygame community. https://www.pygame.org/contribute.html
  Loading cached version of road network...
  Loaded cached network in 0.13 seconds.
  Pruning scenario...
  Pruned scenario in 2.265e-05 seconds.
Scenario constructed in 1.40 seconds.
  Connecting to CARLA on port 2000
  Map loaded in simulator.
  Generated scene in 1 iterations, 0.007506 seconds.
  Beginning simulation of top-level scenario...
  Ran simulation in 26.41 seconds.
Beginning scenario construction...
pygame 2.6.1 (SDL 2.28.4, Python 3.10.12)
Hello from the pygame community. https://www.pygame.org/contribute.html
  Loading cached version of road network...
  Loaded cached network in 0.14 seconds.
  Pruning scenario...
  Pruned scenario in 2.146e-05 seconds.
Scenario constructed in 1.40 seconds.
  Connecting to CARLA on port 2000
  Map loaded in simulator.
  Generated scene in 1 iterations, 0.00773 seconds.
  Beginning simulation of top-level scenario...
  Ran simulation in 27.19 seconds.
Beginning scenario construction...
pygame 2.6.1 (SDL 2.28.4, Python 3.10.12)
Hello from the pygame community. https://www.pygame.org/contribute.html
  Loading cached version of road network...
  Loaded cached network in 0.13 seconds.
  Pruning scenario...
  Pruned scenario in 1.931e-05 seconds.
Scenario constructed in 1.39 seconds.
  Connecting to CARLA on port 2000
  Map loaded in simulator.
  Generated scene in 1 iterations, 0.007573 seconds.
  Beginning simulation of top-level scenario...
  Ran simulation in 25.99 seconds.
Beginning scenario construction...
pygame 2.6.1 (SDL 2.28.4, Python 3.10.12)
Hello from the pygame community. https://www.pygame.org/contribute.html
  Loading cached version of road network...
  Loaded cached network in 0.13 seconds.
  Pruning scenario...
  Pruned scenario in 2.074e-05 seconds.
Scenario constructed in 1.40 seconds.
  Connecting to CARLA on port 2000
  Map loaded in simulator.
  Generated scene in 1 iterations, 0.00769 seconds.
  Beginning simulation of top-level scenario...
  Ran simulation in 27.13 seconds.
Beginning scenario construction...
pygame 2.6.1 (SDL 2.28.4, Python 3.10.12)
Hello from the pygame community. https://www.pygame.org/contribute.html
  Loading cached version of road network...
  Loaded cached network in 0.14 seconds.
  Pruning scenario...
  Pruned scenario in 2.241e-05 seconds.
Scenario constructed in 1.39 seconds.
  Connecting to CARLA on port 2000
  Map loaded in simulator.
  Generated scene in 1 iterations, 0.00697 seconds.
  Beginning simulation of top-level scenario...
  Ran simulation in 28.11 seconds.
Beginning scenario construction...
pygame 2.6.1 (SDL 2.28.4, Python 3.10.12)
Hello from the pygame community. https://www.pygame.org/contribute.html
  Loading cached version of road network...
  Loaded cached network in 0.14 seconds.
  Pruning scenario...
  Pruned scenario in 2.432e-05 seconds.
Scenario constructed in 1.41 seconds.
  Connecting to CARLA on port 2000
  Map loaded in simulator.
  Generated scene in 1 iterations, 0.007757 seconds.
  Beginning simulation of top-level scenario...
  Ran simulation in 27.79 seconds.
Beginning scenario construction...
pygame 2.6.1 (SDL 2.28.4, Python 3.10.12)
Hello from the pygame community. https://www.pygame.org/contribute.html
  Loading cached version of road network...
  Loaded cached network in 0.14 seconds.
  Pruning scenario...
  Pruned scenario in 2.17e-05 seconds.
Scenario constructed in 1.40 seconds.
  Connecting to CARLA on port 2000
  Map loaded in simulator.
  Generated scene in 1 iterations, 0.007617 seconds.
  Beginning simulation of top-level scenario...
  Ran simulation in 27.71 seconds.
Beginning scenario construction...
pygame 2.6.1 (SDL 2.28.4, Python 3.10.12)
Hello from the pygame community. https://www.pygame.org/contribute.html
  Loading cached version of road network...
  Loaded cached network in 0.14 seconds.
  Pruning scenario...
  Pruned scenario in 2.122e-05 seconds.
Scenario constructed in 1.43 seconds.
  Connecting to CARLA on port 2000
  Map loaded in simulator.
  Generated scene in 1 iterations, 0.007703 seconds.
  Beginning simulation of top-level scenario...
  Ran simulation in 26.81 seconds.
Beginning scenario construction...
pygame 2.6.1 (SDL 2.28.4, Python 3.10.12)
Hello from the pygame community. https://www.pygame.org/contribute.html
  Loading cached version of road network...
  Loaded cached network in 0.14 seconds.
  Pruning scenario...
  Pruned scenario in 2.217e-05 seconds.
Scenario constructed in 1.43 seconds.
  Connecting to CARLA on port 2000
  Map loaded in simulator.
  Generated scene in 1 iterations, 0.007524 seconds.
  Beginning simulation of top-level scenario...
  Ran simulation in 27.32 seconds.
Beginning scenario construction...
pygame 2.6.1 (SDL 2.28.4, Python 3.10.12)
Hello from the pygame community. https://www.pygame.org/contribute.html
  Loading cached version of road network...
  Loaded cached network in 0.13 seconds.
  Pruning scenario...
  Pruned scenario in 1.979e-05 seconds.
Scenario constructed in 1.41 seconds.
  Connecting to CARLA on port 2000
  Map loaded in simulator.
  Generated scene in 1 iterations, 0.007642 seconds.
  Beginning simulation of top-level scenario...
  Ran simulation in 30.22 seconds.
Beginning scenario construction...
pygame 2.6.1 (SDL 2.28.4, Python 3.10.12)
Hello from the pygame community. https://www.pygame.org/contribute.html
  Loading cached version of road network...
  Loaded cached network in 0.14 seconds.
  Pruning scenario...
  Pruned scenario in 2.17e-05 seconds.
Scenario constructed in 1.40 seconds.
  Connecting to CARLA on port 2000
  Map loaded in simulator.
  Generated scene in 1 iterations, 0.007589 seconds.
  Beginning simulation of top-level scenario...
  Ran simulation in 26.96 seconds.
Beginning scenario construction...
pygame 2.6.1 (SDL 2.28.4, Python 3.10.12)
Hello from the pygame community. https://www.pygame.org/contribute.html
  Loading cached version of road network...
  Loaded cached network in 0.14 seconds.
  Pruning scenario...
  Pruned scenario in 2.289e-05 seconds.
Scenario constructed in 1.42 seconds.
  Connecting to CARLA on port 2000
  Map loaded in simulator.
  Generated scene in 1 iterations, 0.007573 seconds.
  Beginning simulation of top-level scenario...
  Ran simulation in 27.13 seconds.
Beginning scenario construction...
pygame 2.6.1 (SDL 2.28.4, Python 3.10.12)
Hello from the pygame community. https://www.pygame.org/contribute.html
  Loading cached version of road network...
  Loaded cached network in 0.13 seconds.
  Pruning scenario...
  Pruned scenario in 1.907e-05 seconds.
Scenario constructed in 1.40 seconds.
  Connecting to CARLA on port 2000
  Map loaded in simulator.
  Generated scene in 1 iterations, 0.007829 seconds.
  Beginning simulation of top-level scenario...
  Ran simulation in 26.85 seconds.
Beginning scenario construction...
pygame 2.6.1 (SDL 2.28.4, Python 3.10.12)
Hello from the pygame community. https://www.pygame.org/contribute.html
  Loading cached version of road network...
  Loaded cached network in 0.14 seconds.
  Pruning scenario...
  Pruned scenario in 1.931e-05 seconds.
Scenario constructed in 1.41 seconds.
  Connecting to CARLA on port 2000
  Map loaded in simulator.
  Generated scene in 1 iterations, 0.007526 seconds.
  Beginning simulation of top-level scenario...
  Ran simulation in 28.38 seconds.
Beginning scenario construction...
pygame 2.6.1 (SDL 2.28.4, Python 3.10.12)
Hello from the pygame community. https://www.pygame.org/contribute.html
  Loading cached version of road network...
  Loaded cached network in 0.14 seconds.
  Pruning scenario...
  Pruned scenario in 2.17e-05 seconds.
Scenario constructed in 1.41 seconds.
  Connecting to CARLA on port 2000
  Map loaded in simulator.
  Generated scene in 1 iterations, 0.007539 seconds.
  Beginning simulation of top-level scenario...
  Ran simulation in 26.25 seconds.
Beginning scenario construction...
pygame 2.6.1 (SDL 2.28.4, Python 3.10.12)
Hello from the pygame community. https://www.pygame.org/contribute.html
  Loading cached version of road network...
  Loaded cached network in 0.14 seconds.
  Pruning scenario...
  Pruned scenario in 1.979e-05 seconds.
Scenario constructed in 1.43 seconds.
  Connecting to CARLA on port 2000
  Map loaded in simulator.
  Generated scene in 1 iterations, 0.007605 seconds.
  Beginning simulation of top-level scenario...
  Ran simulation in 25.97 seconds.
Beginning scenario construction...
pygame 2.6.1 (SDL 2.28.4, Python 3.10.12)
Hello from the pygame community. https://www.pygame.org/contribute.html
  Loading cached version of road network...
  Loaded cached network in 0.14 seconds.
  Pruning scenario...
  Pruned scenario in 2.122e-05 seconds.
Scenario constructed in 1.42 seconds.
  Connecting to CARLA on port 2000
  Map loaded in simulator.
  Generated scene in 1 iterations, 0.007935 seconds.
  Beginning simulation of top-level scenario...
  Ran simulation in 27.73 seconds.
Beginning scenario construction...
pygame 2.6.1 (SDL 2.28.4, Python 3.10.12)
Hello from the pygame community. https://www.pygame.org/contribute.html
  Loading cached version of road network...
  Loaded cached network in 0.14 seconds.
  Pruning scenario...
  Pruned scenario in 2.384e-05 seconds.
Scenario constructed in 1.39 seconds.
  Connecting to CARLA on port 2000
  Map loaded in simulator.
  Generated scene in 1 iterations, 0.007671 seconds.
  Beginning simulation of top-level scenario...
  Ran simulation in 26.47 seconds.
Beginning scenario construction...
pygame 2.6.1 (SDL 2.28.4, Python 3.10.12)
Hello from the pygame community. https://www.pygame.org/contribute.html
  Loading cached version of road network...
  Loaded cached network in 0.14 seconds.
  Pruning scenario...
  Pruned scenario in 2.003e-05 seconds.
Scenario constructed in 1.39 seconds.
  Connecting to CARLA on port 2000
  Map loaded in simulator.
  Generated scene in 1 iterations, 0.007482 seconds.
  Beginning simulation of top-level scenario...
  Ran simulation in 27.59 seconds.
Beginning scenario construction...
pygame 2.6.1 (SDL 2.28.4, Python 3.10.12)
Hello from the pygame community. https://www.pygame.org/contribute.html
  Loading cached version of road network...
  Loaded cached network in 0.14 seconds.
  Pruning scenario...
  Pruned scenario in 2.241e-05 seconds.
Scenario constructed in 1.43 seconds.
  Connecting to CARLA on port 2000
  Map loaded in simulator.
  Generated scene in 1 iterations, 0.00762 seconds.
  Beginning simulation of top-level scenario...
  Ran simulation in 27.58 seconds.
Beginning scenario construction...
pygame 2.6.1 (SDL 2.28.4, Python 3.10.12)
Hello from the pygame community. https://www.pygame.org/contribute.html
  Loading cached version of road network...
  Loaded cached network in 0.13 seconds.
  Pruning scenario...
  Pruned scenario in 1.955e-05 seconds.
Scenario constructed in 1.40 seconds.
  Connecting to CARLA on port 2000
  Map loaded in simulator.
  Generated scene in 1 iterations, 0.007591 seconds.
  Beginning simulation of top-level scenario...
  Ran simulation in 28.59 seconds.
Beginning scenario construction...
pygame 2.6.1 (SDL 2.28.4, Python 3.10.12)
Hello from the pygame community. https://www.pygame.org/contribute.html
  Loading cached version of road network...
  Loaded cached network in 0.14 seconds.
  Pruning scenario...
  Pruned scenario in 2.48e-05 seconds.
Scenario constructed in 1.42 seconds.
  Connecting to CARLA on port 2000
  Map loaded in simulator.
  Generated scene in 1 iterations, 0.007549 seconds.
  Beginning simulation of top-level scenario...
  Ran simulation in 27.65 seconds.
Beginning scenario construction...
pygame 2.6.1 (SDL 2.28.4, Python 3.10.12)
Hello from the pygame community. https://www.pygame.org/contribute.html
  Loading cached version of road network...
  Loaded cached network in 0.14 seconds.
  Pruning scenario...
  Pruned scenario in 2.098e-05 seconds.
Scenario constructed in 1.40 seconds.
  Connecting to CARLA on port 2000
  Map loaded in simulator.
  Generated scene in 1 iterations, 0.007737 seconds.
  Beginning simulation of top-level scenario...
  Ran simulation in 27.53 seconds.
Beginning scenario construction...
pygame 2.6.1 (SDL 2.28.4, Python 3.10.12)
Hello from the pygame community. https://www.pygame.org/contribute.html
  Loading cached version of road network...
  Loaded cached network in 0.14 seconds.
  Pruning scenario...
  Pruned scenario in 2.337e-05 seconds.
Scenario constructed in 1.42 seconds.
  Connecting to CARLA on port 2000
  Map loaded in simulator.
  Generated scene in 1 iterations, 0.007532 seconds.
  Beginning simulation of top-level scenario...
  Ran simulation in 27.83 seconds.
Beginning scenario construction...
pygame 2.6.1 (SDL 2.28.4, Python 3.10.12)
Hello from the pygame community. https://www.pygame.org/contribute.html
  Loading cached version of road network...
  Loaded cached network in 0.14 seconds.
  Pruning scenario...
  Pruned scenario in 2.074e-05 seconds.
Scenario constructed in 1.39 seconds.
  Connecting to CARLA on port 2000
  Map loaded in simulator.
  Generated scene in 1 iterations, 0.00754 seconds.
  Beginning simulation of top-level scenario...
  Ran simulation in 25.83 seconds.
Beginning scenario construction...
pygame 2.6.1 (SDL 2.28.4, Python 3.10.12)
Hello from the pygame community. https://www.pygame.org/contribute.html
  Loading cached version of road network...
  Loaded cached network in 0.14 seconds.
  Pruning scenario...
  Pruned scenario in 2.074e-05 seconds.
Scenario constructed in 1.41 seconds.
  Connecting to CARLA on port 2000
  Map loaded in simulator.
  Generated scene in 1 iterations, 0.007632 seconds.
  Beginning simulation of top-level scenario...
  Ran simulation in 26.41 seconds.
Beginning scenario construction...
pygame 2.6.1 (SDL 2.28.4, Python 3.10.12)
Hello from the pygame community. https://www.pygame.org/contribute.html
  Loading cached version of road network...
  Loaded cached network in 0.14 seconds.
  Pruning scenario...
  Pruned scenario in 1.979e-05 seconds.
Scenario constructed in 1.40 seconds.
  Connecting to CARLA on port 2000
  Map loaded in simulator.
  Generated scene in 1 iterations, 0.007609 seconds.
  Beginning simulation of top-level scenario...
  Ran simulation in 27.49 seconds.
Beginning scenario construction...
pygame 2.6.1 (SDL 2.28.4, Python 3.10.12)
Hello from the pygame community. https://www.pygame.org/contribute.html
  Loading cached version of road network...
  Loaded cached network in 0.14 seconds.
  Pruning scenario...
  Pruned scenario in 2.146e-05 seconds.
Scenario constructed in 1.42 seconds.
  Connecting to CARLA on port 2000
  Map loaded in simulator.
  Generated scene in 1 iterations, 0.007596 seconds.
  Beginning simulation of top-level scenario...
  Ran simulation in 25.86 seconds.
Beginning scenario construction...
pygame 2.6.1 (SDL 2.28.4, Python 3.10.12)
Hello from the pygame community. https://www.pygame.org/contribute.html
  Loading cached version of road network...
  Loaded cached network in 0.14 seconds.
  Pruning scenario...
  Pruned scenario in 2.217e-05 seconds.
Scenario constructed in 1.39 seconds.
  Connecting to CARLA on port 2000
  Map loaded in simulator.
  Generated scene in 1 iterations, 0.007857 seconds.
  Beginning simulation of top-level scenario...
  Ran simulation in 27.17 seconds.
Beginning scenario construction...
pygame 2.6.1 (SDL 2.28.4, Python 3.10.12)
Hello from the pygame community. https://www.pygame.org/contribute.html
  Loading cached version of road network...
  Loaded cached network in 0.14 seconds.
  Pruning scenario...
  Pruned scenario in 2.241e-05 seconds.
Scenario constructed in 1.41 seconds.
  Connecting to CARLA on port 2000
  Map loaded in simulator.
  Generated scene in 1 iterations, 0.007531 seconds.
  Beginning simulation of top-level scenario...
  Ran simulation in 26.58 seconds.
Beginning scenario construction...
pygame 2.6.1 (SDL 2.28.4, Python 3.10.12)
Hello from the pygame community. https://www.pygame.org/contribute.html
  Loading cached version of road network...
  Loaded cached network in 0.14 seconds.
  Pruning scenario...
  Pruned scenario in 2.146e-05 seconds.
Scenario constructed in 1.41 seconds.
  Connecting to CARLA on port 2000
  Map loaded in simulator.
  Generated scene in 1 iterations, 0.007622 seconds.
  Beginning simulation of top-level scenario...
  Ran simulation in 25.41 seconds.
Beginning scenario construction...
pygame 2.6.1 (SDL 2.28.4, Python 3.10.12)
Hello from the pygame community. https://www.pygame.org/contribute.html
  Loading cached version of road network...
  Loaded cached network in 0.14 seconds.
  Pruning scenario...
  Pruned scenario in 2.36e-05 seconds.
Scenario constructed in 1.42 seconds.
  Connecting to CARLA on port 2000
  Map loaded in simulator.
  Generated scene in 1 iterations, 0.007664 seconds.
  Beginning simulation of top-level scenario...
  Ran simulation in 26.7 seconds.
Beginning scenario construction...
pygame 2.6.1 (SDL 2.28.4, Python 3.10.12)
Hello from the pygame community. https://www.pygame.org/contribute.html
  Loading cached version of road network...
  Loaded cached network in 0.14 seconds.
  Pruning scenario...
  Pruned scenario in 2.074e-05 seconds.
Scenario constructed in 1.39 seconds.
  Connecting to CARLA on port 2000
  Map loaded in simulator.
  Generated scene in 1 iterations, 0.007578 seconds.
  Beginning simulation of top-level scenario...
  Ran simulation in 29.73 seconds.
Beginning scenario construction...
pygame 2.6.1 (SDL 2.28.4, Python 3.10.12)
Hello from the pygame community. https://www.pygame.org/contribute.html
  Loading cached version of road network...
  Loaded cached network in 0.14 seconds.
  Pruning scenario...
  Pruned scenario in 1.931e-05 seconds.
Scenario constructed in 1.40 seconds.
  Connecting to CARLA on port 2000
  Map loaded in simulator.
  Generated scene in 1 iterations, 0.00679 seconds.
  Beginning simulation of top-level scenario...
  Ran simulation in 27.34 seconds.
Beginning scenario construction...
pygame 2.6.1 (SDL 2.28.4, Python 3.10.12)
Hello from the pygame community. https://www.pygame.org/contribute.html
  Loading cached version of road network...
  Loaded cached network in 0.14 seconds.
  Pruning scenario...
  Pruned scenario in 2.122e-05 seconds.
Scenario constructed in 1.39 seconds.
  Connecting to CARLA on port 2000
  Map loaded in simulator.
  Generated scene in 1 iterations, 0.007633 seconds.
  Beginning simulation of top-level scenario...
  Ran simulation in 27.65 seconds.
Beginning scenario construction...
pygame 2.6.1 (SDL 2.28.4, Python 3.10.12)
Hello from the pygame community. https://www.pygame.org/contribute.html
  Loading cached version of road network...
  Loaded cached network in 0.13 seconds.
  Pruning scenario...
  Pruned scenario in 1.907e-05 seconds.
Scenario constructed in 1.40 seconds.
  Connecting to CARLA on port 2000
  Map loaded in simulator.
  Generated scene in 1 iterations, 0.00752 seconds.
  Beginning simulation of top-level scenario...
  Ran simulation in 29.86 seconds.
Beginning scenario construction...
pygame 2.6.1 (SDL 2.28.4, Python 3.10.12)
Hello from the pygame community. https://www.pygame.org/contribute.html
  Loading cached version of road network...
  Loaded cached network in 0.14 seconds.
  Pruning scenario...
  Pruned scenario in 1.931e-05 seconds.
Scenario constructed in 1.41 seconds.
  Connecting to CARLA on port 2000
  Map loaded in simulator.
  Generated scene in 1 iterations, 0.007878 seconds.
  Beginning simulation of top-level scenario...
  Ran simulation in 26.67 seconds.
Beginning scenario construction...
pygame 2.6.1 (SDL 2.28.4, Python 3.10.12)
Hello from the pygame community. https://www.pygame.org/contribute.html
  Loading cached version of road network...
  Loaded cached network in 0.14 seconds.
  Pruning scenario...
  Pruned scenario in 2.337e-05 seconds.
Scenario constructed in 1.40 seconds.
  Connecting to CARLA on port 2000
  Map loaded in simulator.
  Generated scene in 1 iterations, 0.007702 seconds.
  Beginning simulation of top-level scenario...
  Ran simulation in 27.05 seconds.
Beginning scenario construction...
pygame 2.6.1 (SDL 2.28.4, Python 3.10.12)
Hello from the pygame community. https://www.pygame.org/contribute.html
  Loading cached version of road network...
  Loaded cached network in 0.14 seconds.
  Pruning scenario...
  Pruned scenario in 2.098e-05 seconds.
Scenario constructed in 1.41 seconds.
  Connecting to CARLA on port 2000
  Map loaded in simulator.
  Generated scene in 1 iterations, 0.00754 seconds.
  Beginning simulation of top-level scenario...
  Ran simulation in 27.47 seconds.
Beginning scenario construction...
pygame 2.6.1 (SDL 2.28.4, Python 3.10.12)
Hello from the pygame community. https://www.pygame.org/contribute.html
  Loading cached version of road network...
  Loaded cached network in 0.14 seconds.
  Pruning scenario...
  Pruned scenario in 2.17e-05 seconds.
Scenario constructed in 1.42 seconds.
  Connecting to CARLA on port 2000
  Map loaded in simulator.
  Generated scene in 1 iterations, 0.007715 seconds.
  Beginning simulation of top-level scenario...
  Ran simulation in 27.24 seconds.
Beginning scenario construction...
pygame 2.6.1 (SDL 2.28.4, Python 3.10.12)
Hello from the pygame community. https://www.pygame.org/contribute.html
  Loading cached version of road network...
  Loaded cached network in 0.14 seconds.
  Pruning scenario...
  Pruned scenario in 1.979e-05 seconds.
Scenario constructed in 1.42 seconds.
  Connecting to CARLA on port 2000
  Map loaded in simulator.
  Generated scene in 1 iterations, 0.007495 seconds.
  Beginning simulation of top-level scenario...
  Ran simulation in 27.99 seconds.
Beginning scenario construction...
pygame 2.6.1 (SDL 2.28.4, Python 3.10.12)
Hello from the pygame community. https://www.pygame.org/contribute.html
  Loading cached version of road network...
  Loaded cached network in 0.14 seconds.
  Pruning scenario...
  Pruned scenario in 2.217e-05 seconds.
Scenario constructed in 1.43 seconds.
  Connecting to CARLA on port 2000
  Map loaded in simulator.
  Generated scene in 1 iterations, 0.007617 seconds.
  Beginning simulation of top-level scenario...
  Ran simulation in 25.79 seconds.
Beginning scenario construction...
pygame 2.6.1 (SDL 2.28.4, Python 3.10.12)
Hello from the pygame community. https://www.pygame.org/contribute.html
  Loading cached version of road network...
  Loaded cached network in 0.14 seconds.
  Pruning scenario...
  Pruned scenario in 2.384e-05 seconds.
Scenario constructed in 1.39 seconds.
  Connecting to CARLA on port 2000
  Map loaded in simulator.
  Generated scene in 1 iterations, 0.006766 seconds.
  Beginning simulation of top-level scenario...
  Ran simulation in 26.54 seconds.
Beginning scenario construction...
pygame 2.6.1 (SDL 2.28.4, Python 3.10.12)
Hello from the pygame community. https://www.pygame.org/contribute.html
  Loading cached version of road network...
  Loaded cached network in 0.14 seconds.
  Pruning scenario...
  Pruned scenario in 2.193e-05 seconds.
Scenario constructed in 1.42 seconds.
  Connecting to CARLA on port 2000
  Map loaded in simulator.
  Generated scene in 1 iterations, 0.007599 seconds.
  Beginning simulation of top-level scenario...
  Ran simulation in 25.55 seconds.
Beginning scenario construction...
pygame 2.6.1 (SDL 2.28.4, Python 3.10.12)
Hello from the pygame community. https://www.pygame.org/contribute.html
  Loading cached version of road network...
  Loaded cached network in 0.13 seconds.
  Pruning scenario...
  Pruned scenario in 2.027e-05 seconds.
Scenario constructed in 1.40 seconds.
  Connecting to CARLA on port 2000
  Map loaded in simulator.
  Generated scene in 1 iterations, 0.00758 seconds.
  Beginning simulation of top-level scenario...
  Ran simulation in 26.27 seconds.
Beginning scenario construction...
pygame 2.6.1 (SDL 2.28.4, Python 3.10.12)
Hello from the pygame community. https://www.pygame.org/contribute.html
  Loading cached version of road network...
  Loaded cached network in 0.14 seconds.
  Pruning scenario...
  Pruned scenario in 2.146e-05 seconds.
Scenario constructed in 1.44 seconds.
  Connecting to CARLA on port 2000
  Map loaded in simulator.
  Generated scene in 1 iterations, 0.007599 seconds.
  Beginning simulation of top-level scenario...
  Ran simulation in 26.09 seconds.
Beginning scenario construction...
pygame 2.6.1 (SDL 2.28.4, Python 3.10.12)
Hello from the pygame community. https://www.pygame.org/contribute.html
  Loading cached version of road network...
  Loaded cached network in 0.14 seconds.
  Pruning scenario...
  Pruned scenario in 2.742e-05 seconds.
Scenario constructed in 1.41 seconds.
  Connecting to CARLA on port 2000
  Map loaded in simulator.
  Generated scene in 1 iterations, 0.007575 seconds.
  Beginning simulation of top-level scenario...
  Ran simulation in 26.61 seconds.
Beginning scenario construction...
pygame 2.6.1 (SDL 2.28.4, Python 3.10.12)
Hello from the pygame community. https://www.pygame.org/contribute.html
  Loading cached version of road network...
  Loaded cached network in 0.14 seconds.
  Pruning scenario...
  Pruned scenario in 2.074e-05 seconds.
Scenario constructed in 1.44 seconds.
  Connecting to CARLA on port 2000
  Map loaded in simulator.
  Generated scene in 1 iterations, 0.00761 seconds.
  Beginning simulation of top-level scenario...
  Ran simulation in 26.33 seconds.
Beginning scenario construction...
pygame 2.6.1 (SDL 2.28.4, Python 3.10.12)
Hello from the pygame community. https://www.pygame.org/contribute.html
  Loading cached version of road network...
  Loaded cached network in 0.14 seconds.
  Pruning scenario...
  Pruned scenario in 1.86e-05 seconds.
Scenario constructed in 1.42 seconds.
  Connecting to CARLA on port 2000
  Map loaded in simulator.
  Generated scene in 1 iterations, 0.007488 seconds.
  Beginning simulation of top-level scenario...
  Ran simulation in 26.33 seconds.
Beginning scenario construction...
pygame 2.6.1 (SDL 2.28.4, Python 3.10.12)
Hello from the pygame community. https://www.pygame.org/contribute.html
  Loading cached version of road network...
  Loaded cached network in 0.13 seconds.
  Pruning scenario...
  Pruned scenario in 2.146e-05 seconds.
Scenario constructed in 1.41 seconds.
  Connecting to CARLA on port 2000
  Map loaded in simulator.
  Generated scene in 1 iterations, 0.007576 seconds.
  Beginning simulation of top-level scenario...
  Ran simulation in 28.12 seconds.
Beginning scenario construction...
pygame 2.6.1 (SDL 2.28.4, Python 3.10.12)
Hello from the pygame community. https://www.pygame.org/contribute.html
  Loading cached version of road network...
  Loaded cached network in 0.14 seconds.
  Pruning scenario...
  Pruned scenario in 1.955e-05 seconds.
Scenario constructed in 1.41 seconds.
  Connecting to CARLA on port 2000
  Map loaded in simulator.
  Generated scene in 1 iterations, 0.007809 seconds.
  Beginning simulation of top-level scenario...
  Ran simulation in 29.62 seconds.
Beginning scenario construction...
pygame 2.6.1 (SDL 2.28.4, Python 3.10.12)
Hello from the pygame community. https://www.pygame.org/contribute.html
  Loading cached version of road network...
  Loaded cached network in 0.14 seconds.
  Pruning scenario...
  Pruned scenario in 2.193e-05 seconds.
Scenario constructed in 1.44 seconds.
  Connecting to CARLA on port 2000
  Map loaded in simulator.
  Generated scene in 1 iterations, 0.007871 seconds.
  Beginning simulation of top-level scenario...
  Ran simulation in 27.57 seconds.
Beginning scenario construction...
pygame 2.6.1 (SDL 2.28.4, Python 3.10.12)
Hello from the pygame community. https://www.pygame.org/contribute.html
  Loading cached version of road network...
  Loaded cached network in 0.14 seconds.
  Pruning scenario...
  Pruned scenario in 2.241e-05 seconds.
Scenario constructed in 1.41 seconds.
  Connecting to CARLA on port 2000
  Map loaded in simulator.
  Generated scene in 1 iterations, 0.007824 seconds.
  Beginning simulation of top-level scenario...
  Ran simulation in 27.66 seconds.
Beginning scenario construction...
pygame 2.6.1 (SDL 2.28.4, Python 3.10.12)
Hello from the pygame community. https://www.pygame.org/contribute.html
  Loading cached version of road network...
  Loaded cached network in 0.14 seconds.
  Pruning scenario...
  Pruned scenario in 2.122e-05 seconds.
Scenario constructed in 1.42 seconds.
  Connecting to CARLA on port 2000
  Map loaded in simulator.
  Generated scene in 1 iterations, 0.007588 seconds.
  Beginning simulation of top-level scenario...
  Ran simulation in 25.02 seconds.
Beginning scenario construction...
pygame 2.6.1 (SDL 2.28.4, Python 3.10.12)
Hello from the pygame community. https://www.pygame.org/contribute.html
  Loading cached version of road network...
  Loaded cached network in 0.13 seconds.
  Pruning scenario...
  Pruned scenario in 2.289e-05 seconds.
Scenario constructed in 1.44 seconds.
  Connecting to CARLA on port 2000
  Map loaded in simulator.
  Generated scene in 1 iterations, 0.007506 seconds.
  Beginning simulation of top-level scenario...
  Ran simulation in 26.5 seconds.
Beginning scenario construction...
pygame 2.6.1 (SDL 2.28.4, Python 3.10.12)
Hello from the pygame community. https://www.pygame.org/contribute.html
  Loading cached version of road network...
  Loaded cached network in 0.13 seconds.
  Pruning scenario...
  Pruned scenario in 2.313e-05 seconds.
Scenario constructed in 1.42 seconds.
  Connecting to CARLA on port 2000
  Map loaded in simulator.
  Generated scene in 1 iterations, 0.007544 seconds.
  Beginning simulation of top-level scenario...
  Ran simulation in 29.11 seconds.
Beginning scenario construction...
pygame 2.6.1 (SDL 2.28.4, Python 3.10.12)
Hello from the pygame community. https://www.pygame.org/contribute.html
  Loading cached version of road network...
  Loaded cached network in 0.14 seconds.
  Pruning scenario...
  Pruned scenario in 2.265e-05 seconds.
Scenario constructed in 1.42 seconds.
  Connecting to CARLA on port 2000
  Map loaded in simulator.
  Generated scene in 1 iterations, 0.007549 seconds.
  Beginning simulation of top-level scenario...
  Ran simulation in 29.68 seconds.
Beginning scenario construction...
pygame 2.6.1 (SDL 2.28.4, Python 3.10.12)
Hello from the pygame community. https://www.pygame.org/contribute.html
  Loading cached version of road network...
  Loaded cached network in 0.14 seconds.
  Pruning scenario...
  Pruned scenario in 2.265e-05 seconds.
Scenario constructed in 1.42 seconds.
  Connecting to CARLA on port 2000
  Map loaded in simulator.
  Generated scene in 1 iterations, 0.007553 seconds.
  Beginning simulation of top-level scenario...
  Ran simulation in 30.45 seconds.
Beginning scenario construction...
pygame 2.6.1 (SDL 2.28.4, Python 3.10.12)
Hello from the pygame community. https://www.pygame.org/contribute.html
  Loading cached version of road network...
  Loaded cached network in 0.13 seconds.
  Pruning scenario...
  Pruned scenario in 2.337e-05 seconds.
Scenario constructed in 1.41 seconds.
  Connecting to CARLA on port 2000
  Map loaded in simulator.
  Generated scene in 1 iterations, 0.006685 seconds.
  Beginning simulation of top-level scenario...
  Ran simulation in 30.35 seconds.
Beginning scenario construction...
pygame 2.6.1 (SDL 2.28.4, Python 3.10.12)
Hello from the pygame community. https://www.pygame.org/contribute.html
  Loading cached version of road network...
  Loaded cached network in 0.14 seconds.
  Pruning scenario...
  Pruned scenario in 1.86e-05 seconds.
Scenario constructed in 1.41 seconds.
  Connecting to CARLA on port 2000
  Map loaded in simulator.
  Generated scene in 1 iterations, 0.007574 seconds.
  Beginning simulation of top-level scenario...
  Ran simulation in 26.13 seconds.
Beginning scenario construction...
pygame 2.6.1 (SDL 2.28.4, Python 3.10.12)
Hello from the pygame community. https://www.pygame.org/contribute.html
  Loading cached version of road network...
  Loaded cached network in 0.14 seconds.
  Pruning scenario...
  Pruned scenario in 2.241e-05 seconds.
Scenario constructed in 1.42 seconds.
  Connecting to CARLA on port 2000
  Map loaded in simulator.
  Generated scene in 1 iterations, 0.007962 seconds.
  Beginning simulation of top-level scenario...
  Ran simulation in 27.61 seconds.
Beginning scenario construction...
pygame 2.6.1 (SDL 2.28.4, Python 3.10.12)
Hello from the pygame community. https://www.pygame.org/contribute.html
  Loading cached version of road network...
  Loaded cached network in 0.14 seconds.
  Pruning scenario...
  Pruned scenario in 2.122e-05 seconds.
Scenario constructed in 1.42 seconds.
  Connecting to CARLA on port 2000
  Map loaded in simulator.
  Generated scene in 1 iterations, 0.007585 seconds.
  Beginning simulation of top-level scenario...
  Ran simulation in 26.66 seconds.
Beginning scenario construction...
pygame 2.6.1 (SDL 2.28.4, Python 3.10.12)
Hello from the pygame community. https://www.pygame.org/contribute.html
  Loading cached version of road network...
  Loaded cached network in 0.13 seconds.
  Pruning scenario...
  Pruned scenario in 2.432e-05 seconds.
Scenario constructed in 1.45 seconds.
  Connecting to CARLA on port 2000
  Map loaded in simulator.
  Generated scene in 1 iterations, 0.007703 seconds.
  Beginning simulation of top-level scenario...
  Ran simulation in 26.22 seconds.
Beginning scenario construction...
pygame 2.6.1 (SDL 2.28.4, Python 3.10.12)
Hello from the pygame community. https://www.pygame.org/contribute.html
  Loading cached version of road network...
  Loaded cached network in 0.14 seconds.
  Pruning scenario...
  Pruned scenario in 2.408e-05 seconds.
Scenario constructed in 1.42 seconds.
  Connecting to CARLA on port 2000
  Map loaded in simulator.
  Generated scene in 1 iterations, 0.007565 seconds.
  Beginning simulation of top-level scenario...
  Ran simulation in 26.45 seconds.
Beginning scenario construction...
pygame 2.6.1 (SDL 2.28.4, Python 3.10.12)
Hello from the pygame community. https://www.pygame.org/contribute.html
  Loading cached version of road network...
  Loaded cached network in 0.14 seconds.
  Pruning scenario...
  Pruned scenario in 2.074e-05 seconds.
Scenario constructed in 1.41 seconds.
  Connecting to CARLA on port 2000
  Map loaded in simulator.
  Generated scene in 1 iterations, 0.007583 seconds.
  Beginning simulation of top-level scenario...
  Ran simulation in 26.99 seconds.
Beginning scenario construction...
pygame 2.6.1 (SDL 2.28.4, Python 3.10.12)
Hello from the pygame community. https://www.pygame.org/contribute.html
  Loading cached version of road network...
  Loaded cached network in 0.14 seconds.
  Pruning scenario...
  Pruned scenario in 2.241e-05 seconds.
Scenario constructed in 1.38 seconds.
  Connecting to CARLA on port 2000
  Map loaded in simulator.
  Generated scene in 1 iterations, 0.00752 seconds.
  Beginning simulation of top-level scenario...
  Ran simulation in 27.16 seconds.
Beginning scenario construction...
pygame 2.6.1 (SDL 2.28.4, Python 3.10.12)
Hello from the pygame community. https://www.pygame.org/contribute.html
  Loading cached version of road network...
  Loaded cached network in 0.13 seconds.
  Pruning scenario...
  Pruned scenario in 2.098e-05 seconds.
Scenario constructed in 1.40 seconds.
  Connecting to CARLA on port 2000
  Map loaded in simulator.
  Generated scene in 1 iterations, 0.007623 seconds.
  Beginning simulation of top-level scenario...
  Ran simulation in 25.65 seconds.
Beginning scenario construction...
pygame 2.6.1 (SDL 2.28.4, Python 3.10.12)
Hello from the pygame community. https://www.pygame.org/contribute.html
  Loading cached version of road network...
  Loaded cached network in 0.13 seconds.
  Pruning scenario...
  Pruned scenario in 2.146e-05 seconds.
Scenario constructed in 1.39 seconds.
  Connecting to CARLA on port 2000
  Map loaded in simulator.
  Generated scene in 1 iterations, 0.007613 seconds.
  Beginning simulation of top-level scenario...
  Ran simulation in 25.88 seconds.
Beginning scenario construction...
pygame 2.6.1 (SDL 2.28.4, Python 3.10.12)
Hello from the pygame community. https://www.pygame.org/contribute.html
  Loading cached version of road network...
  Loaded cached network in 0.14 seconds.
  Pruning scenario...
  Pruned scenario in 2.313e-05 seconds.
Scenario constructed in 1.41 seconds.
  Connecting to CARLA on port 2000
  Map loaded in simulator.
  Generated scene in 1 iterations, 0.00761 seconds.
  Beginning simulation of top-level scenario...
  Ran simulation in 25.94 seconds.
Beginning scenario construction...
pygame 2.6.1 (SDL 2.28.4, Python 3.10.12)
Hello from the pygame community. https://www.pygame.org/contribute.html
  Loading cached version of road network...
  Loaded cached network in 0.14 seconds.
  Pruning scenario...
  Pruned scenario in 2.265e-05 seconds.
Scenario constructed in 1.40 seconds.
  Connecting to CARLA on port 2000
  Map loaded in simulator.
  Generated scene in 1 iterations, 0.007443 seconds.
  Beginning simulation of top-level scenario...
  Ran simulation in 25.88 seconds.
Beginning scenario construction...
pygame 2.6.1 (SDL 2.28.4, Python 3.10.12)
Hello from the pygame community. https://www.pygame.org/contribute.html
  Loading cached version of road network...
  Loaded cached network in 0.14 seconds.
  Pruning scenario...
  Pruned scenario in 2.599e-05 seconds.
Scenario constructed in 1.43 seconds.
  Connecting to CARLA on port 2000
  Map loaded in simulator.
  Generated scene in 1 iterations, 0.007662 seconds.
  Beginning simulation of top-level scenario...
  Ran simulation in 26.06 seconds.
Beginning scenario construction...
pygame 2.6.1 (SDL 2.28.4, Python 3.10.12)
Hello from the pygame community. https://www.pygame.org/contribute.html
  Loading cached version of road network...
  Loaded cached network in 0.14 seconds.
  Pruning scenario...
  Pruned scenario in 2.241e-05 seconds.
Scenario constructed in 1.39 seconds.
  Connecting to CARLA on port 2000
  Map loaded in simulator.
  Generated scene in 1 iterations, 0.007561 seconds.
  Beginning simulation of top-level scenario...
  Ran simulation in 26.93 seconds.
Beginning scenario construction...
pygame 2.6.1 (SDL 2.28.4, Python 3.10.12)
Hello from the pygame community. https://www.pygame.org/contribute.html
  Loading cached version of road network...
  Loaded cached network in 0.13 seconds.
  Pruning scenario...
  Pruned scenario in 2.313e-05 seconds.
Scenario constructed in 1.41 seconds.
  Connecting to CARLA on port 2000
  Map loaded in simulator.
  Generated scene in 1 iterations, 0.00761 seconds.
  Beginning simulation of top-level scenario...
  Ran simulation in 25.87 seconds.
Beginning scenario construction...
pygame 2.6.1 (SDL 2.28.4, Python 3.10.12)
Hello from the pygame community. https://www.pygame.org/contribute.html
  Loading cached version of road network...
  Loaded cached network in 0.14 seconds.
  Pruning scenario...
  Pruned scenario in 1.884e-05 seconds.
Scenario constructed in 1.40 seconds.
  Connecting to CARLA on port 2000
  Map loaded in simulator.
  Generated scene in 1 iterations, 0.007576 seconds.
  Beginning simulation of top-level scenario...
  Ran simulation in 26.92 seconds.
Beginning scenario construction...
pygame 2.6.1 (SDL 2.28.4, Python 3.10.12)
Hello from the pygame community. https://www.pygame.org/contribute.html
  Loading cached version of road network...
  Loaded cached network in 0.13 seconds.
  Pruning scenario...
  Pruned scenario in 2.074e-05 seconds.
Scenario constructed in 1.42 seconds.
  Connecting to CARLA on port 2000
  Map loaded in simulator.
  Generated scene in 1 iterations, 0.007588 seconds.
  Beginning simulation of top-level scenario...
  Ran simulation in 29.46 seconds.
Beginning scenario construction...
pygame 2.6.1 (SDL 2.28.4, Python 3.10.12)
Hello from the pygame community. https://www.pygame.org/contribute.html
  Loading cached version of road network...
  Loaded cached network in 0.13 seconds.
  Pruning scenario...
  Pruned scenario in 2.265e-05 seconds.
Scenario constructed in 1.39 seconds.
  Connecting to CARLA on port 2000
  Map loaded in simulator.
  Generated scene in 1 iterations, 0.006793 seconds.
  Beginning simulation of top-level scenario...
  Ran simulation in 26.73 seconds.
Beginning scenario construction...
pygame 2.6.1 (SDL 2.28.4, Python 3.10.12)
Hello from the pygame community. https://www.pygame.org/contribute.html
  Loading cached version of road network...
  Loaded cached network in 0.14 seconds.
  Pruning scenario...
  Pruned scenario in 2.337e-05 seconds.
Scenario constructed in 1.43 seconds.
  Connecting to CARLA on port 2000
  Map loaded in simulator.
  Generated scene in 1 iterations, 0.00747 seconds.
  Beginning simulation of top-level scenario...
  Ran simulation in 28.34 seconds.
Beginning scenario construction...
pygame 2.6.1 (SDL 2.28.4, Python 3.10.12)
Hello from the pygame community. https://www.pygame.org/contribute.html
  Loading cached version of road network...
  Loaded cached network in 0.14 seconds.
  Pruning scenario...
  Pruned scenario in 2.241e-05 seconds.
Scenario constructed in 1.39 seconds.
  Connecting to CARLA on port 2000
  Map loaded in simulator.
  Generated scene in 1 iterations, 0.007624 seconds.
  Beginning simulation of top-level scenario...
  Ran simulation in 26.62 seconds.
Beginning scenario construction...
pygame 2.6.1 (SDL 2.28.4, Python 3.10.12)
Hello from the pygame community. https://www.pygame.org/contribute.html
  Loading cached version of road network...
  Loaded cached network in 0.14 seconds.
  Pruning scenario...
  Pruned scenario in 2.408e-05 seconds.
Scenario constructed in 1.43 seconds.
  Connecting to CARLA on port 2000
  Map loaded in simulator.
  Generated scene in 1 iterations, 0.007564 seconds.
  Beginning simulation of top-level scenario...
  Ran simulation in 26.43 seconds.
Beginning scenario construction...
pygame 2.6.1 (SDL 2.28.4, Python 3.10.12)
Hello from the pygame community. https://www.pygame.org/contribute.html
  Loading cached version of road network...
  Loaded cached network in 0.14 seconds.
  Pruning scenario...
  Pruned scenario in 2.241e-05 seconds.
Scenario constructed in 1.42 seconds.
  Connecting to CARLA on port 2000
  Map loaded in simulator.
  Generated scene in 1 iterations, 0.007681 seconds.
  Beginning simulation of top-level scenario...
  Ran simulation in 27.61 seconds.
Beginning scenario construction...
pygame 2.6.1 (SDL 2.28.4, Python 3.10.12)
Hello from the pygame community. https://www.pygame.org/contribute.html
  Loading cached version of road network...
  Loaded cached network in 0.14 seconds.
  Pruning scenario...
  Pruned scenario in 2.217e-05 seconds.
Scenario constructed in 1.41 seconds.
  Connecting to CARLA on port 2000
  Map loaded in simulator.
  Generated scene in 1 iterations, 0.00762 seconds.
  Beginning simulation of top-level scenario...
  Ran simulation in 29.78 seconds.
Beginning scenario construction...
pygame 2.6.1 (SDL 2.28.4, Python 3.10.12)
Hello from the pygame community. https://www.pygame.org/contribute.html
  Loading cached version of road network...
  Loaded cached network in 0.14 seconds.
  Pruning scenario...
  Pruned scenario in 2.074e-05 seconds.
Scenario constructed in 1.42 seconds.
  Connecting to CARLA on port 2000
  Map loaded in simulator.
  Generated scene in 1 iterations, 0.007602 seconds.
  Beginning simulation of top-level scenario...
  Ran simulation in 30.1 seconds.
Beginning scenario construction...
pygame 2.6.1 (SDL 2.28.4, Python 3.10.12)
Hello from the pygame community. https://www.pygame.org/contribute.html
  Loading cached version of road network...
  Loaded cached network in 0.14 seconds.
  Pruning scenario...
  Pruned scenario in 2.313e-05 seconds.
Scenario constructed in 1.43 seconds.
  Connecting to CARLA on port 2000
  Map loaded in simulator.
  Generated scene in 1 iterations, 0.007645 seconds.
  Beginning simulation of top-level scenario...
  Ran simulation in 27.76 seconds.
Beginning scenario construction...
pygame 2.6.1 (SDL 2.28.4, Python 3.10.12)
Hello from the pygame community. https://www.pygame.org/contribute.html
  Loading cached version of road network...
  Loaded cached network in 0.14 seconds.
  Pruning scenario...
  Pruned scenario in 2.17e-05 seconds.
Scenario constructed in 1.41 seconds.
  Connecting to CARLA on port 2000
  Map loaded in simulator.
  Generated scene in 1 iterations, 0.008089 seconds.
  Beginning simulation of top-level scenario...
  Ran simulation in 27.45 seconds.
Beginning scenario construction...
pygame 2.6.1 (SDL 2.28.4, Python 3.10.12)
Hello from the pygame community. https://www.pygame.org/contribute.html
  Loading cached version of road network...
  Loaded cached network in 0.14 seconds.
  Pruning scenario...
  Pruned scenario in 2.146e-05 seconds.
Scenario constructed in 1.40 seconds.
  Connecting to CARLA on port 2000
  Map loaded in simulator.
  Generated scene in 1 iterations, 0.007971 seconds.
  Beginning simulation of top-level scenario...
  Ran simulation in 27.55 seconds.
Beginning scenario construction...
pygame 2.6.1 (SDL 2.28.4, Python 3.10.12)
Hello from the pygame community. https://www.pygame.org/contribute.html
  Loading cached version of road network...
  Loaded cached network in 0.13 seconds.
  Pruning scenario...
  Pruned scenario in 2.122e-05 seconds.
Scenario constructed in 1.39 seconds.
  Connecting to CARLA on port 2000
  Map loaded in simulator.
  Generated scene in 1 iterations, 0.007659 seconds.
  Beginning simulation of top-level scenario...
  Ran simulation in 27.24 seconds.
Beginning scenario construction...
pygame 2.6.1 (SDL 2.28.4, Python 3.10.12)
Hello from the pygame community. https://www.pygame.org/contribute.html
  Loading cached version of road network...
  Loaded cached network in 0.14 seconds.
  Pruning scenario...
  Pruned scenario in 2.241e-05 seconds.
Scenario constructed in 1.42 seconds.
  Connecting to CARLA on port 2000
  Map loaded in simulator.
  Generated scene in 1 iterations, 0.007626 seconds.
  Beginning simulation of top-level scenario...
  Ran simulation in 26.45 seconds.
Beginning scenario construction...
pygame 2.6.1 (SDL 2.28.4, Python 3.10.12)
Hello from the pygame community. https://www.pygame.org/contribute.html
  Loading cached version of road network...
  Loaded cached network in 0.14 seconds.
  Pruning scenario...
  Pruned scenario in 2.217e-05 seconds.
Scenario constructed in 1.40 seconds.
  Connecting to CARLA on port 2000
  Map loaded in simulator.
  Generated scene in 1 iterations, 0.007772 seconds.
  Beginning simulation of top-level scenario...
  Ran simulation in 26.12 seconds.
Beginning scenario construction...
pygame 2.6.1 (SDL 2.28.4, Python 3.10.12)
Hello from the pygame community. https://www.pygame.org/contribute.html
  Loading cached version of road network...
  Loaded cached network in 0.14 seconds.
  Pruning scenario...
  Pruned scenario in 2.408e-05 seconds.
Scenario constructed in 1.42 seconds.
  Connecting to CARLA on port 2000
  Map loaded in simulator.
  Generated scene in 1 iterations, 0.006902 seconds.
  Beginning simulation of top-level scenario...
  Ran simulation in 26.74 seconds.
Beginning scenario construction...
pygame 2.6.1 (SDL 2.28.4, Python 3.10.12)
Hello from the pygame community. https://www.pygame.org/contribute.html
  Loading cached version of road network...
  Loaded cached network in 0.14 seconds.
  Pruning scenario...
  Pruned scenario in 2.337e-05 seconds.
Scenario constructed in 1.42 seconds.
  Connecting to CARLA on port 2000
  Map loaded in simulator.
  Generated scene in 1 iterations, 0.007565 seconds.
  Beginning simulation of top-level scenario...
  Ran simulation in 27.67 seconds.
Beginning scenario construction...
pygame 2.6.1 (SDL 2.28.4, Python 3.10.12)
Hello from the pygame community. https://www.pygame.org/contribute.html
  Loading cached version of road network...
  Loaded cached network in 0.13 seconds.
  Pruning scenario...
  Pruned scenario in 2.193e-05 seconds.
Scenario constructed in 1.43 seconds.
  Connecting to CARLA on port 2000
  Map loaded in simulator.
  Generated scene in 1 iterations, 0.007769 seconds.
  Beginning simulation of top-level scenario...
  Ran simulation in 27.37 seconds.
Beginning scenario construction...
pygame 2.6.1 (SDL 2.28.4, Python 3.10.12)
Hello from the pygame community. https://www.pygame.org/contribute.html
  Loading cached version of road network...
  Loaded cached network in 0.14 seconds.
  Pruning scenario...
  Pruned scenario in 2.193e-05 seconds.
Scenario constructed in 1.40 seconds.
  Connecting to CARLA on port 2000
  Map loaded in simulator.
  Generated scene in 1 iterations, 0.007627 seconds.
  Beginning simulation of top-level scenario...
  Ran simulation in 26.39 seconds.
Beginning scenario construction...
pygame 2.6.1 (SDL 2.28.4, Python 3.10.12)
Hello from the pygame community. https://www.pygame.org/contribute.html
  Loading cached version of road network...
  Loaded cached network in 0.14 seconds.
  Pruning scenario...
  Pruned scenario in 2.098e-05 seconds.
Scenario constructed in 1.40 seconds.
  Connecting to CARLA on port 2000
  Map loaded in simulator.
  Generated scene in 1 iterations, 0.00791 seconds.
  Beginning simulation of top-level scenario...
  Ran simulation in 28.66 seconds.
Beginning scenario construction...
pygame 2.6.1 (SDL 2.28.4, Python 3.10.12)
Hello from the pygame community. https://www.pygame.org/contribute.html
  Loading cached version of road network...
  Loaded cached network in 0.14 seconds.
  Pruning scenario...
  Pruned scenario in 2.217e-05 seconds.
Scenario constructed in 1.40 seconds.
  Connecting to CARLA on port 2000
  Map loaded in simulator.
  Generated scene in 1 iterations, 0.007686 seconds.
  Beginning simulation of top-level scenario...
  Ran simulation in 27.06 seconds.
Beginning scenario construction...
pygame 2.6.1 (SDL 2.28.4, Python 3.10.12)
Hello from the pygame community. https://www.pygame.org/contribute.html
  Loading cached version of road network...
  Loaded cached network in 0.14 seconds.
  Pruning scenario...
  Pruned scenario in 1.979e-05 seconds.
Scenario constructed in 1.42 seconds.
  Connecting to CARLA on port 2000
  Map loaded in simulator.
  Generated scene in 1 iterations, 0.007974 seconds.
  Beginning simulation of top-level scenario...
  Ran simulation in 27.39 seconds.
Beginning scenario construction...
pygame 2.6.1 (SDL 2.28.4, Python 3.10.12)
Hello from the pygame community. https://www.pygame.org/contribute.html
  Loading cached version of road network...
  Loaded cached network in 0.14 seconds.
  Pruning scenario...
  Pruned scenario in 2.217e-05 seconds.
Scenario constructed in 1.40 seconds.
  Connecting to CARLA on port 2000
  Map loaded in simulator.
  Generated scene in 1 iterations, 0.007971 seconds.
  Beginning simulation of top-level scenario...
  Ran simulation in 26.36 seconds.
Beginning scenario construction...
pygame 2.6.1 (SDL 2.28.4, Python 3.10.12)
Hello from the pygame community. https://www.pygame.org/contribute.html
  Loading cached version of road network...
  Loaded cached network in 0.14 seconds.
  Pruning scenario...
  Pruned scenario in 2.337e-05 seconds.
Scenario constructed in 1.43 seconds.
  Connecting to CARLA on port 2000
  Map loaded in simulator.
  Generated scene in 1 iterations, 0.007657 seconds.
  Beginning simulation of top-level scenario...
  Ran simulation in 29.24 seconds.
Beginning scenario construction...
pygame 2.6.1 (SDL 2.28.4, Python 3.10.12)
Hello from the pygame community. https://www.pygame.org/contribute.html
  Loading cached version of road network...
  Loaded cached network in 0.14 seconds.
  Pruning scenario...
  Pruned scenario in 2.766e-05 seconds.
Scenario constructed in 1.42 seconds.
  Connecting to CARLA on port 2000
  Map loaded in simulator.
  Generated scene in 1 iterations, 0.007618 seconds.
  Beginning simulation of top-level scenario...
  Ran simulation in 26.39 seconds.
Beginning scenario construction...
pygame 2.6.1 (SDL 2.28.4, Python 3.10.12)
Hello from the pygame community. https://www.pygame.org/contribute.html
  Loading cached version of road network...
  Loaded cached network in 0.14 seconds.
  Pruning scenario...
  Pruned scenario in 2.313e-05 seconds.
Scenario constructed in 1.41 seconds.
  Connecting to CARLA on port 2000
  Map loaded in simulator.
  Generated scene in 1 iterations, 0.007524 seconds.
  Beginning simulation of top-level scenario...
  Ran simulation in 27.47 seconds.
Beginning scenario construction...
pygame 2.6.1 (SDL 2.28.4, Python 3.10.12)
Hello from the pygame community. https://www.pygame.org/contribute.html
  Loading cached version of road network...
  Loaded cached network in 0.13 seconds.
  Pruning scenario...
  Pruned scenario in 2.241e-05 seconds.
Scenario constructed in 1.41 seconds.
  Connecting to CARLA on port 2000
  Map loaded in simulator.
  Generated scene in 1 iterations, 0.007739 seconds.
  Beginning simulation of top-level scenario...
  Ran simulation in 26.54 seconds.
Beginning scenario construction...
pygame 2.6.1 (SDL 2.28.4, Python 3.10.12)
Hello from the pygame community. https://www.pygame.org/contribute.html
  Loading cached version of road network...
  Loaded cached network in 0.13 seconds.
  Pruning scenario...
  Pruned scenario in 2.17e-05 seconds.
Scenario constructed in 1.41 seconds.
  Connecting to CARLA on port 2000
  Map loaded in simulator.
  Generated scene in 1 iterations, 0.007631 seconds.
  Beginning simulation of top-level scenario...
  Ran simulation in 30.3 seconds.
Beginning scenario construction...
pygame 2.6.1 (SDL 2.28.4, Python 3.10.12)
Hello from the pygame community. https://www.pygame.org/contribute.html
  Loading cached version of road network...
  Loaded cached network in 0.14 seconds.
  Pruning scenario...
  Pruned scenario in 2.074e-05 seconds.
Scenario constructed in 1.40 seconds.
  Connecting to CARLA on port 2000
  Map loaded in simulator.
  Generated scene in 1 iterations, 0.007503 seconds.
  Beginning simulation of top-level scenario...
  Ran simulation in 27.07 seconds.
Beginning scenario construction...
pygame 2.6.1 (SDL 2.28.4, Python 3.10.12)
Hello from the pygame community. https://www.pygame.org/contribute.html
  Loading cached version of road network...
  Loaded cached network in 0.13 seconds.
  Pruning scenario...
  Pruned scenario in 2.027e-05 seconds.
Scenario constructed in 1.40 seconds.
  Connecting to CARLA on port 2000
  Map loaded in simulator.
  Generated scene in 1 iterations, 0.007506 seconds.
  Beginning simulation of top-level scenario...
  Ran simulation in 25.24 seconds.
Beginning scenario construction...
pygame 2.6.1 (SDL 2.28.4, Python 3.10.12)
Hello from the pygame community. https://www.pygame.org/contribute.html
  Loading cached version of road network...
  Loaded cached network in 0.13 seconds.
  Pruning scenario...
  Pruned scenario in 2.408e-05 seconds.
Scenario constructed in 1.39 seconds.
  Connecting to CARLA on port 2000
  Map loaded in simulator.
  Generated scene in 1 iterations, 0.007736 seconds.
  Beginning simulation of top-level scenario...
  Ran simulation in 27.83 seconds.
Beginning scenario construction...
pygame 2.6.1 (SDL 2.28.4, Python 3.10.12)
Hello from the pygame community. https://www.pygame.org/contribute.html
  Loading cached version of road network...
  Loaded cached network in 0.14 seconds.
  Pruning scenario...
  Pruned scenario in 2.122e-05 seconds.
Scenario constructed in 1.42 seconds.
  Connecting to CARLA on port 2000
  Map loaded in simulator.
  Generated scene in 1 iterations, 0.007706 seconds.
  Beginning simulation of top-level scenario...
  Ran simulation in 25.8 seconds.
Beginning scenario construction...
pygame 2.6.1 (SDL 2.28.4, Python 3.10.12)
Hello from the pygame community. https://www.pygame.org/contribute.html
  Loading cached version of road network...
  Loaded cached network in 0.13 seconds.
  Pruning scenario...
  Pruned scenario in 2.17e-05 seconds.
Scenario constructed in 1.41 seconds.
  Connecting to CARLA on port 2000
  Map loaded in simulator.
  Generated scene in 1 iterations, 0.007579 seconds.
  Beginning simulation of top-level scenario...
  Ran simulation in 28.42 seconds.
Beginning scenario construction...
pygame 2.6.1 (SDL 2.28.4, Python 3.10.12)
Hello from the pygame community. https://www.pygame.org/contribute.html
  Loading cached version of road network...
  Loaded cached network in 0.13 seconds.
  Pruning scenario...
  Pruned scenario in 1.931e-05 seconds.
Scenario constructed in 1.39 seconds.
  Connecting to CARLA on port 2000
  Map loaded in simulator.
  Generated scene in 1 iterations, 0.007558 seconds.
  Beginning simulation of top-level scenario...
  Ran simulation in 28.39 seconds.
Beginning scenario construction...
pygame 2.6.1 (SDL 2.28.4, Python 3.10.12)
Hello from the pygame community. https://www.pygame.org/contribute.html
  Loading cached version of road network...
  Loaded cached network in 0.14 seconds.
  Pruning scenario...
  Pruned scenario in 1.955e-05 seconds.
Scenario constructed in 1.40 seconds.
  Connecting to CARLA on port 2000
  Map loaded in simulator.
  Generated scene in 1 iterations, 0.007914 seconds.
  Beginning simulation of top-level scenario...
  Ran simulation in 28.33 seconds.
Beginning scenario construction...
pygame 2.6.1 (SDL 2.28.4, Python 3.10.12)
Hello from the pygame community. https://www.pygame.org/contribute.html
  Loading cached version of road network...
  Loaded cached network in 0.13 seconds.
  Pruning scenario...
  Pruned scenario in 2.027e-05 seconds.
Scenario constructed in 1.42 seconds.
  Connecting to CARLA on port 2000
  Map loaded in simulator.
  Generated scene in 1 iterations, 0.007587 seconds.
  Beginning simulation of top-level scenario...
  Ran simulation in 28.28 seconds.
Beginning scenario construction...
pygame 2.6.1 (SDL 2.28.4, Python 3.10.12)
Hello from the pygame community. https://www.pygame.org/contribute.html
  Loading cached version of road network...
  Loaded cached network in 0.14 seconds.
  Pruning scenario...
  Pruned scenario in 2.193e-05 seconds.
Scenario constructed in 1.40 seconds.
  Connecting to CARLA on port 2000
  Map loaded in simulator.
  Generated scene in 1 iterations, 0.007751 seconds.
  Beginning simulation of top-level scenario...
  Ran simulation in 27.84 seconds.
Beginning scenario construction...
pygame 2.6.1 (SDL 2.28.4, Python 3.10.12)
Hello from the pygame community. https://www.pygame.org/contribute.html
  Loading cached version of road network...
  Loaded cached network in 0.14 seconds.
  Pruning scenario...
  Pruned scenario in 2.241e-05 seconds.
Scenario constructed in 1.41 seconds.
  Connecting to CARLA on port 2000
  Map loaded in simulator.
  Generated scene in 1 iterations, 0.007569 seconds.
  Beginning simulation of top-level scenario...
  Ran simulation in 27.7 seconds.
Beginning scenario construction...
pygame 2.6.1 (SDL 2.28.4, Python 3.10.12)
Hello from the pygame community. https://www.pygame.org/contribute.html
  Loading cached version of road network...
  Loaded cached network in 0.13 seconds.
  Pruning scenario...
  Pruned scenario in 1.931e-05 seconds.
Scenario constructed in 1.39 seconds.
  Connecting to CARLA on port 2000
  Map loaded in simulator.
  Generated scene in 1 iterations, 0.007634 seconds.
  Beginning simulation of top-level scenario...
  Ran simulation in 28.07 seconds.
Beginning scenario construction...
pygame 2.6.1 (SDL 2.28.4, Python 3.10.12)
Hello from the pygame community. https://www.pygame.org/contribute.html
  Loading cached version of road network...
  Loaded cached network in 0.14 seconds.
  Pruning scenario...
  Pruned scenario in 1.979e-05 seconds.
Scenario constructed in 1.39 seconds.
  Connecting to CARLA on port 2000
  Map loaded in simulator.
  Generated scene in 1 iterations, 0.007859 seconds.
  Beginning simulation of top-level scenario...
  Ran simulation in 27.15 seconds.
Beginning scenario construction...
pygame 2.6.1 (SDL 2.28.4, Python 3.10.12)
Hello from the pygame community. https://www.pygame.org/contribute.html
  Loading cached version of road network...
  Loaded cached network in 0.14 seconds.
  Pruning scenario...
  Pruned scenario in 2.265e-05 seconds.
Scenario constructed in 1.40 seconds.
  Connecting to CARLA on port 2000
  Map loaded in simulator.
  Generated scene in 1 iterations, 0.007477 seconds.
  Beginning simulation of top-level scenario...
  Ran simulation in 28.23 seconds.
Beginning scenario construction...
pygame 2.6.1 (SDL 2.28.4, Python 3.10.12)
Hello from the pygame community. https://www.pygame.org/contribute.html
  Loading cached version of road network...
  Loaded cached network in 0.13 seconds.
  Pruning scenario...
  Pruned scenario in 2.003e-05 seconds.
Scenario constructed in 1.39 seconds.
  Connecting to CARLA on port 2000
  Map loaded in simulator.
  Generated scene in 1 iterations, 0.007671 seconds.
  Beginning simulation of top-level scenario...
  Ran simulation in 28.51 seconds.
Beginning scenario construction...
pygame 2.6.1 (SDL 2.28.4, Python 3.10.12)
Hello from the pygame community. https://www.pygame.org/contribute.html
  Loading cached version of road network...
  Loaded cached network in 0.13 seconds.
  Pruning scenario...
  Pruned scenario in 2.193e-05 seconds.
Scenario constructed in 1.38 seconds.
  Connecting to CARLA on port 2000
  Map loaded in simulator.
  Generated scene in 1 iterations, 0.006698 seconds.
  Beginning simulation of top-level scenario...
  Ran simulation in 26.85 seconds.
Beginning scenario construction...
pygame 2.6.1 (SDL 2.28.4, Python 3.10.12)
Hello from the pygame community. https://www.pygame.org/contribute.html
  Loading cached version of road network...
  Loaded cached network in 0.14 seconds.
  Pruning scenario...
  Pruned scenario in 2.503e-05 seconds.
Scenario constructed in 1.41 seconds.
  Connecting to CARLA on port 2000
  Map loaded in simulator.
  Generated scene in 1 iterations, 0.00775 seconds.
  Beginning simulation of top-level scenario...
  Ran simulation in 27.99 seconds.
Beginning scenario construction...
pygame 2.6.1 (SDL 2.28.4, Python 3.10.12)
Hello from the pygame community. https://www.pygame.org/contribute.html
  Loading cached version of road network...
  Loaded cached network in 0.14 seconds.
  Pruning scenario...
  Pruned scenario in 2.313e-05 seconds.
Scenario constructed in 1.39 seconds.
  Connecting to CARLA on port 2000
  Map loaded in simulator.
  Generated scene in 1 iterations, 0.007609 seconds.
  Beginning simulation of top-level scenario...
  Ran simulation in 27.18 seconds.
Beginning scenario construction...
pygame 2.6.1 (SDL 2.28.4, Python 3.10.12)
Hello from the pygame community. https://www.pygame.org/contribute.html
  Loading cached version of road network...
  Loaded cached network in 0.14 seconds.
  Pruning scenario...
  Pruned scenario in 2.193e-05 seconds.
Scenario constructed in 1.42 seconds.
  Connecting to CARLA on port 2000
  Map loaded in simulator.
  Generated scene in 1 iterations, 0.007614 seconds.
  Beginning simulation of top-level scenario...
  Ran simulation in 28.09 seconds.
Beginning scenario construction...
pygame 2.6.1 (SDL 2.28.4, Python 3.10.12)
Hello from the pygame community. https://www.pygame.org/contribute.html
  Loading cached version of road network...
  Loaded cached network in 0.14 seconds.
  Pruning scenario...
  Pruned scenario in 2.265e-05 seconds.
Scenario constructed in 1.39 seconds.
  Connecting to CARLA on port 2000
  Map loaded in simulator.
  Generated scene in 1 iterations, 0.00768 seconds.
  Beginning simulation of top-level scenario...
  Ran simulation in 26.56 seconds.
Beginning scenario construction...
pygame 2.6.1 (SDL 2.28.4, Python 3.10.12)
Hello from the pygame community. https://www.pygame.org/contribute.html
  Loading cached version of road network...
  Loaded cached network in 0.14 seconds.
  Pruning scenario...
  Pruned scenario in 2.217e-05 seconds.
Scenario constructed in 1.41 seconds.
  Connecting to CARLA on port 2000
  Map loaded in simulator.
  Generated scene in 1 iterations, 0.007508 seconds.
  Beginning simulation of top-level scenario...
  Ran simulation in 28.13 seconds.
Beginning scenario construction...
pygame 2.6.1 (SDL 2.28.4, Python 3.10.12)
Hello from the pygame community. https://www.pygame.org/contribute.html
  Loading cached version of road network...
  Loaded cached network in 0.14 seconds.
  Pruning scenario...
  Pruned scenario in 2.193e-05 seconds.
Scenario constructed in 1.39 seconds.
  Connecting to CARLA on port 2000
  Map loaded in simulator.
  Generated scene in 1 iterations, 0.007707 seconds.
  Beginning simulation of top-level scenario...
  Ran simulation in 26.98 seconds.
Beginning scenario construction...
pygame 2.6.1 (SDL 2.28.4, Python 3.10.12)
Hello from the pygame community. https://www.pygame.org/contribute.html
  Loading cached version of road network...
  Loaded cached network in 0.14 seconds.
  Pruning scenario...
  Pruned scenario in 2.074e-05 seconds.
Scenario constructed in 1.41 seconds.
  Connecting to CARLA on port 2000
  Map loaded in simulator.
  Generated scene in 1 iterations, 0.007601 seconds.
  Beginning simulation of top-level scenario...
  Ran simulation in 26.89 seconds.
Beginning scenario construction...
pygame 2.6.1 (SDL 2.28.4, Python 3.10.12)
Hello from the pygame community. https://www.pygame.org/contribute.html
  Loading cached version of road network...
  Loaded cached network in 0.14 seconds.
  Pruning scenario...
  Pruned scenario in 2.217e-05 seconds.
Scenario constructed in 1.38 seconds.
  Connecting to CARLA on port 2000
  Map loaded in simulator.
  Generated scene in 1 iterations, 0.007979 seconds.
  Beginning simulation of top-level scenario...
  Ran simulation in 27.76 seconds.
Beginning scenario construction...
pygame 2.6.1 (SDL 2.28.4, Python 3.10.12)
Hello from the pygame community. https://www.pygame.org/contribute.html
  Loading cached version of road network...
  Loaded cached network in 0.14 seconds.
  Pruning scenario...
  Pruned scenario in 2.265e-05 seconds.
Scenario constructed in 1.40 seconds.
  Connecting to CARLA on port 2000
  Map loaded in simulator.
  Generated scene in 1 iterations, 0.007764 seconds.
  Beginning simulation of top-level scenario...
  Ran simulation in 27.91 seconds.
Beginning scenario construction...
pygame 2.6.1 (SDL 2.28.4, Python 3.10.12)
Hello from the pygame community. https://www.pygame.org/contribute.html
  Loading cached version of road network...
  Loaded cached network in 0.14 seconds.
  Pruning scenario...
  Pruned scenario in 2.146e-05 seconds.
Scenario constructed in 1.40 seconds.
  Connecting to CARLA on port 2000
  Map loaded in simulator.
  Generated scene in 1 iterations, 0.006986 seconds.
  Beginning simulation of top-level scenario...
  Ran simulation in 26.72 seconds.
Beginning scenario construction...
pygame 2.6.1 (SDL 2.28.4, Python 3.10.12)
Hello from the pygame community. https://www.pygame.org/contribute.html
  Loading cached version of road network...
  Loaded cached network in 0.13 seconds.
  Pruning scenario...
  Pruned scenario in 2.456e-05 seconds.
Scenario constructed in 1.41 seconds.
  Connecting to CARLA on port 2000
  Map loaded in simulator.
  Generated scene in 1 iterations, 0.007807 seconds.
  Beginning simulation of top-level scenario...
  Ran simulation in 27.55 seconds.
Beginning scenario construction...
pygame 2.6.1 (SDL 2.28.4, Python 3.10.12)
Hello from the pygame community. https://www.pygame.org/contribute.html
  Loading cached version of road network...
  Loaded cached network in 0.14 seconds.
  Pruning scenario...
  Pruned scenario in 1.955e-05 seconds.
Scenario constructed in 1.40 seconds.
  Connecting to CARLA on port 2000
  Map loaded in simulator.
  Generated scene in 1 iterations, 0.006787 seconds.
  Beginning simulation of top-level scenario...
  Ran simulation in 27.22 seconds.
Beginning scenario construction...
pygame 2.6.1 (SDL 2.28.4, Python 3.10.12)
Hello from the pygame community. https://www.pygame.org/contribute.html
  Loading cached version of road network...
  Loaded cached network in 0.13 seconds.
  Pruning scenario...
  Pruned scenario in 2.313e-05 seconds.
Scenario constructed in 1.40 seconds.
  Connecting to CARLA on port 2000
  Map loaded in simulator.
  Generated scene in 1 iterations, 0.007075 seconds.
  Beginning simulation of top-level scenario...
  Ran simulation in 28.72 seconds.
Beginning scenario construction...
pygame 2.6.1 (SDL 2.28.4, Python 3.10.12)
Hello from the pygame community. https://www.pygame.org/contribute.html
  Loading cached version of road network...
  Loaded cached network in 0.13 seconds.
  Pruning scenario...
  Pruned scenario in 2.074e-05 seconds.
Scenario constructed in 1.38 seconds.
  Connecting to CARLA on port 2000
  Map loaded in simulator.
  Generated scene in 1 iterations, 0.006775 seconds.
  Beginning simulation of top-level scenario...
  Ran simulation in 29.32 seconds.
Beginning scenario construction...
pygame 2.6.1 (SDL 2.28.4, Python 3.10.12)
Hello from the pygame community. https://www.pygame.org/contribute.html
  Loading cached version of road network...
  Loaded cached network in 0.14 seconds.
  Pruning scenario...
  Pruned scenario in 2.17e-05 seconds.
Scenario constructed in 1.41 seconds.
  Connecting to CARLA on port 2000
  Map loaded in simulator.
  Generated scene in 1 iterations, 0.007692 seconds.
  Beginning simulation of top-level scenario...
  Ran simulation in 26.42 seconds.
Beginning scenario construction...
pygame 2.6.1 (SDL 2.28.4, Python 3.10.12)
Hello from the pygame community. https://www.pygame.org/contribute.html
  Loading cached version of road network...
  Loaded cached network in 0.14 seconds.
  Pruning scenario...
  Pruned scenario in 1.931e-05 seconds.
Scenario constructed in 1.40 seconds.
  Connecting to CARLA on port 2000
  Map loaded in simulator.
  Generated scene in 1 iterations, 0.007644 seconds.
  Beginning simulation of top-level scenario...
  Ran simulation in 27.24 seconds.
Beginning scenario construction...
pygame 2.6.1 (SDL 2.28.4, Python 3.10.12)
Hello from the pygame community. https://www.pygame.org/contribute.html
  Loading cached version of road network...
  Loaded cached network in 0.14 seconds.
  Pruning scenario...
  Pruned scenario in 2.146e-05 seconds.
Scenario constructed in 1.43 seconds.
  Connecting to CARLA on port 2000
  Map loaded in simulator.
  Generated scene in 1 iterations, 0.00761 seconds.
  Beginning simulation of top-level scenario...
  Ran simulation in 28.02 seconds.
Beginning scenario construction...
pygame 2.6.1 (SDL 2.28.4, Python 3.10.12)
Hello from the pygame community. https://www.pygame.org/contribute.html
  Loading cached version of road network...
  Loaded cached network in 0.14 seconds.
  Pruning scenario...
  Pruned scenario in 2.122e-05 seconds.
Scenario constructed in 1.38 seconds.
  Connecting to CARLA on port 2000
  Map loaded in simulator.
  Generated scene in 1 iterations, 0.007755 seconds.
  Beginning simulation of top-level scenario...
  Ran simulation in 26 seconds.
Beginning scenario construction...
pygame 2.6.1 (SDL 2.28.4, Python 3.10.12)
Hello from the pygame community. https://www.pygame.org/contribute.html
  Loading cached version of road network...
  Loaded cached network in 0.13 seconds.
  Pruning scenario...
  Pruned scenario in 2.456e-05 seconds.
Scenario constructed in 1.41 seconds.
  Connecting to CARLA on port 2000
  Map loaded in simulator.
  Generated scene in 1 iterations, 0.007592 seconds.
  Beginning simulation of top-level scenario...
  Ran simulation in 27.95 seconds.
Beginning scenario construction...
pygame 2.6.1 (SDL 2.28.4, Python 3.10.12)
Hello from the pygame community. https://www.pygame.org/contribute.html
  Loading cached version of road network...
  Loaded cached network in 0.14 seconds.
  Pruning scenario...
  Pruned scenario in 1.836e-05 seconds.
Scenario constructed in 1.40 seconds.
  Connecting to CARLA on port 2000
  Map loaded in simulator.
  Generated scene in 1 iterations, 0.007766 seconds.
  Beginning simulation of top-level scenario...
  Ran simulation in 28.35 seconds.
Beginning scenario construction...
pygame 2.6.1 (SDL 2.28.4, Python 3.10.12)
Hello from the pygame community. https://www.pygame.org/contribute.html
  Loading cached version of road network...
  Loaded cached network in 0.13 seconds.
  Pruning scenario...
  Pruned scenario in 2.027e-05 seconds.
Scenario constructed in 1.41 seconds.
  Connecting to CARLA on port 2000
  Map loaded in simulator.
  Generated scene in 1 iterations, 0.006714 seconds.
  Beginning simulation of top-level scenario...
  Ran simulation in 26.71 seconds.
Beginning scenario construction...
pygame 2.6.1 (SDL 2.28.4, Python 3.10.12)
Hello from the pygame community. https://www.pygame.org/contribute.html
  Loading cached version of road network...
  Loaded cached network in 0.13 seconds.
  Pruning scenario...
  Pruned scenario in 2.885e-05 seconds.
Scenario constructed in 1.40 seconds.
  Connecting to CARLA on port 2000
  Map loaded in simulator.
  Generated scene in 1 iterations, 0.007617 seconds.
  Beginning simulation of top-level scenario...
  Ran simulation in 27.59 seconds.
Beginning scenario construction...
pygame 2.6.1 (SDL 2.28.4, Python 3.10.12)
Hello from the pygame community. https://www.pygame.org/contribute.html
  Loading cached version of road network...
  Loaded cached network in 0.14 seconds.
  Pruning scenario...
  Pruned scenario in 2.48e-05 seconds.
Scenario constructed in 1.40 seconds.
  Connecting to CARLA on port 2000
  Map loaded in simulator.
  Generated scene in 1 iterations, 0.007778 seconds.
  Beginning simulation of top-level scenario...
  Ran simulation in 28.44 seconds.
Beginning scenario construction...
pygame 2.6.1 (SDL 2.28.4, Python 3.10.12)
Hello from the pygame community. https://www.pygame.org/contribute.html
  Loading cached version of road network...
  Loaded cached network in 0.14 seconds.
  Pruning scenario...
  Pruned scenario in 1.979e-05 seconds.
Scenario constructed in 1.39 seconds.
  Connecting to CARLA on port 2000
  Map loaded in simulator.
  Generated scene in 1 iterations, 0.007726 seconds.
  Beginning simulation of top-level scenario...
  Ran simulation in 26.28 seconds.
Beginning scenario construction...
pygame 2.6.1 (SDL 2.28.4, Python 3.10.12)
Hello from the pygame community. https://www.pygame.org/contribute.html
  Loading cached version of road network...
  Loaded cached network in 0.13 seconds.
  Pruning scenario...
  Pruned scenario in 1.955e-05 seconds.
Scenario constructed in 1.40 seconds.
  Connecting to CARLA on port 2000
  Map loaded in simulator.
  Generated scene in 1 iterations, 0.007724 seconds.
  Beginning simulation of top-level scenario...
  Ran simulation in 27.75 seconds.
Beginning scenario construction...
pygame 2.6.1 (SDL 2.28.4, Python 3.10.12)
Hello from the pygame community. https://www.pygame.org/contribute.html
  Loading cached version of road network...
  Loaded cached network in 0.14 seconds.
  Pruning scenario...
  Pruned scenario in 2.289e-05 seconds.
Scenario constructed in 1.42 seconds.
  Connecting to CARLA on port 2000
  Map loaded in simulator.
  Generated scene in 1 iterations, 0.007773 seconds.
  Beginning simulation of top-level scenario...
  Ran simulation in 26.74 seconds.
Beginning scenario construction...
pygame 2.6.1 (SDL 2.28.4, Python 3.10.12)
Hello from the pygame community. https://www.pygame.org/contribute.html
  Loading cached version of road network...
  Loaded cached network in 0.14 seconds.
  Pruning scenario...
  Pruned scenario in 1.979e-05 seconds.
Scenario constructed in 1.40 seconds.
  Connecting to CARLA on port 2000
  Map loaded in simulator.
  Generated scene in 1 iterations, 0.006815 seconds.
  Beginning simulation of top-level scenario...
  Ran simulation in 26.34 seconds.
Beginning scenario construction...
pygame 2.6.1 (SDL 2.28.4, Python 3.10.12)
Hello from the pygame community. https://www.pygame.org/contribute.html
  Loading cached version of road network...
  Loaded cached network in 0.14 seconds.
  Pruning scenario...
  Pruned scenario in 2.193e-05 seconds.
Scenario constructed in 1.42 seconds.
  Connecting to CARLA on port 2000
  Map loaded in simulator.
  Generated scene in 1 iterations, 0.006854 seconds.
  Beginning simulation of top-level scenario...
  Ran simulation in 30.11 seconds.
Beginning scenario construction...
pygame 2.6.1 (SDL 2.28.4, Python 3.10.12)
Hello from the pygame community. https://www.pygame.org/contribute.html
  Loading cached version of road network...
  Loaded cached network in 0.13 seconds.
  Pruning scenario...
  Pruned scenario in 2.122e-05 seconds.
Scenario constructed in 1.39 seconds.
  Connecting to CARLA on port 2000
  Map loaded in simulator.
  Generated scene in 1 iterations, 0.007514 seconds.
  Beginning simulation of top-level scenario...
  Ran simulation in 27.4 seconds.
Beginning scenario construction...
pygame 2.6.1 (SDL 2.28.4, Python 3.10.12)
Hello from the pygame community. https://www.pygame.org/contribute.html
  Loading cached version of road network...
  Loaded cached network in 0.14 seconds.
  Pruning scenario...
  Pruned scenario in 2.241e-05 seconds.
Scenario constructed in 1.39 seconds.
  Connecting to CARLA on port 2000
  Map loaded in simulator.
  Generated scene in 1 iterations, 0.007649 seconds.
  Beginning simulation of top-level scenario...
  Ran simulation in 28.24 seconds.
Beginning scenario construction...
pygame 2.6.1 (SDL 2.28.4, Python 3.10.12)
Hello from the pygame community. https://www.pygame.org/contribute.html
  Loading cached version of road network...
  Loaded cached network in 0.14 seconds.
  Pruning scenario...
  Pruned scenario in 2.122e-05 seconds.
Scenario constructed in 1.40 seconds.
  Connecting to CARLA on port 2000
  Map loaded in simulator.
  Generated scene in 1 iterations, 0.007708 seconds.
  Beginning simulation of top-level scenario...
  Ran simulation in 27.16 seconds.
Beginning scenario construction...
pygame 2.6.1 (SDL 2.28.4, Python 3.10.12)
Hello from the pygame community. https://www.pygame.org/contribute.html
  Loading cached version of road network...
  Loaded cached network in 0.13 seconds.
  Pruning scenario...
  Pruned scenario in 2.193e-05 seconds.
Scenario constructed in 1.38 seconds.
  Connecting to CARLA on port 2000
  Map loaded in simulator.
  Generated scene in 1 iterations, 0.007668 seconds.
  Beginning simulation of top-level scenario...
  Ran simulation in 26.81 seconds.
Beginning scenario construction...
pygame 2.6.1 (SDL 2.28.4, Python 3.10.12)
Hello from the pygame community. https://www.pygame.org/contribute.html
  Loading cached version of road network...
  Loaded cached network in 0.14 seconds.
  Pruning scenario...
  Pruned scenario in 2.289e-05 seconds.
Scenario constructed in 1.41 seconds.
  Connecting to CARLA on port 2000
  Map loaded in simulator.
  Generated scene in 1 iterations, 0.007658 seconds.
  Beginning simulation of top-level scenario...
  Ran simulation in 26.7 seconds.
Beginning scenario construction...
pygame 2.6.1 (SDL 2.28.4, Python 3.10.12)
Hello from the pygame community. https://www.pygame.org/contribute.html
  Loading cached version of road network...
  Loaded cached network in 0.14 seconds.
  Pruning scenario...
  Pruned scenario in 2.122e-05 seconds.
Scenario constructed in 1.39 seconds.
  Connecting to CARLA on port 2000
  Map loaded in simulator.
  Generated scene in 1 iterations, 0.007661 seconds.
  Beginning simulation of top-level scenario...
  Ran simulation in 25.97 seconds.
Beginning scenario construction...
pygame 2.6.1 (SDL 2.28.4, Python 3.10.12)
Hello from the pygame community. https://www.pygame.org/contribute.html
  Loading cached version of road network...
  Loaded cached network in 0.14 seconds.
  Pruning scenario...
  Pruned scenario in 2.241e-05 seconds.
Scenario constructed in 1.40 seconds.
  Connecting to CARLA on port 2000
  Map loaded in simulator.
  Generated scene in 1 iterations, 0.007557 seconds.
  Beginning simulation of top-level scenario...
  Ran simulation in 26.66 seconds.
Beginning scenario construction...
pygame 2.6.1 (SDL 2.28.4, Python 3.10.12)
Hello from the pygame community. https://www.pygame.org/contribute.html
  Loading cached version of road network...
  Loaded cached network in 0.14 seconds.
  Pruning scenario...
  Pruned scenario in 2.17e-05 seconds.
Scenario constructed in 1.38 seconds.
  Connecting to CARLA on port 2000
  Map loaded in simulator.
  Generated scene in 1 iterations, 0.007619 seconds.
  Beginning simulation of top-level scenario...
  Ran simulation in 27.71 seconds.
Beginning scenario construction...
pygame 2.6.1 (SDL 2.28.4, Python 3.10.12)
Hello from the pygame community. https://www.pygame.org/contribute.html
  Loading cached version of road network...
  Loaded cached network in 0.14 seconds.
  Pruning scenario...
  Pruned scenario in 2.17e-05 seconds.
Scenario constructed in 1.40 seconds.
  Connecting to CARLA on port 2000
  Map loaded in simulator.
  Generated scene in 1 iterations, 0.007697 seconds.
  Beginning simulation of top-level scenario...
  Ran simulation in 26.89 seconds.
Beginning scenario construction...
pygame 2.6.1 (SDL 2.28.4, Python 3.10.12)
Hello from the pygame community. https://www.pygame.org/contribute.html
  Loading cached version of road network...
  Loaded cached network in 0.14 seconds.
  Pruning scenario...
  Pruned scenario in 2.122e-05 seconds.
Scenario constructed in 1.40 seconds.
  Connecting to CARLA on port 2000
  Map loaded in simulator.
  Generated scene in 1 iterations, 0.007536 seconds.
  Beginning simulation of top-level scenario...
  Ran simulation in 26.9 seconds.
Beginning scenario construction...
pygame 2.6.1 (SDL 2.28.4, Python 3.10.12)
Hello from the pygame community. https://www.pygame.org/contribute.html
  Loading cached version of road network...
  Loaded cached network in 0.14 seconds.
  Pruning scenario...
  Pruned scenario in 2.027e-05 seconds.
Scenario constructed in 1.43 seconds.
  Connecting to CARLA on port 2000
  Map loaded in simulator.
  Generated scene in 1 iterations, 0.007711 seconds.
  Beginning simulation of top-level scenario...
  Ran simulation in 27.53 seconds.
Beginning scenario construction...
pygame 2.6.1 (SDL 2.28.4, Python 3.10.12)
Hello from the pygame community. https://www.pygame.org/contribute.html
  Loading cached version of road network...
  Loaded cached network in 0.13 seconds.
  Pruning scenario...
  Pruned scenario in 2.17e-05 seconds.
Scenario constructed in 1.39 seconds.
  Connecting to CARLA on port 2000
  Map loaded in simulator.
  Generated scene in 1 iterations, 0.007604 seconds.
  Beginning simulation of top-level scenario...
  Ran simulation in 26.86 seconds.
Beginning scenario construction...
pygame 2.6.1 (SDL 2.28.4, Python 3.10.12)
Hello from the pygame community. https://www.pygame.org/contribute.html
  Loading cached version of road network...
  Loaded cached network in 0.13 seconds.
  Pruning scenario...
  Pruned scenario in 2.384e-05 seconds.
Scenario constructed in 1.40 seconds.
  Connecting to CARLA on port 2000
  Map loaded in simulator.
  Generated scene in 1 iterations, 0.007596 seconds.
  Beginning simulation of top-level scenario...
  Ran simulation in 27.77 seconds.
Beginning scenario construction...
pygame 2.6.1 (SDL 2.28.4, Python 3.10.12)
Hello from the pygame community. https://www.pygame.org/contribute.html
  Loading cached version of road network...
  Loaded cached network in 0.13 seconds.
  Pruning scenario...
  Pruned scenario in 1.931e-05 seconds.
Scenario constructed in 1.38 seconds.
  Connecting to CARLA on port 2000
  Map loaded in simulator.
  Generated scene in 1 iterations, 0.007591 seconds.
  Beginning simulation of top-level scenario...
  Ran simulation in 26.7 seconds.
Beginning scenario construction...
pygame 2.6.1 (SDL 2.28.4, Python 3.10.12)
Hello from the pygame community. https://www.pygame.org/contribute.html
  Loading cached version of road network...
  Loaded cached network in 0.14 seconds.
  Pruning scenario...
  Pruned scenario in 2.193e-05 seconds.
Scenario constructed in 1.41 seconds.
  Connecting to CARLA on port 2000
  Map loaded in simulator.
  Generated scene in 1 iterations, 0.007509 seconds.
  Beginning simulation of top-level scenario...
  Ran simulation in 27.68 seconds.
Beginning scenario construction...
pygame 2.6.1 (SDL 2.28.4, Python 3.10.12)
Hello from the pygame community. https://www.pygame.org/contribute.html
  Loading cached version of road network...
  Loaded cached network in 0.14 seconds.
  Pruning scenario...
  Pruned scenario in 2.074e-05 seconds.
Scenario constructed in 1.39 seconds.
  Connecting to CARLA on port 2000
  Map loaded in simulator.
  Generated scene in 1 iterations, 0.00763 seconds.
  Beginning simulation of top-level scenario...
  Ran simulation in 27.22 seconds.
Beginning scenario construction...
pygame 2.6.1 (SDL 2.28.4, Python 3.10.12)
Hello from the pygame community. https://www.pygame.org/contribute.html
  Loading cached version of road network...
  Loaded cached network in 0.14 seconds.
  Pruning scenario...
  Pruned scenario in 1.884e-05 seconds.
Scenario constructed in 1.41 seconds.
  Connecting to CARLA on port 2000
  Map loaded in simulator.
  Generated scene in 1 iterations, 0.007896 seconds.
  Beginning simulation of top-level scenario...
  Ran simulation in 27.52 seconds.
Beginning scenario construction...
pygame 2.6.1 (SDL 2.28.4, Python 3.10.12)
Hello from the pygame community. https://www.pygame.org/contribute.html
  Loading cached version of road network...
  Loaded cached network in 0.13 seconds.
  Pruning scenario...
  Pruned scenario in 2.217e-05 seconds.
Scenario constructed in 1.38 seconds.
  Connecting to CARLA on port 2000
  Map loaded in simulator.
  Generated scene in 1 iterations, 0.007913 seconds.
  Beginning simulation of top-level scenario...
  Ran simulation in 27.81 seconds.
Beginning scenario construction...
pygame 2.6.1 (SDL 2.28.4, Python 3.10.12)
Hello from the pygame community. https://www.pygame.org/contribute.html
  Loading cached version of road network...
  Loaded cached network in 0.14 seconds.
  Pruning scenario...
  Pruned scenario in 2.193e-05 seconds.
Scenario constructed in 1.40 seconds.
  Connecting to CARLA on port 2000
  Map loaded in simulator.
  Generated scene in 1 iterations, 0.007641 seconds.
  Beginning simulation of top-level scenario...
  Ran simulation in 26.55 seconds.
Beginning scenario construction...
pygame 2.6.1 (SDL 2.28.4, Python 3.10.12)
Hello from the pygame community. https://www.pygame.org/contribute.html
  Loading cached version of road network...
  Loaded cached network in 0.14 seconds.
  Pruning scenario...
  Pruned scenario in 2.241e-05 seconds.
Scenario constructed in 1.40 seconds.
  Connecting to CARLA on port 2000
  Map loaded in simulator.
  Generated scene in 1 iterations, 0.007591 seconds.
  Beginning simulation of top-level scenario...
  Ran simulation in 27.04 seconds.
Beginning scenario construction...
pygame 2.6.1 (SDL 2.28.4, Python 3.10.12)
Hello from the pygame community. https://www.pygame.org/contribute.html
  Loading cached version of road network...
  Loaded cached network in 0.13 seconds.
  Pruning scenario...
  Pruned scenario in 2.074e-05 seconds.
Scenario constructed in 1.40 seconds.
  Connecting to CARLA on port 2000
  Map loaded in simulator.
  Generated scene in 1 iterations, 0.007679 seconds.
  Beginning simulation of top-level scenario...
  Ran simulation in 26.27 seconds.
Beginning scenario construction...
pygame 2.6.1 (SDL 2.28.4, Python 3.10.12)
Hello from the pygame community. https://www.pygame.org/contribute.html
  Loading cached version of road network...
  Loaded cached network in 0.13 seconds.
  Pruning scenario...
  Pruned scenario in 2.146e-05 seconds.
Scenario constructed in 1.39 seconds.
  Connecting to CARLA on port 2000
  Map loaded in simulator.
  Generated scene in 1 iterations, 0.006899 seconds.
  Beginning simulation of top-level scenario...
  Ran simulation in 28.2 seconds.
Beginning scenario construction...
pygame 2.6.1 (SDL 2.28.4, Python 3.10.12)
Hello from the pygame community. https://www.pygame.org/contribute.html
  Loading cached version of road network...
  Loaded cached network in 0.14 seconds.
  Pruning scenario...
  Pruned scenario in 1.907e-05 seconds.
Scenario constructed in 1.40 seconds.
  Connecting to CARLA on port 2000
  Map loaded in simulator.
  Generated scene in 1 iterations, 0.007746 seconds.
  Beginning simulation of top-level scenario...
  Ran simulation in 27.29 seconds.
Beginning scenario construction...
pygame 2.6.1 (SDL 2.28.4, Python 3.10.12)
Hello from the pygame community. https://www.pygame.org/contribute.html
  Loading cached version of road network...
  Loaded cached network in 0.13 seconds.
  Pruning scenario...
  Pruned scenario in 2.05e-05 seconds.
Scenario constructed in 1.39 seconds.
  Connecting to CARLA on port 2000
  Map loaded in simulator.
  Generated scene in 1 iterations, 0.007627 seconds.
  Beginning simulation of top-level scenario...
  Ran simulation in 25.62 seconds.
Beginning scenario construction...
pygame 2.6.1 (SDL 2.28.4, Python 3.10.12)
Hello from the pygame community. https://www.pygame.org/contribute.html
  Loading cached version of road network...
  Loaded cached network in 0.14 seconds.
  Pruning scenario...
  Pruned scenario in 2.122e-05 seconds.
Scenario constructed in 1.40 seconds.
  Connecting to CARLA on port 2000
  Map loaded in simulator.
  Generated scene in 1 iterations, 0.007625 seconds.
  Beginning simulation of top-level scenario...
  Ran simulation in 26.82 seconds.
Beginning scenario construction...
pygame 2.6.1 (SDL 2.28.4, Python 3.10.12)
Hello from the pygame community. https://www.pygame.org/contribute.html
  Loading cached version of road network...
  Loaded cached network in 0.13 seconds.
  Pruning scenario...
  Pruned scenario in 2.217e-05 seconds.
Scenario constructed in 1.39 seconds.
  Connecting to CARLA on port 2000
  Map loaded in simulator.
  Generated scene in 1 iterations, 0.007594 seconds.
  Beginning simulation of top-level scenario...
  Ran simulation in 27.43 seconds.
Beginning scenario construction...
pygame 2.6.1 (SDL 2.28.4, Python 3.10.12)
Hello from the pygame community. https://www.pygame.org/contribute.html
  Loading cached version of road network...
  Loaded cached network in 0.14 seconds.
  Pruning scenario...
  Pruned scenario in 2.408e-05 seconds.
Scenario constructed in 1.41 seconds.
  Connecting to CARLA on port 2000
  Map loaded in simulator.
  Generated scene in 1 iterations, 0.007941 seconds.
  Beginning simulation of top-level scenario...
  Ran simulation in 28.68 seconds.
Beginning scenario construction...
pygame 2.6.1 (SDL 2.28.4, Python 3.10.12)
Hello from the pygame community. https://www.pygame.org/contribute.html
  Loading cached version of road network...
  Loaded cached network in 0.14 seconds.
  Pruning scenario...
  Pruned scenario in 2.193e-05 seconds.
Scenario constructed in 1.40 seconds.
  Connecting to CARLA on port 2000
  Map loaded in simulator.
  Generated scene in 1 iterations, 0.007847 seconds.
  Beginning simulation of top-level scenario...
  Ran simulation in 26.72 seconds.
Beginning scenario construction...
pygame 2.6.1 (SDL 2.28.4, Python 3.10.12)
Hello from the pygame community. https://www.pygame.org/contribute.html
  Loading cached version of road network...
  Loaded cached network in 0.13 seconds.
  Pruning scenario...
  Pruned scenario in 2.098e-05 seconds.
Scenario constructed in 1.39 seconds.
  Connecting to CARLA on port 2000
  Map loaded in simulator.
  Generated scene in 1 iterations, 0.007632 seconds.
  Beginning simulation of top-level scenario...
  Ran simulation in 26.41 seconds.
Beginning scenario construction...
pygame 2.6.1 (SDL 2.28.4, Python 3.10.12)
Hello from the pygame community. https://www.pygame.org/contribute.html
  Loading cached version of road network...
  Loaded cached network in 0.14 seconds.
  Pruning scenario...
  Pruned scenario in 2.241e-05 seconds.
Scenario constructed in 1.40 seconds.
  Connecting to CARLA on port 2000
  Map loaded in simulator.
  Generated scene in 1 iterations, 0.006765 seconds.
  Beginning simulation of top-level scenario...
  Ran simulation in 26.03 seconds.
Beginning scenario construction...
pygame 2.6.1 (SDL 2.28.4, Python 3.10.12)
Hello from the pygame community. https://www.pygame.org/contribute.html
  Loading cached version of road network...
  Loaded cached network in 0.14 seconds.
  Pruning scenario...
  Pruned scenario in 2.265e-05 seconds.
Scenario constructed in 1.40 seconds.
  Connecting to CARLA on port 2000
  Map loaded in simulator.
  Generated scene in 1 iterations, 0.007765 seconds.
  Beginning simulation of top-level scenario...
  Ran simulation in 26.14 seconds.
Beginning scenario construction...
pygame 2.6.1 (SDL 2.28.4, Python 3.10.12)
Hello from the pygame community. https://www.pygame.org/contribute.html
  Loading cached version of road network...
  Loaded cached network in 0.14 seconds.
  Pruning scenario...
  Pruned scenario in 2.027e-05 seconds.
Scenario constructed in 1.40 seconds.
  Connecting to CARLA on port 2000
  Map loaded in simulator.
  Generated scene in 1 iterations, 0.007891 seconds.
  Beginning simulation of top-level scenario...
  Ran simulation in 27.15 seconds.
Beginning scenario construction...
pygame 2.6.1 (SDL 2.28.4, Python 3.10.12)
Hello from the pygame community. https://www.pygame.org/contribute.html
  Loading cached version of road network...
  Loaded cached network in 0.14 seconds.
  Pruning scenario...
  Pruned scenario in 2.098e-05 seconds.
Scenario constructed in 1.40 seconds.
  Connecting to CARLA on port 2000
  Map loaded in simulator.
  Generated scene in 1 iterations, 0.007606 seconds.
  Beginning simulation of top-level scenario...
  Ran simulation in 27.67 seconds.
Beginning scenario construction...
pygame 2.6.1 (SDL 2.28.4, Python 3.10.12)
Hello from the pygame community. https://www.pygame.org/contribute.html
  Loading cached version of road network...
  Loaded cached network in 0.14 seconds.
  Pruning scenario...
  Pruned scenario in 2.289e-05 seconds.
Scenario constructed in 1.39 seconds.
  Connecting to CARLA on port 2000
  Map loaded in simulator.
  Generated scene in 1 iterations, 0.007574 seconds.
  Beginning simulation of top-level scenario...
  Ran simulation in 25.7 seconds.
Beginning scenario construction...
pygame 2.6.1 (SDL 2.28.4, Python 3.10.12)
Hello from the pygame community. https://www.pygame.org/contribute.html
  Loading cached version of road network...
  Loaded cached network in 0.14 seconds.
  Pruning scenario...
  Pruned scenario in 1.955e-05 seconds.
Scenario constructed in 1.40 seconds.
  Connecting to CARLA on port 2000
  Map loaded in simulator.
  Generated scene in 1 iterations, 0.007531 seconds.
  Beginning simulation of top-level scenario...
  Ran simulation in 27.65 seconds.
Beginning scenario construction...
pygame 2.6.1 (SDL 2.28.4, Python 3.10.12)
Hello from the pygame community. https://www.pygame.org/contribute.html
  Loading cached version of road network...
  Loaded cached network in 0.13 seconds.
  Pruning scenario...
  Pruned scenario in 1.931e-05 seconds.
Scenario constructed in 1.39 seconds.
  Connecting to CARLA on port 2000
  Map loaded in simulator.
  Generated scene in 1 iterations, 0.007828 seconds.
  Beginning simulation of top-level scenario...
  Ran simulation in 27.25 seconds.
Beginning scenario construction...
pygame 2.6.1 (SDL 2.28.4, Python 3.10.12)
Hello from the pygame community. https://www.pygame.org/contribute.html
  Loading cached version of road network...
  Loaded cached network in 0.14 seconds.
  Pruning scenario...
  Pruned scenario in 2.17e-05 seconds.
Scenario constructed in 1.40 seconds.
  Connecting to CARLA on port 2000
  Map loaded in simulator.
  Generated scene in 1 iterations, 0.007613 seconds.
  Beginning simulation of top-level scenario...
  Ran simulation in 28.03 seconds.
Beginning scenario construction...
pygame 2.6.1 (SDL 2.28.4, Python 3.10.12)
Hello from the pygame community. https://www.pygame.org/contribute.html
  Loading cached version of road network...
  Loaded cached network in 0.14 seconds.
  Pruning scenario...
  Pruned scenario in 2.027e-05 seconds.
Scenario constructed in 1.40 seconds.
  Connecting to CARLA on port 2000
  Map loaded in simulator.
  Generated scene in 1 iterations, 0.007539 seconds.
  Beginning simulation of top-level scenario...
  Ran simulation in 26.85 seconds.
Beginning scenario construction...
pygame 2.6.1 (SDL 2.28.4, Python 3.10.12)
Hello from the pygame community. https://www.pygame.org/contribute.html
  Loading cached version of road network...
  Loaded cached network in 0.14 seconds.
  Pruning scenario...
  Pruned scenario in 2.289e-05 seconds.
Scenario constructed in 1.39 seconds.
  Connecting to CARLA on port 2000
  Map loaded in simulator.
  Generated scene in 1 iterations, 0.00769 seconds.
  Beginning simulation of top-level scenario...
  Ran simulation in 26.62 seconds.
Beginning scenario construction...
pygame 2.6.1 (SDL 2.28.4, Python 3.10.12)
Hello from the pygame community. https://www.pygame.org/contribute.html
  Loading cached version of road network...
  Loaded cached network in 0.13 seconds.
  Pruning scenario...
  Pruned scenario in 2.074e-05 seconds.
Scenario constructed in 1.39 seconds.
  Connecting to CARLA on port 2000
  Map loaded in simulator.
  Generated scene in 1 iterations, 0.007705 seconds.
  Beginning simulation of top-level scenario...
  Ran simulation in 28.86 seconds.
Beginning scenario construction...
pygame 2.6.1 (SDL 2.28.4, Python 3.10.12)
Hello from the pygame community. https://www.pygame.org/contribute.html
  Loading cached version of road network...
  Loaded cached network in 0.13 seconds.
  Pruning scenario...
  Pruned scenario in 2.646e-05 seconds.
Scenario constructed in 1.41 seconds.
  Connecting to CARLA on port 2000
  Map loaded in simulator.
  Generated scene in 1 iterations, 0.007569 seconds.
  Beginning simulation of top-level scenario...
  Ran simulation in 27.6 seconds.
Beginning scenario construction...
pygame 2.6.1 (SDL 2.28.4, Python 3.10.12)
Hello from the pygame community. https://www.pygame.org/contribute.html
  Loading cached version of road network...
  Loaded cached network in 0.14 seconds.
  Pruning scenario...
  Pruned scenario in 1.931e-05 seconds.
Scenario constructed in 1.38 seconds.
  Connecting to CARLA on port 2000
  Map loaded in simulator.
  Generated scene in 1 iterations, 0.007778 seconds.
  Beginning simulation of top-level scenario...
  Ran simulation in 25.82 seconds.
Beginning scenario construction...
pygame 2.6.1 (SDL 2.28.4, Python 3.10.12)
Hello from the pygame community. https://www.pygame.org/contribute.html
  Loading cached version of road network...
  Loaded cached network in 0.14 seconds.
  Pruning scenario...
  Pruned scenario in 2.432e-05 seconds.
Scenario constructed in 1.40 seconds.
  Connecting to CARLA on port 2000
  Map loaded in simulator.
  Generated scene in 1 iterations, 0.007572 seconds.
  Beginning simulation of top-level scenario...
  Ran simulation in 25.99 seconds.
Beginning scenario construction...
pygame 2.6.1 (SDL 2.28.4, Python 3.10.12)
Hello from the pygame community. https://www.pygame.org/contribute.html
  Loading cached version of road network...
  Loaded cached network in 0.14 seconds.
  Pruning scenario...
  Pruned scenario in 2.289e-05 seconds.
Scenario constructed in 1.40 seconds.
  Connecting to CARLA on port 2000
  Map loaded in simulator.
  Generated scene in 1 iterations, 0.007565 seconds.
  Beginning simulation of top-level scenario...
  Ran simulation in 26.39 seconds.
Beginning scenario construction...
pygame 2.6.1 (SDL 2.28.4, Python 3.10.12)
Hello from the pygame community. https://www.pygame.org/contribute.html
  Loading cached version of road network...
  Loaded cached network in 0.14 seconds.
  Pruning scenario...
  Pruned scenario in 1.884e-05 seconds.
Scenario constructed in 1.42 seconds.
  Connecting to CARLA on port 2000
  Map loaded in simulator.
  Generated scene in 1 iterations, 0.006724 seconds.
  Beginning simulation of top-level scenario...
  Ran simulation in 28.68 seconds.
Beginning scenario construction...
pygame 2.6.1 (SDL 2.28.4, Python 3.10.12)
Hello from the pygame community. https://www.pygame.org/contribute.html
  Loading cached version of road network...
  Loaded cached network in 0.14 seconds.
  Pruning scenario...
  Pruned scenario in 2.003e-05 seconds.
Scenario constructed in 1.39 seconds.
  Connecting to CARLA on port 2000
  Map loaded in simulator.
  Generated scene in 1 iterations, 0.008024 seconds.
  Beginning simulation of top-level scenario...
  Ran simulation in 27.86 seconds.
Beginning scenario construction...
pygame 2.6.1 (SDL 2.28.4, Python 3.10.12)
Hello from the pygame community. https://www.pygame.org/contribute.html
  Loading cached version of road network...
  Loaded cached network in 0.14 seconds.
  Pruning scenario...
  Pruned scenario in 2.837e-05 seconds.
Scenario constructed in 1.42 seconds.
  Connecting to CARLA on port 2000
  Map loaded in simulator.
  Generated scene in 1 iterations, 0.00749 seconds.
  Beginning simulation of top-level scenario...
  Ran simulation in 26.36 seconds.
Beginning scenario construction...
pygame 2.6.1 (SDL 2.28.4, Python 3.10.12)
Hello from the pygame community. https://www.pygame.org/contribute.html
  Loading cached version of road network...
  Loaded cached network in 0.14 seconds.
  Pruning scenario...
  Pruned scenario in 2.265e-05 seconds.
Scenario constructed in 1.39 seconds.
  Connecting to CARLA on port 2000
  Map loaded in simulator.
  Generated scene in 1 iterations, 0.007443 seconds.
  Beginning simulation of top-level scenario...
  Ran simulation in 25.99 seconds.
Beginning scenario construction...
pygame 2.6.1 (SDL 2.28.4, Python 3.10.12)
Hello from the pygame community. https://www.pygame.org/contribute.html
  Loading cached version of road network...
  Loaded cached network in 0.14 seconds.
  Pruning scenario...
  Pruned scenario in 2.432e-05 seconds.
Scenario constructed in 1.40 seconds.
  Connecting to CARLA on port 2000
  Map loaded in simulator.
  Generated scene in 1 iterations, 0.007601 seconds.
  Beginning simulation of top-level scenario...
  Ran simulation in 26.63 seconds.
Beginning scenario construction...
pygame 2.6.1 (SDL 2.28.4, Python 3.10.12)
Hello from the pygame community. https://www.pygame.org/contribute.html
  Loading cached version of road network...
  Loaded cached network in 0.14 seconds.
  Pruning scenario...
  Pruned scenario in 2.289e-05 seconds.
Scenario constructed in 1.40 seconds.
  Connecting to CARLA on port 2000
  Map loaded in simulator.
  Generated scene in 1 iterations, 0.006942 seconds.
  Beginning simulation of top-level scenario...
  Ran simulation in 27.18 seconds.
Beginning scenario construction...
pygame 2.6.1 (SDL 2.28.4, Python 3.10.12)
Hello from the pygame community. https://www.pygame.org/contribute.html
  Loading cached version of road network...
  Loaded cached network in 0.14 seconds.
  Pruning scenario...
  Pruned scenario in 2.337e-05 seconds.
Scenario constructed in 1.41 seconds.
  Connecting to CARLA on port 2000
  Map loaded in simulator.
  Generated scene in 1 iterations, 0.007576 seconds.
  Beginning simulation of top-level scenario...
  Ran simulation in 28.09 seconds.
Beginning scenario construction...
pygame 2.6.1 (SDL 2.28.4, Python 3.10.12)
Hello from the pygame community. https://www.pygame.org/contribute.html
  Loading cached version of road network...
  Loaded cached network in 0.14 seconds.
  Pruning scenario...
  Pruned scenario in 2.098e-05 seconds.
Scenario constructed in 1.38 seconds.
  Connecting to CARLA on port 2000
  Map loaded in simulator.
  Generated scene in 1 iterations, 0.007697 seconds.
  Beginning simulation of top-level scenario...
  Ran simulation in 26.97 seconds.
Beginning scenario construction...
pygame 2.6.1 (SDL 2.28.4, Python 3.10.12)
Hello from the pygame community. https://www.pygame.org/contribute.html
  Loading cached version of road network...
  Loaded cached network in 0.13 seconds.
  Pruning scenario...
  Pruned scenario in 2.074e-05 seconds.
Scenario constructed in 1.40 seconds.
  Connecting to CARLA on port 2000
  Map loaded in simulator.
  Generated scene in 1 iterations, 0.007655 seconds.
  Beginning simulation of top-level scenario...
  Ran simulation in 27.36 seconds.
Beginning scenario construction...
pygame 2.6.1 (SDL 2.28.4, Python 3.10.12)
Hello from the pygame community. https://www.pygame.org/contribute.html
  Loading cached version of road network...
  Loaded cached network in 0.14 seconds.
  Pruning scenario...
  Pruned scenario in 2.193e-05 seconds.
Scenario constructed in 1.40 seconds.
  Connecting to CARLA on port 2000
  Map loaded in simulator.
  Generated scene in 1 iterations, 0.007692 seconds.
  Beginning simulation of top-level scenario...
  Ran simulation in 26.56 seconds.
Beginning scenario construction...
pygame 2.6.1 (SDL 2.28.4, Python 3.10.12)
Hello from the pygame community. https://www.pygame.org/contribute.html
  Loading cached version of road network...
  Loaded cached network in 0.13 seconds.
  Pruning scenario...
  Pruned scenario in 2.122e-05 seconds.
Scenario constructed in 1.38 seconds.
  Connecting to CARLA on port 2000
  Map loaded in simulator.
  Generated scene in 1 iterations, 0.007737 seconds.
  Beginning simulation of top-level scenario...
  Ran simulation in 26.13 seconds.
Beginning scenario construction...
pygame 2.6.1 (SDL 2.28.4, Python 3.10.12)
Hello from the pygame community. https://www.pygame.org/contribute.html
  Loading cached version of road network...
  Loaded cached network in 0.13 seconds.
  Pruning scenario...
  Pruned scenario in 2.122e-05 seconds.
Scenario constructed in 1.38 seconds.
  Connecting to CARLA on port 2000
  Map loaded in simulator.
  Generated scene in 1 iterations, 0.007992 seconds.
  Beginning simulation of top-level scenario...
  Ran simulation in 27.27 seconds.
Beginning scenario construction...
pygame 2.6.1 (SDL 2.28.4, Python 3.10.12)
Hello from the pygame community. https://www.pygame.org/contribute.html
  Loading cached version of road network...
  Loaded cached network in 0.13 seconds.
  Pruning scenario...
  Pruned scenario in 1.955e-05 seconds.
Scenario constructed in 1.38 seconds.
  Connecting to CARLA on port 2000
  Map loaded in simulator.
  Generated scene in 1 iterations, 0.007784 seconds.
  Beginning simulation of top-level scenario...
  Ran simulation in 26.49 seconds.
Beginning scenario construction...
pygame 2.6.1 (SDL 2.28.4, Python 3.10.12)
Hello from the pygame community. https://www.pygame.org/contribute.html
  Loading cached version of road network...
  Loaded cached network in 0.14 seconds.
  Pruning scenario...
  Pruned scenario in 2.265e-05 seconds.
Scenario constructed in 1.40 seconds.
  Connecting to CARLA on port 2000
  Map loaded in simulator.
  Generated scene in 1 iterations, 0.00794 seconds.
  Beginning simulation of top-level scenario...
  Ran simulation in 28.21 seconds.
Beginning scenario construction...
pygame 2.6.1 (SDL 2.28.4, Python 3.10.12)
Hello from the pygame community. https://www.pygame.org/contribute.html
  Loading cached version of road network...
  Loaded cached network in 0.13 seconds.
  Pruning scenario...
  Pruned scenario in 1.884e-05 seconds.
Scenario constructed in 1.38 seconds.
  Connecting to CARLA on port 2000
  Map loaded in simulator.
  Generated scene in 1 iterations, 0.007818 seconds.
  Beginning simulation of top-level scenario...
  Ran simulation in 27.76 seconds.
Beginning scenario construction...
pygame 2.6.1 (SDL 2.28.4, Python 3.10.12)
Hello from the pygame community. https://www.pygame.org/contribute.html
  Loading cached version of road network...
  Loaded cached network in 0.14 seconds.
  Pruning scenario...
  Pruned scenario in 2.122e-05 seconds.
Scenario constructed in 1.40 seconds.
  Connecting to CARLA on port 2000
  Map loaded in simulator.
  Generated scene in 1 iterations, 0.007852 seconds.
  Beginning simulation of top-level scenario...
  Ran simulation in 26.55 seconds.
Beginning scenario construction...
pygame 2.6.1 (SDL 2.28.4, Python 3.10.12)
Hello from the pygame community. https://www.pygame.org/contribute.html
  Loading cached version of road network...
  Loaded cached network in 0.13 seconds.
  Pruning scenario...
  Pruned scenario in 1.955e-05 seconds.
Scenario constructed in 1.39 seconds.
  Connecting to CARLA on port 2000
  Map loaded in simulator.
  Generated scene in 1 iterations, 0.007819 seconds.
  Beginning simulation of top-level scenario...
  Ran simulation in 27.24 seconds.
Beginning scenario construction...
pygame 2.6.1 (SDL 2.28.4, Python 3.10.12)
Hello from the pygame community. https://www.pygame.org/contribute.html
  Loading cached version of road network...
  Loaded cached network in 0.13 seconds.
  Pruning scenario...
  Pruned scenario in 2.313e-05 seconds.
Scenario constructed in 1.39 seconds.
  Connecting to CARLA on port 2000
  Map loaded in simulator.
  Generated scene in 1 iterations, 0.007686 seconds.
  Beginning simulation of top-level scenario...
  Ran simulation in 27.27 seconds.
Beginning scenario construction...
pygame 2.6.1 (SDL 2.28.4, Python 3.10.12)
Hello from the pygame community. https://www.pygame.org/contribute.html
  Loading cached version of road network...
  Loaded cached network in 0.13 seconds.
  Pruning scenario...
  Pruned scenario in 2.17e-05 seconds.
Scenario constructed in 1.38 seconds.
  Connecting to CARLA on port 2000
  Map loaded in simulator.
  Generated scene in 1 iterations, 0.007753 seconds.
  Beginning simulation of top-level scenario...
  Ran simulation in 28.74 seconds.
Beginning scenario construction...
pygame 2.6.1 (SDL 2.28.4, Python 3.10.12)
Hello from the pygame community. https://www.pygame.org/contribute.html
  Loading cached version of road network...
  Loaded cached network in 0.13 seconds.
  Pruning scenario...
  Pruned scenario in 2.48e-05 seconds.
Scenario constructed in 1.40 seconds.
  Connecting to CARLA on port 2000
  Map loaded in simulator.
  Generated scene in 1 iterations, 0.00783 seconds.
  Beginning simulation of top-level scenario...
  Ran simulation in 28.37 seconds.
Beginning scenario construction...
pygame 2.6.1 (SDL 2.28.4, Python 3.10.12)
Hello from the pygame community. https://www.pygame.org/contribute.html
  Loading cached version of road network...
  Loaded cached network in 0.13 seconds.
  Pruning scenario...
  Pruned scenario in 2.027e-05 seconds.
Scenario constructed in 1.39 seconds.
  Connecting to CARLA on port 2000
  Map loaded in simulator.
  Generated scene in 1 iterations, 0.007588 seconds.
  Beginning simulation of top-level scenario...
  Ran simulation in 28.88 seconds.
Beginning scenario construction...
pygame 2.6.1 (SDL 2.28.4, Python 3.10.12)
Hello from the pygame community. https://www.pygame.org/contribute.html
  Loading cached version of road network...
  Loaded cached network in 0.13 seconds.
  Pruning scenario...
  Pruned scenario in 1.979e-05 seconds.
Scenario constructed in 1.40 seconds.
  Connecting to CARLA on port 2000
  Map loaded in simulator.
  Generated scene in 1 iterations, 0.007785 seconds.
  Beginning simulation of top-level scenario...
  Ran simulation in 26.81 seconds.
Beginning scenario construction...
pygame 2.6.1 (SDL 2.28.4, Python 3.10.12)
Hello from the pygame community. https://www.pygame.org/contribute.html
  Loading cached version of road network...
  Loaded cached network in 0.13 seconds.
  Pruning scenario...
  Pruned scenario in 1.884e-05 seconds.
Scenario constructed in 1.38 seconds.
  Connecting to CARLA on port 2000
  Map loaded in simulator.
  Generated scene in 1 iterations, 0.007422 seconds.
  Beginning simulation of top-level scenario...
  Ran simulation in 26.62 seconds.
Beginning scenario construction...
pygame 2.6.1 (SDL 2.28.4, Python 3.10.12)
Hello from the pygame community. https://www.pygame.org/contribute.html
  Loading cached version of road network...
  Loaded cached network in 0.13 seconds.
  Pruning scenario...
  Pruned scenario in 2.217e-05 seconds.
Scenario constructed in 1.39 seconds.
  Connecting to CARLA on port 2000
  Map loaded in simulator.
  Generated scene in 1 iterations, 0.006805 seconds.
  Beginning simulation of top-level scenario...
  Ran simulation in 30.32 seconds.
Beginning scenario construction...
pygame 2.6.1 (SDL 2.28.4, Python 3.10.12)
Hello from the pygame community. https://www.pygame.org/contribute.html
  Loading cached version of road network...
  Loaded cached network in 0.14 seconds.
  Pruning scenario...
  Pruned scenario in 1.979e-05 seconds.
Scenario constructed in 1.40 seconds.
  Connecting to CARLA on port 2000
  Map loaded in simulator.
  Generated scene in 1 iterations, 0.007638 seconds.
  Beginning simulation of top-level scenario...
  Ran simulation in 27.04 seconds.
Beginning scenario construction...
pygame 2.6.1 (SDL 2.28.4, Python 3.10.12)
Hello from the pygame community. https://www.pygame.org/contribute.html
  Loading cached version of road network...
  Loaded cached network in 0.14 seconds.
  Pruning scenario...
  Pruned scenario in 2.17e-05 seconds.
Scenario constructed in 1.41 seconds.
  Connecting to CARLA on port 2000
  Map loaded in simulator.
  Generated scene in 1 iterations, 0.007644 seconds.
  Beginning simulation of top-level scenario...
  Ran simulation in 28.15 seconds.
Beginning scenario construction...
pygame 2.6.1 (SDL 2.28.4, Python 3.10.12)
Hello from the pygame community. https://www.pygame.org/contribute.html
  Loading cached version of road network...
  Loaded cached network in 0.14 seconds.
  Pruning scenario...
  Pruned scenario in 2.05e-05 seconds.
Scenario constructed in 1.39 seconds.
  Connecting to CARLA on port 2000
  Map loaded in simulator.
  Generated scene in 1 iterations, 0.007487 seconds.
  Beginning simulation of top-level scenario...
  Ran simulation in 28.2 seconds.
Beginning scenario construction...
pygame 2.6.1 (SDL 2.28.4, Python 3.10.12)
Hello from the pygame community. https://www.pygame.org/contribute.html
  Loading cached version of road network...
  Loaded cached network in 0.14 seconds.
  Pruning scenario...
  Pruned scenario in 2.241e-05 seconds.
Scenario constructed in 1.39 seconds.
  Connecting to CARLA on port 2000
  Map loaded in simulator.
  Generated scene in 1 iterations, 0.007642 seconds.
  Beginning simulation of top-level scenario...
  Ran simulation in 25.68 seconds.
Beginning scenario construction...
pygame 2.6.1 (SDL 2.28.4, Python 3.10.12)
Hello from the pygame community. https://www.pygame.org/contribute.html
  Loading cached version of road network...
  Loaded cached network in 0.13 seconds.
  Pruning scenario...
  Pruned scenario in 2.551e-05 seconds.
Scenario constructed in 1.38 seconds.
  Connecting to CARLA on port 2000
  Map loaded in simulator.
  Generated scene in 1 iterations, 0.007544 seconds.
  Beginning simulation of top-level scenario...
  Ran simulation in 26.88 seconds.
Beginning scenario construction...
pygame 2.6.1 (SDL 2.28.4, Python 3.10.12)
Hello from the pygame community. https://www.pygame.org/contribute.html
  Loading cached version of road network...
  Loaded cached network in 0.13 seconds.
  Pruning scenario...
  Pruned scenario in 2.432e-05 seconds.
Scenario constructed in 1.40 seconds.
  Connecting to CARLA on port 2000
  Map loaded in simulator.
  Generated scene in 1 iterations, 0.007588 seconds.
  Beginning simulation of top-level scenario...
  Ran simulation in 25.84 seconds.
Beginning scenario construction...
pygame 2.6.1 (SDL 2.28.4, Python 3.10.12)
Hello from the pygame community. https://www.pygame.org/contribute.html
  Loading cached version of road network...
  Loaded cached network in 0.13 seconds.
  Pruning scenario...
  Pruned scenario in 2.289e-05 seconds.
Scenario constructed in 1.38 seconds.
  Connecting to CARLA on port 2000
  Map loaded in simulator.
  Generated scene in 1 iterations, 0.007575 seconds.
  Beginning simulation of top-level scenario...
  Ran simulation in 28.64 seconds.
Beginning scenario construction...
pygame 2.6.1 (SDL 2.28.4, Python 3.10.12)
Hello from the pygame community. https://www.pygame.org/contribute.html
  Loading cached version of road network...
  Loaded cached network in 0.13 seconds.
  Pruning scenario...
  Pruned scenario in 2.17e-05 seconds.
Scenario constructed in 1.39 seconds.
  Connecting to CARLA on port 2000
  Map loaded in simulator.
  Generated scene in 1 iterations, 0.007924 seconds.
  Beginning simulation of top-level scenario...
  Ran simulation in 27.65 seconds.
Beginning scenario construction...
pygame 2.6.1 (SDL 2.28.4, Python 3.10.12)
Hello from the pygame community. https://www.pygame.org/contribute.html
  Loading cached version of road network...
  Loaded cached network in 0.13 seconds.
  Pruning scenario...
  Pruned scenario in 1.955e-05 seconds.
Scenario constructed in 1.42 seconds.
  Connecting to CARLA on port 2000
  Map loaded in simulator.
  Generated scene in 1 iterations, 0.007726 seconds.
  Beginning simulation of top-level scenario...
  Ran simulation in 27.01 seconds.
Beginning scenario construction...
pygame 2.6.1 (SDL 2.28.4, Python 3.10.12)
Hello from the pygame community. https://www.pygame.org/contribute.html
  Loading cached version of road network...
  Loaded cached network in 0.14 seconds.
  Pruning scenario...
  Pruned scenario in 2.241e-05 seconds.
Scenario constructed in 1.40 seconds.
  Connecting to CARLA on port 2000
  Map loaded in simulator.
  Generated scene in 1 iterations, 0.007529 seconds.
  Beginning simulation of top-level scenario...
  Ran simulation in 27.12 seconds.
Beginning scenario construction...
pygame 2.6.1 (SDL 2.28.4, Python 3.10.12)
Hello from the pygame community. https://www.pygame.org/contribute.html
  Loading cached version of road network...
  Loaded cached network in 0.13 seconds.
  Pruning scenario...
  Pruned scenario in 2.098e-05 seconds.
Scenario constructed in 1.38 seconds.
  Connecting to CARLA on port 2000
  Map loaded in simulator.
  Generated scene in 1 iterations, 0.008006 seconds.
  Beginning simulation of top-level scenario...
  Ran simulation in 25.54 seconds.
Beginning scenario construction...
pygame 2.6.1 (SDL 2.28.4, Python 3.10.12)
Hello from the pygame community. https://www.pygame.org/contribute.html
  Loading cached version of road network...
  Loaded cached network in 0.13 seconds.
  Pruning scenario...
  Pruned scenario in 2.146e-05 seconds.
Scenario constructed in 1.41 seconds.
  Connecting to CARLA on port 2000
  Map loaded in simulator.
  Generated scene in 1 iterations, 0.006752 seconds.
  Beginning simulation of top-level scenario...
  Ran simulation in 28.96 seconds.
Beginning scenario construction...
pygame 2.6.1 (SDL 2.28.4, Python 3.10.12)
Hello from the pygame community. https://www.pygame.org/contribute.html
  Loading cached version of road network...
  Loaded cached network in 0.14 seconds.
  Pruning scenario...
  Pruned scenario in 2.217e-05 seconds.
Scenario constructed in 1.41 seconds.
  Connecting to CARLA on port 2000
  Map loaded in simulator.
  Generated scene in 1 iterations, 0.007911 seconds.
  Beginning simulation of top-level scenario...
  Ran simulation in 27.77 seconds.
Beginning scenario construction...
pygame 2.6.1 (SDL 2.28.4, Python 3.10.12)
Hello from the pygame community. https://www.pygame.org/contribute.html
  Loading cached version of road network...
  Loaded cached network in 0.13 seconds.
  Pruning scenario...
  Pruned scenario in 2.337e-05 seconds.
Scenario constructed in 1.42 seconds.
  Connecting to CARLA on port 2000
  Map loaded in simulator.
  Generated scene in 1 iterations, 0.00803 seconds.
  Beginning simulation of top-level scenario...
  Ran simulation in 29.07 seconds.
Beginning scenario construction...
pygame 2.6.1 (SDL 2.28.4, Python 3.10.12)
Hello from the pygame community. https://www.pygame.org/contribute.html
  Loading cached version of road network...
  Loaded cached network in 0.14 seconds.
  Pruning scenario...
  Pruned scenario in 2.17e-05 seconds.
Scenario constructed in 1.40 seconds.
  Connecting to CARLA on port 2000
  Map loaded in simulator.
  Generated scene in 1 iterations, 0.008116 seconds.
  Beginning simulation of top-level scenario...
  Ran simulation in 28.66 seconds.
Beginning scenario construction...
pygame 2.6.1 (SDL 2.28.4, Python 3.10.12)
Hello from the pygame community. https://www.pygame.org/contribute.html
  Loading cached version of road network...
  Loaded cached network in 0.13 seconds.
  Pruning scenario...
  Pruned scenario in 2.241e-05 seconds.
Scenario constructed in 1.38 seconds.
  Connecting to CARLA on port 2000
  Map loaded in simulator.
  Generated scene in 1 iterations, 0.007649 seconds.
  Beginning simulation of top-level scenario...
  Ran simulation in 28.3 seconds.
Beginning scenario construction...
pygame 2.6.1 (SDL 2.28.4, Python 3.10.12)
Hello from the pygame community. https://www.pygame.org/contribute.html
  Loading cached version of road network...
  Loaded cached network in 0.14 seconds.
  Pruning scenario...
  Pruned scenario in 2.408e-05 seconds.
Scenario constructed in 1.40 seconds.
  Connecting to CARLA on port 2000
  Map loaded in simulator.
  Generated scene in 1 iterations, 0.007644 seconds.
  Beginning simulation of top-level scenario...
  Ran simulation in 26.87 seconds.
Beginning scenario construction...
pygame 2.6.1 (SDL 2.28.4, Python 3.10.12)
Hello from the pygame community. https://www.pygame.org/contribute.html
  Loading cached version of road network...
  Loaded cached network in 0.13 seconds.
  Pruning scenario...
  Pruned scenario in 2.193e-05 seconds.
Scenario constructed in 1.41 seconds.
  Connecting to CARLA on port 2000
  Map loaded in simulator.
  Generated scene in 1 iterations, 0.008011 seconds.
  Beginning simulation of top-level scenario...
  Ran simulation in 28.28 seconds.
Beginning scenario construction...
pygame 2.6.1 (SDL 2.28.4, Python 3.10.12)
Hello from the pygame community. https://www.pygame.org/contribute.html
  Loading cached version of road network...
  Loaded cached network in 0.13 seconds.
  Pruning scenario...
  Pruned scenario in 2.48e-05 seconds.
Scenario constructed in 1.37 seconds.
  Connecting to CARLA on port 2000
  Map loaded in simulator.
  Generated scene in 1 iterations, 0.007626 seconds.
  Beginning simulation of top-level scenario...
  Ran simulation in 27.53 seconds.
Beginning scenario construction...
pygame 2.6.1 (SDL 2.28.4, Python 3.10.12)
Hello from the pygame community. https://www.pygame.org/contribute.html
  Loading cached version of road network...
  Loaded cached network in 0.13 seconds.
  Pruning scenario...
  Pruned scenario in 2.337e-05 seconds.
Scenario constructed in 1.38 seconds.
  Connecting to CARLA on port 2000
  Map loaded in simulator.
  Generated scene in 1 iterations, 0.007923 seconds.
  Beginning simulation of top-level scenario...
  Ran simulation in 25.71 seconds.
Beginning scenario construction...
pygame 2.6.1 (SDL 2.28.4, Python 3.10.12)
Hello from the pygame community. https://www.pygame.org/contribute.html
  Loading cached version of road network...
  Loaded cached network in 0.13 seconds.
  Pruning scenario...
  Pruned scenario in 2.193e-05 seconds.
Scenario constructed in 1.38 seconds.
  Connecting to CARLA on port 2000
  Map loaded in simulator.
  Generated scene in 1 iterations, 0.007615 seconds.
  Beginning simulation of top-level scenario...
  Ran simulation in 26.85 seconds.
Beginning scenario construction...
pygame 2.6.1 (SDL 2.28.4, Python 3.10.12)
Hello from the pygame community. https://www.pygame.org/contribute.html
  Loading cached version of road network...
  Loaded cached network in 0.13 seconds.
  Pruning scenario...
  Pruned scenario in 2.217e-05 seconds.
Scenario constructed in 1.38 seconds.
  Connecting to CARLA on port 2000
  Map loaded in simulator.
  Generated scene in 1 iterations, 0.007516 seconds.
  Beginning simulation of top-level scenario...
  Ran simulation in 25.96 seconds.
Beginning scenario construction...
pygame 2.6.1 (SDL 2.28.4, Python 3.10.12)
Hello from the pygame community. https://www.pygame.org/contribute.html
  Loading cached version of road network...
  Loaded cached network in 0.13 seconds.
  Pruning scenario...
  Pruned scenario in 2.289e-05 seconds.
Scenario constructed in 1.38 seconds.
  Connecting to CARLA on port 2000
  Map loaded in simulator.
  Generated scene in 1 iterations, 0.007534 seconds.
  Beginning simulation of top-level scenario...
  Ran simulation in 25.88 seconds.
Beginning scenario construction...
pygame 2.6.1 (SDL 2.28.4, Python 3.10.12)
Hello from the pygame community. https://www.pygame.org/contribute.html
  Loading cached version of road network...
  Loaded cached network in 0.13 seconds.
  Pruning scenario...
  Pruned scenario in 2.313e-05 seconds.
Scenario constructed in 1.40 seconds.
  Connecting to CARLA on port 2000
  Map loaded in simulator.
  Generated scene in 1 iterations, 0.007659 seconds.
  Beginning simulation of top-level scenario...
  Ran simulation in 28.52 seconds.
Beginning scenario construction...
pygame 2.6.1 (SDL 2.28.4, Python 3.10.12)
Hello from the pygame community. https://www.pygame.org/contribute.html
  Loading cached version of road network...
  Loaded cached network in 0.13 seconds.
  Pruning scenario...
  Pruned scenario in 2.766e-05 seconds.
Scenario constructed in 1.39 seconds.
  Connecting to CARLA on port 2000
  Map loaded in simulator.
  Generated scene in 1 iterations, 0.007641 seconds.
  Beginning simulation of top-level scenario...
  Ran simulation in 27.5 seconds.
Beginning scenario construction...
pygame 2.6.1 (SDL 2.28.4, Python 3.10.12)
Hello from the pygame community. https://www.pygame.org/contribute.html
  Loading cached version of road network...
  Loaded cached network in 0.13 seconds.
  Pruning scenario...
  Pruned scenario in 2.265e-05 seconds.
Scenario constructed in 1.38 seconds.
  Connecting to CARLA on port 2000
  Map loaded in simulator.
  Generated scene in 1 iterations, 0.007713 seconds.
  Beginning simulation of top-level scenario...
  Ran simulation in 29.92 seconds.
Beginning scenario construction...
pygame 2.6.1 (SDL 2.28.4, Python 3.10.12)
Hello from the pygame community. https://www.pygame.org/contribute.html
  Loading cached version of road network...
  Loaded cached network in 0.13 seconds.
  Pruning scenario...
  Pruned scenario in 2.241e-05 seconds.
Scenario constructed in 1.39 seconds.
  Connecting to CARLA on port 2000
  Map loaded in simulator.
  Generated scene in 1 iterations, 0.007615 seconds.
  Beginning simulation of top-level scenario...
  Ran simulation in 26.69 seconds.
Beginning scenario construction...
pygame 2.6.1 (SDL 2.28.4, Python 3.10.12)
Hello from the pygame community. https://www.pygame.org/contribute.html
  Loading cached version of road network...
  Loaded cached network in 0.13 seconds.
  Pruning scenario...
  Pruned scenario in 2.337e-05 seconds.
Scenario constructed in 1.38 seconds.
  Connecting to CARLA on port 2000
  Map loaded in simulator.
  Generated scene in 1 iterations, 0.007909 seconds.
  Beginning simulation of top-level scenario...
  Ran simulation in 26.85 seconds.
Beginning scenario construction...
pygame 2.6.1 (SDL 2.28.4, Python 3.10.12)
Hello from the pygame community. https://www.pygame.org/contribute.html
  Loading cached version of road network...
  Loaded cached network in 0.13 seconds.
  Pruning scenario...
  Pruned scenario in 2.027e-05 seconds.
Scenario constructed in 1.38 seconds.
  Connecting to CARLA on port 2000
  Map loaded in simulator.
  Generated scene in 1 iterations, 0.007599 seconds.
  Beginning simulation of top-level scenario...
  Ran simulation in 27.51 seconds.
Beginning scenario construction...
pygame 2.6.1 (SDL 2.28.4, Python 3.10.12)
Hello from the pygame community. https://www.pygame.org/contribute.html
  Loading cached version of road network...
  Loaded cached network in 0.13 seconds.
  Pruning scenario...
  Pruned scenario in 2.074e-05 seconds.
Scenario constructed in 1.38 seconds.
  Connecting to CARLA on port 2000
  Map loaded in simulator.
  Generated scene in 1 iterations, 0.00773 seconds.
  Beginning simulation of top-level scenario...
  Ran simulation in 26.21 seconds.
Beginning scenario construction...
pygame 2.6.1 (SDL 2.28.4, Python 3.10.12)
Hello from the pygame community. https://www.pygame.org/contribute.html
  Loading cached version of road network...
  Loaded cached network in 0.14 seconds.
  Pruning scenario...
  Pruned scenario in 2.17e-05 seconds.
Scenario constructed in 1.39 seconds.
  Connecting to CARLA on port 2000
  Map loaded in simulator.
  Generated scene in 1 iterations, 0.007895 seconds.
  Beginning simulation of top-level scenario...
  Ran simulation in 26.86 seconds.
Beginning scenario construction...
pygame 2.6.1 (SDL 2.28.4, Python 3.10.12)
Hello from the pygame community. https://www.pygame.org/contribute.html
  Loading cached version of road network...
  Loaded cached network in 0.13 seconds.
  Pruning scenario...
  Pruned scenario in 2.074e-05 seconds.
Scenario constructed in 1.38 seconds.
  Connecting to CARLA on port 2000
  Map loaded in simulator.
  Generated scene in 1 iterations, 0.007646 seconds.
  Beginning simulation of top-level scenario...
  Ran simulation in 28.17 seconds.
Beginning scenario construction...
pygame 2.6.1 (SDL 2.28.4, Python 3.10.12)
Hello from the pygame community. https://www.pygame.org/contribute.html
  Loading cached version of road network...
  Loaded cached network in 0.13 seconds.
  Pruning scenario...
  Pruned scenario in 1.931e-05 seconds.
Scenario constructed in 1.38 seconds.
  Connecting to CARLA on port 2000
  Map loaded in simulator.
  Generated scene in 1 iterations, 0.007745 seconds.
  Beginning simulation of top-level scenario...
  Ran simulation in 29.1 seconds.
Beginning scenario construction...
pygame 2.6.1 (SDL 2.28.4, Python 3.10.12)
Hello from the pygame community. https://www.pygame.org/contribute.html
  Loading cached version of road network...
  Loaded cached network in 0.13 seconds.
  Pruning scenario...
  Pruned scenario in 2.098e-05 seconds.
Scenario constructed in 1.40 seconds.
  Connecting to CARLA on port 2000
  Map loaded in simulator.
  Generated scene in 1 iterations, 0.007826 seconds.
  Beginning simulation of top-level scenario...
  Ran simulation in 27.82 seconds.
Beginning scenario construction...
pygame 2.6.1 (SDL 2.28.4, Python 3.10.12)
Hello from the pygame community. https://www.pygame.org/contribute.html
  Loading cached version of road network...
  Loaded cached network in 0.13 seconds.
  Pruning scenario...
  Pruned scenario in 2.122e-05 seconds.
Scenario constructed in 1.38 seconds.
  Connecting to CARLA on port 2000
  Map loaded in simulator.
  Generated scene in 1 iterations, 0.007509 seconds.
  Beginning simulation of top-level scenario...
  Ran simulation in 27.82 seconds.
Beginning scenario construction...
pygame 2.6.1 (SDL 2.28.4, Python 3.10.12)
Hello from the pygame community. https://www.pygame.org/contribute.html
  Loading cached version of road network...
  Loaded cached network in 0.14 seconds.
  Pruning scenario...
  Pruned scenario in 2.003e-05 seconds.
Scenario constructed in 1.39 seconds.
  Connecting to CARLA on port 2000
  Map loaded in simulator.
  Generated scene in 1 iterations, 0.007827 seconds.
  Beginning simulation of top-level scenario...
  Ran simulation in 25.63 seconds.
Beginning scenario construction...
pygame 2.6.1 (SDL 2.28.4, Python 3.10.12)
Hello from the pygame community. https://www.pygame.org/contribute.html
  Loading cached version of road network...
  Loaded cached network in 0.13 seconds.
  Pruning scenario...
  Pruned scenario in 2.217e-05 seconds.
Scenario constructed in 1.39 seconds.
  Connecting to CARLA on port 2000
  Map loaded in simulator.
  Generated scene in 1 iterations, 0.007672 seconds.
  Beginning simulation of top-level scenario...
  Ran simulation in 26.34 seconds.
Beginning scenario construction...
pygame 2.6.1 (SDL 2.28.4, Python 3.10.12)
Hello from the pygame community. https://www.pygame.org/contribute.html
  Loading cached version of road network...
  Loaded cached network in 0.13 seconds.
  Pruning scenario...
  Pruned scenario in 2.789e-05 seconds.
Scenario constructed in 1.40 seconds.
  Connecting to CARLA on port 2000
  Map loaded in simulator.
  Generated scene in 1 iterations, 0.007623 seconds.
  Beginning simulation of top-level scenario...
  Ran simulation in 26.38 seconds.
Beginning scenario construction...
pygame 2.6.1 (SDL 2.28.4, Python 3.10.12)
Hello from the pygame community. https://www.pygame.org/contribute.html
  Loading cached version of road network...
  Loaded cached network in 0.14 seconds.
  Pruning scenario...
  Pruned scenario in 2.003e-05 seconds.
Scenario constructed in 1.40 seconds.
  Connecting to CARLA on port 2000
  Map loaded in simulator.
  Generated scene in 1 iterations, 0.007633 seconds.
  Beginning simulation of top-level scenario...
  Ran simulation in 27.05 seconds.
Beginning scenario construction...
pygame 2.6.1 (SDL 2.28.4, Python 3.10.12)
Hello from the pygame community. https://www.pygame.org/contribute.html
  Loading cached version of road network...
  Loaded cached network in 0.13 seconds.
  Pruning scenario...
  Pruned scenario in 2.003e-05 seconds.
Scenario constructed in 1.39 seconds.
  Connecting to CARLA on port 2000
  Map loaded in simulator.
  Generated scene in 1 iterations, 0.007631 seconds.
  Beginning simulation of top-level scenario...
  Ran simulation in 28.09 seconds.
Beginning scenario construction...
pygame 2.6.1 (SDL 2.28.4, Python 3.10.12)
Hello from the pygame community. https://www.pygame.org/contribute.html
  Loading cached version of road network...
  Loaded cached network in 0.13 seconds.
  Pruning scenario...
  Pruned scenario in 2.289e-05 seconds.
Scenario constructed in 1.37 seconds.
  Connecting to CARLA on port 2000
  Map loaded in simulator.
  Generated scene in 1 iterations, 0.007764 seconds.
  Beginning simulation of top-level scenario...
  Ran simulation in 26.02 seconds.
Beginning scenario construction...
pygame 2.6.1 (SDL 2.28.4, Python 3.10.12)
Hello from the pygame community. https://www.pygame.org/contribute.html
  Loading cached version of road network...
  Loaded cached network in 0.13 seconds.
  Pruning scenario...
  Pruned scenario in 2.384e-05 seconds.
Scenario constructed in 1.39 seconds.
  Connecting to CARLA on port 2000
  Map loaded in simulator.
  Generated scene in 1 iterations, 0.007999 seconds.
  Beginning simulation of top-level scenario...
  Ran simulation in 27.29 seconds.
Beginning scenario construction...
pygame 2.6.1 (SDL 2.28.4, Python 3.10.12)
Hello from the pygame community. https://www.pygame.org/contribute.html
  Loading cached version of road network...
  Loaded cached network in 0.13 seconds.
  Pruning scenario...
  Pruned scenario in 2.36e-05 seconds.
Scenario constructed in 1.39 seconds.
  Connecting to CARLA on port 2000
  Map loaded in simulator.
  Generated scene in 1 iterations, 0.007803 seconds.
  Beginning simulation of top-level scenario...
  Ran simulation in 27.3 seconds.
Beginning scenario construction...
pygame 2.6.1 (SDL 2.28.4, Python 3.10.12)
Hello from the pygame community. https://www.pygame.org/contribute.html
  Loading cached version of road network...
  Loaded cached network in 0.14 seconds.
  Pruning scenario...
  Pruned scenario in 2.193e-05 seconds.
Scenario constructed in 1.39 seconds.
  Connecting to CARLA on port 2000
  Map loaded in simulator.
  Generated scene in 1 iterations, 0.006885 seconds.
  Beginning simulation of top-level scenario...
  Ran simulation in 28.09 seconds.
Beginning scenario construction...
pygame 2.6.1 (SDL 2.28.4, Python 3.10.12)
Hello from the pygame community. https://www.pygame.org/contribute.html
  Loading cached version of road network...
  Loaded cached network in 0.13 seconds.
  Pruning scenario...
  Pruned scenario in 2.193e-05 seconds.
Scenario constructed in 1.38 seconds.
  Connecting to CARLA on port 2000
  Map loaded in simulator.
  Generated scene in 1 iterations, 0.007616 seconds.
  Beginning simulation of top-level scenario...
  Ran simulation in 27.41 seconds.
Beginning scenario construction...
pygame 2.6.1 (SDL 2.28.4, Python 3.10.12)
Hello from the pygame community. https://www.pygame.org/contribute.html
  Loading cached version of road network...
  Loaded cached network in 0.13 seconds.
  Pruning scenario...
  Pruned scenario in 2.146e-05 seconds.
Scenario constructed in 1.39 seconds.
  Connecting to CARLA on port 2000
  Map loaded in simulator.
  Generated scene in 1 iterations, 0.006942 seconds.
  Beginning simulation of top-level scenario...
  Ran simulation in 27.54 seconds.
Beginning scenario construction...
pygame 2.6.1 (SDL 2.28.4, Python 3.10.12)
Hello from the pygame community. https://www.pygame.org/contribute.html
  Loading cached version of road network...
  Loaded cached network in 0.13 seconds.
  Pruning scenario...
  Pruned scenario in 2.098e-05 seconds.
Scenario constructed in 1.39 seconds.
  Connecting to CARLA on port 2000
  Map loaded in simulator.
  Generated scene in 1 iterations, 0.007655 seconds.
  Beginning simulation of top-level scenario...
  Ran simulation in 26.22 seconds.
Beginning scenario construction...
pygame 2.6.1 (SDL 2.28.4, Python 3.10.12)
Hello from the pygame community. https://www.pygame.org/contribute.html
  Loading cached version of road network...
  Loaded cached network in 0.13 seconds.
  Pruning scenario...
  Pruned scenario in 2.098e-05 seconds.
Scenario constructed in 1.39 seconds.
  Connecting to CARLA on port 2000
  Map loaded in simulator.
  Generated scene in 1 iterations, 0.007662 seconds.
  Beginning simulation of top-level scenario...
  Ran simulation in 27.13 seconds.
Beginning scenario construction...
pygame 2.6.1 (SDL 2.28.4, Python 3.10.12)
Hello from the pygame community. https://www.pygame.org/contribute.html
  Loading cached version of road network...
  Loaded cached network in 0.13 seconds.
  Pruning scenario...
  Pruned scenario in 2.122e-05 seconds.
Scenario constructed in 1.38 seconds.
  Connecting to CARLA on port 2000
  Map loaded in simulator.
  Generated scene in 1 iterations, 0.007629 seconds.
  Beginning simulation of top-level scenario...
  Ran simulation in 26.38 seconds.
Beginning scenario construction...
pygame 2.6.1 (SDL 2.28.4, Python 3.10.12)
Hello from the pygame community. https://www.pygame.org/contribute.html
  Loading cached version of road network...
  Loaded cached network in 0.14 seconds.
  Pruning scenario...
  Pruned scenario in 2.122e-05 seconds.
Scenario constructed in 1.39 seconds.
  Connecting to CARLA on port 2000
  Map loaded in simulator.
  Generated scene in 1 iterations, 0.007702 seconds.
  Beginning simulation of top-level scenario...
  Ran simulation in 25.66 seconds.
Beginning scenario construction...
pygame 2.6.1 (SDL 2.28.4, Python 3.10.12)
Hello from the pygame community. https://www.pygame.org/contribute.html
  Loading cached version of road network...
  Loaded cached network in 0.14 seconds.
  Pruning scenario...
  Pruned scenario in 2.193e-05 seconds.
Scenario constructed in 1.38 seconds.
  Connecting to CARLA on port 2000
  Map loaded in simulator.
  Generated scene in 1 iterations, 0.008041 seconds.
  Beginning simulation of top-level scenario...
  Ran simulation in 27.21 seconds.
Beginning scenario construction...
pygame 2.6.1 (SDL 2.28.4, Python 3.10.12)
Hello from the pygame community. https://www.pygame.org/contribute.html
  Loading cached version of road network...
  Loaded cached network in 0.13 seconds.
  Pruning scenario...
  Pruned scenario in 2.003e-05 seconds.
Scenario constructed in 1.39 seconds.
  Connecting to CARLA on port 2000
  Map loaded in simulator.
  Generated scene in 1 iterations, 0.007668 seconds.
  Beginning simulation of top-level scenario...
  Ran simulation in 28.44 seconds.
Beginning scenario construction...
pygame 2.6.1 (SDL 2.28.4, Python 3.10.12)
Hello from the pygame community. https://www.pygame.org/contribute.html
  Loading cached version of road network...
  Loaded cached network in 0.13 seconds.
  Pruning scenario...
  Pruned scenario in 2.217e-05 seconds.
Scenario constructed in 1.38 seconds.
  Connecting to CARLA on port 2000
  Map loaded in simulator.
  Generated scene in 1 iterations, 0.00685 seconds.
  Beginning simulation of top-level scenario...
  Ran simulation in 27.38 seconds.
Beginning scenario construction...
pygame 2.6.1 (SDL 2.28.4, Python 3.10.12)
Hello from the pygame community. https://www.pygame.org/contribute.html
  Loading cached version of road network...
  Loaded cached network in 0.14 seconds.
  Pruning scenario...
  Pruned scenario in 1.836e-05 seconds.
Scenario constructed in 1.39 seconds.
  Connecting to CARLA on port 2000
  Map loaded in simulator.
  Generated scene in 1 iterations, 0.007693 seconds.
  Beginning simulation of top-level scenario...
  Ran simulation in 28.1 seconds.
Beginning scenario construction...
pygame 2.6.1 (SDL 2.28.4, Python 3.10.12)
Hello from the pygame community. https://www.pygame.org/contribute.html
  Loading cached version of road network...
  Loaded cached network in 0.14 seconds.
  Pruning scenario...
  Pruned scenario in 2.003e-05 seconds.
Scenario constructed in 1.40 seconds.
  Connecting to CARLA on port 2000
  Map loaded in simulator.
  Generated scene in 1 iterations, 0.007638 seconds.
  Beginning simulation of top-level scenario...
  Ran simulation in 28.1 seconds.
Beginning scenario construction...
pygame 2.6.1 (SDL 2.28.4, Python 3.10.12)
Hello from the pygame community. https://www.pygame.org/contribute.html
  Loading cached version of road network...
  Loaded cached network in 0.14 seconds.
  Pruning scenario...
  Pruned scenario in 2.193e-05 seconds.
Scenario constructed in 1.40 seconds.
  Connecting to CARLA on port 2000
  Map loaded in simulator.
  Generated scene in 1 iterations, 0.007652 seconds.
  Beginning simulation of top-level scenario...
  Ran simulation in 29.92 seconds.
Beginning scenario construction...
pygame 2.6.1 (SDL 2.28.4, Python 3.10.12)
Hello from the pygame community. https://www.pygame.org/contribute.html
  Loading cached version of road network...
  Loaded cached network in 0.14 seconds.
  Pruning scenario...
  Pruned scenario in 2.074e-05 seconds.
Scenario constructed in 1.40 seconds.
  Connecting to CARLA on port 2000
  Map loaded in simulator.
  Generated scene in 1 iterations, 0.007839 seconds.
  Beginning simulation of top-level scenario...
  Ran simulation in 26.77 seconds.
Beginning scenario construction...
pygame 2.6.1 (SDL 2.28.4, Python 3.10.12)
Hello from the pygame community. https://www.pygame.org/contribute.html
  Loading cached version of road network...
  Loaded cached network in 0.14 seconds.
  Pruning scenario...
  Pruned scenario in 2.098e-05 seconds.
Scenario constructed in 1.40 seconds.
  Connecting to CARLA on port 2000
  Map loaded in simulator.
  Generated scene in 1 iterations, 0.007723 seconds.
  Beginning simulation of top-level scenario...
  Ran simulation in 27.41 seconds.
Beginning scenario construction...
pygame 2.6.1 (SDL 2.28.4, Python 3.10.12)
Hello from the pygame community. https://www.pygame.org/contribute.html
  Loading cached version of road network...
  Loaded cached network in 0.14 seconds.
  Pruning scenario...
  Pruned scenario in 1.955e-05 seconds.
Scenario constructed in 1.39 seconds.
  Connecting to CARLA on port 2000
  Map loaded in simulator.
  Generated scene in 1 iterations, 0.007658 seconds.
  Beginning simulation of top-level scenario...
  Ran simulation in 27.13 seconds.
Beginning scenario construction...
pygame 2.6.1 (SDL 2.28.4, Python 3.10.12)
Hello from the pygame community. https://www.pygame.org/contribute.html
  Loading cached version of road network...
  Loaded cached network in 0.14 seconds.
  Pruning scenario...
  Pruned scenario in 2.217e-05 seconds.
Scenario constructed in 1.40 seconds.
  Connecting to CARLA on port 2000
  Map loaded in simulator.
  Generated scene in 1 iterations, 0.007612 seconds.
  Beginning simulation of top-level scenario...
  Ran simulation in 25.81 seconds.
Beginning scenario construction...
pygame 2.6.1 (SDL 2.28.4, Python 3.10.12)
Hello from the pygame community. https://www.pygame.org/contribute.html
  Loading cached version of road network...
  Loaded cached network in 0.14 seconds.
  Pruning scenario...
  Pruned scenario in 2.146e-05 seconds.
Scenario constructed in 1.39 seconds.
  Connecting to CARLA on port 2000
  Map loaded in simulator.
  Generated scene in 1 iterations, 0.007599 seconds.
  Beginning simulation of top-level scenario...
  Ran simulation in 26.25 seconds.
Beginning scenario construction...
pygame 2.6.1 (SDL 2.28.4, Python 3.10.12)
Hello from the pygame community. https://www.pygame.org/contribute.html
  Loading cached version of road network...
  Loaded cached network in 0.14 seconds.
  Pruning scenario...
  Pruned scenario in 2.074e-05 seconds.
Scenario constructed in 1.41 seconds.
  Connecting to CARLA on port 2000
  Map loaded in simulator.
  Generated scene in 1 iterations, 0.008104 seconds.
  Beginning simulation of top-level scenario...
  Ran simulation in 28.09 seconds.
Beginning scenario construction...
pygame 2.6.1 (SDL 2.28.4, Python 3.10.12)
Hello from the pygame community. https://www.pygame.org/contribute.html
  Loading cached version of road network...
  Loaded cached network in 0.13 seconds.
  Pruning scenario...
  Pruned scenario in 1.812e-05 seconds.
Scenario constructed in 1.38 seconds.
  Connecting to CARLA on port 2000
  Map loaded in simulator.
  Generated scene in 1 iterations, 0.007781 seconds.
  Beginning simulation of top-level scenario...
  Ran simulation in 25.86 seconds.
Beginning scenario construction...
pygame 2.6.1 (SDL 2.28.4, Python 3.10.12)
Hello from the pygame community. https://www.pygame.org/contribute.html
  Loading cached version of road network...
  Loaded cached network in 0.14 seconds.
  Pruning scenario...
  Pruned scenario in 1.979e-05 seconds.
Scenario constructed in 1.40 seconds.
  Connecting to CARLA on port 2000
  Map loaded in simulator.
  Generated scene in 1 iterations, 0.007775 seconds.
  Beginning simulation of top-level scenario...
  Ran simulation in 27.01 seconds.
Beginning scenario construction...
pygame 2.6.1 (SDL 2.28.4, Python 3.10.12)
Hello from the pygame community. https://www.pygame.org/contribute.html
  Loading cached version of road network...
  Loaded cached network in 0.13 seconds.
  Pruning scenario...
  Pruned scenario in 2.193e-05 seconds.
Scenario constructed in 1.38 seconds.
  Connecting to CARLA on port 2000
  Map loaded in simulator.
  Generated scene in 1 iterations, 0.007923 seconds.
  Beginning simulation of top-level scenario...
  Ran simulation in 26.49 seconds.
Beginning scenario construction...
pygame 2.6.1 (SDL 2.28.4, Python 3.10.12)
Hello from the pygame community. https://www.pygame.org/contribute.html
  Loading cached version of road network...
  Loaded cached network in 0.13 seconds.
  Pruning scenario...
  Pruned scenario in 2.122e-05 seconds.
Scenario constructed in 1.39 seconds.
  Connecting to CARLA on port 2000
  Map loaded in simulator.
  Generated scene in 1 iterations, 0.007551 seconds.
  Beginning simulation of top-level scenario...
  Ran simulation in 28.31 seconds.
Beginning scenario construction...
pygame 2.6.1 (SDL 2.28.4, Python 3.10.12)
Hello from the pygame community. https://www.pygame.org/contribute.html
  Loading cached version of road network...
  Loaded cached network in 0.14 seconds.
  Pruning scenario...
  Pruned scenario in 2.003e-05 seconds.
Scenario constructed in 1.38 seconds.
  Connecting to CARLA on port 2000
  Map loaded in simulator.
  Generated scene in 1 iterations, 0.007739 seconds.
  Beginning simulation of top-level scenario...
  Ran simulation in 27.36 seconds.
Beginning scenario construction...
pygame 2.6.1 (SDL 2.28.4, Python 3.10.12)
Hello from the pygame community. https://www.pygame.org/contribute.html
  Loading cached version of road network...
  Loaded cached network in 0.14 seconds.
  Pruning scenario...
  Pruned scenario in 2.146e-05 seconds.
Scenario constructed in 1.40 seconds.
  Connecting to CARLA on port 2000
  Map loaded in simulator.
  Generated scene in 1 iterations, 0.00765 seconds.
  Beginning simulation of top-level scenario...
  Ran simulation in 25.69 seconds.
Beginning scenario construction...
pygame 2.6.1 (SDL 2.28.4, Python 3.10.12)
Hello from the pygame community. https://www.pygame.org/contribute.html
  Loading cached version of road network...
  Loaded cached network in 0.14 seconds.
  Pruning scenario...
  Pruned scenario in 2.146e-05 seconds.
Scenario constructed in 1.39 seconds.
  Connecting to CARLA on port 2000
  Map loaded in simulator.
  Generated scene in 1 iterations, 0.007771 seconds.
  Beginning simulation of top-level scenario...
  Ran simulation in 26.86 seconds.
Beginning scenario construction...
pygame 2.6.1 (SDL 2.28.4, Python 3.10.12)
Hello from the pygame community. https://www.pygame.org/contribute.html
  Loading cached version of road network...
  Loaded cached network in 0.14 seconds.
  Pruning scenario...
  Pruned scenario in 2.027e-05 seconds.
Scenario constructed in 1.39 seconds.
  Connecting to CARLA on port 2000
  Map loaded in simulator.
  Generated scene in 1 iterations, 0.007743 seconds.
  Beginning simulation of top-level scenario...
  Ran simulation in 26.25 seconds.
Beginning scenario construction...
pygame 2.6.1 (SDL 2.28.4, Python 3.10.12)
Hello from the pygame community. https://www.pygame.org/contribute.html
  Loading cached version of road network...
  Loaded cached network in 0.14 seconds.
  Pruning scenario...
  Pruned scenario in 2.193e-05 seconds.
Scenario constructed in 1.39 seconds.
  Connecting to CARLA on port 2000
  Map loaded in simulator.
  Generated scene in 1 iterations, 0.007757 seconds.
  Beginning simulation of top-level scenario...
  Ran simulation in 26.1 seconds.
Beginning scenario construction...
pygame 2.6.1 (SDL 2.28.4, Python 3.10.12)
Hello from the pygame community. https://www.pygame.org/contribute.html
  Loading cached version of road network...
  Loaded cached network in 0.14 seconds.
  Pruning scenario...
  Pruned scenario in 2.05e-05 seconds.
Scenario constructed in 1.40 seconds.
  Connecting to CARLA on port 2000
  Map loaded in simulator.
  Generated scene in 1 iterations, 0.007704 seconds.
  Beginning simulation of top-level scenario...
  Ran simulation in 28.24 seconds.
Beginning scenario construction...
pygame 2.6.1 (SDL 2.28.4, Python 3.10.12)
Hello from the pygame community. https://www.pygame.org/contribute.html
  Loading cached version of road network...
  Loaded cached network in 0.14 seconds.
  Pruning scenario...
  Pruned scenario in 2.241e-05 seconds.
Scenario constructed in 1.39 seconds.
  Connecting to CARLA on port 2000
  Map loaded in simulator.
  Generated scene in 1 iterations, 0.00787 seconds.
  Beginning simulation of top-level scenario...
  Ran simulation in 27.2 seconds.
Beginning scenario construction...
pygame 2.6.1 (SDL 2.28.4, Python 3.10.12)
Hello from the pygame community. https://www.pygame.org/contribute.html
  Loading cached version of road network...
  Loaded cached network in 0.14 seconds.
  Pruning scenario...
  Pruned scenario in 2.48e-05 seconds.
Scenario constructed in 1.42 seconds.
  Connecting to CARLA on port 2000
  Map loaded in simulator.
  Generated scene in 1 iterations, 0.00755 seconds.
  Beginning simulation of top-level scenario...
  Ran simulation in 27.14 seconds.
Beginning scenario construction...
pygame 2.6.1 (SDL 2.28.4, Python 3.10.12)
Hello from the pygame community. https://www.pygame.org/contribute.html
  Loading cached version of road network...
  Loaded cached network in 0.14 seconds.
  Pruning scenario...
  Pruned scenario in 2.122e-05 seconds.
Scenario constructed in 1.41 seconds.
  Connecting to CARLA on port 2000
  Map loaded in simulator.
  Generated scene in 1 iterations, 0.007733 seconds.
  Beginning simulation of top-level scenario...
  Ran simulation in 27.25 seconds.
Beginning scenario construction...
pygame 2.6.1 (SDL 2.28.4, Python 3.10.12)
Hello from the pygame community. https://www.pygame.org/contribute.html
  Loading cached version of road network...
  Loaded cached network in 0.14 seconds.
  Pruning scenario...
  Pruned scenario in 2.241e-05 seconds.
Scenario constructed in 1.40 seconds.
  Connecting to CARLA on port 2000
  Map loaded in simulator.
  Generated scene in 1 iterations, 0.007674 seconds.
  Beginning simulation of top-level scenario...
  Ran simulation in 30.93 seconds.
Beginning scenario construction...
pygame 2.6.1 (SDL 2.28.4, Python 3.10.12)
Hello from the pygame community. https://www.pygame.org/contribute.html
  Loading cached version of road network...
  Loaded cached network in 0.14 seconds.
  Pruning scenario...
  Pruned scenario in 2.17e-05 seconds.
Scenario constructed in 1.39 seconds.
  Connecting to CARLA on port 2000
  Map loaded in simulator.
  Generated scene in 1 iterations, 0.006776 seconds.
  Beginning simulation of top-level scenario...
  Ran simulation in 25.86 seconds.
Beginning scenario construction...
pygame 2.6.1 (SDL 2.28.4, Python 3.10.12)
Hello from the pygame community. https://www.pygame.org/contribute.html
  Loading cached version of road network...
  Loaded cached network in 0.14 seconds.
  Pruning scenario...
  Pruned scenario in 2.861e-05 seconds.
Scenario constructed in 1.39 seconds.
  Connecting to CARLA on port 2000
  Map loaded in simulator.
  Generated scene in 1 iterations, 0.007797 seconds.
  Beginning simulation of top-level scenario...
  Ran simulation in 25.27 seconds.
Beginning scenario construction...
pygame 2.6.1 (SDL 2.28.4, Python 3.10.12)
Hello from the pygame community. https://www.pygame.org/contribute.html
  Loading cached version of road network...
  Loaded cached network in 0.14 seconds.
  Pruning scenario...
  Pruned scenario in 2.074e-05 seconds.
Scenario constructed in 1.39 seconds.
  Connecting to CARLA on port 2000
  Map loaded in simulator.
  Generated scene in 1 iterations, 0.007625 seconds.
  Beginning simulation of top-level scenario...
  Ran simulation in 26.5 seconds.
Beginning scenario construction...
pygame 2.6.1 (SDL 2.28.4, Python 3.10.12)
Hello from the pygame community. https://www.pygame.org/contribute.html
  Loading cached version of road network...
  Loaded cached network in 0.13 seconds.
  Pruning scenario...
  Pruned scenario in 1.955e-05 seconds.
Scenario constructed in 1.39 seconds.
  Connecting to CARLA on port 2000
  Map loaded in simulator.
  Generated scene in 1 iterations, 0.007606 seconds.
  Beginning simulation of top-level scenario...
  Ran simulation in 26.76 seconds.
Beginning scenario construction...
pygame 2.6.1 (SDL 2.28.4, Python 3.10.12)
Hello from the pygame community. https://www.pygame.org/contribute.html
  Loading cached version of road network...
  Loaded cached network in 0.14 seconds.
  Pruning scenario...
  Pruned scenario in 2.193e-05 seconds.
Scenario constructed in 1.39 seconds.
  Connecting to CARLA on port 2000
  Map loaded in simulator.
  Generated scene in 1 iterations, 0.007634 seconds.
  Beginning simulation of top-level scenario...
  Ran simulation in 26.15 seconds.
Beginning scenario construction...
pygame 2.6.1 (SDL 2.28.4, Python 3.10.12)
Hello from the pygame community. https://www.pygame.org/contribute.html
  Loading cached version of road network...
  Loaded cached network in 0.14 seconds.
  Pruning scenario...
  Pruned scenario in 2.098e-05 seconds.
Scenario constructed in 1.40 seconds.
  Connecting to CARLA on port 2000
  Map loaded in simulator.
  Generated scene in 1 iterations, 0.007639 seconds.
  Beginning simulation of top-level scenario...
  Ran simulation in 27.39 seconds.
Beginning scenario construction...
pygame 2.6.1 (SDL 2.28.4, Python 3.10.12)
Hello from the pygame community. https://www.pygame.org/contribute.html
  Loading cached version of road network...
  Loaded cached network in 0.14 seconds.
  Pruning scenario...
  Pruned scenario in 2.408e-05 seconds.
Scenario constructed in 1.39 seconds.
  Connecting to CARLA on port 2000
  Map loaded in simulator.
  Generated scene in 1 iterations, 0.007943 seconds.
  Beginning simulation of top-level scenario...
  Ran simulation in 27.07 seconds.
Beginning scenario construction...
pygame 2.6.1 (SDL 2.28.4, Python 3.10.12)
Hello from the pygame community. https://www.pygame.org/contribute.html
  Loading cached version of road network...
  Loaded cached network in 0.14 seconds.
  Pruning scenario...
  Pruned scenario in 2.694e-05 seconds.
Scenario constructed in 1.39 seconds.
  Connecting to CARLA on port 2000
  Map loaded in simulator.
  Generated scene in 1 iterations, 0.007574 seconds.
  Beginning simulation of top-level scenario...
  Ran simulation in 27.08 seconds.
Beginning scenario construction...
pygame 2.6.1 (SDL 2.28.4, Python 3.10.12)
Hello from the pygame community. https://www.pygame.org/contribute.html
  Loading cached version of road network...
  Loaded cached network in 0.13 seconds.
  Pruning scenario...
  Pruned scenario in 2.074e-05 seconds.
Scenario constructed in 1.38 seconds.
  Connecting to CARLA on port 2000
  Map loaded in simulator.
  Generated scene in 1 iterations, 0.007861 seconds.
  Beginning simulation of top-level scenario...
  Ran simulation in 26.88 seconds.
Beginning scenario construction...
pygame 2.6.1 (SDL 2.28.4, Python 3.10.12)
Hello from the pygame community. https://www.pygame.org/contribute.html
  Loading cached version of road network...
  Loaded cached network in 0.13 seconds.
  Pruning scenario...
  Pruned scenario in 2.146e-05 seconds.
Scenario constructed in 1.39 seconds.
  Connecting to CARLA on port 2000
  Map loaded in simulator.
  Generated scene in 1 iterations, 0.007668 seconds.
  Beginning simulation of top-level scenario...
  Ran simulation in 26.39 seconds.
Beginning scenario construction...
pygame 2.6.1 (SDL 2.28.4, Python 3.10.12)
Hello from the pygame community. https://www.pygame.org/contribute.html
  Loading cached version of road network...
  Loaded cached network in 0.14 seconds.
  Pruning scenario...
  Pruned scenario in 2.265e-05 seconds.
Scenario constructed in 1.40 seconds.
  Connecting to CARLA on port 2000
  Map loaded in simulator.
  Generated scene in 1 iterations, 0.007601 seconds.
  Beginning simulation of top-level scenario...
  Ran simulation in 27.63 seconds.
Beginning scenario construction...
pygame 2.6.1 (SDL 2.28.4, Python 3.10.12)
Hello from the pygame community. https://www.pygame.org/contribute.html
  Loading cached version of road network...
  Loaded cached network in 0.14 seconds.
  Pruning scenario...
  Pruned scenario in 2.217e-05 seconds.
Scenario constructed in 1.40 seconds.
  Connecting to CARLA on port 2000
  Map loaded in simulator.
  Generated scene in 1 iterations, 0.00769 seconds.
  Beginning simulation of top-level scenario...
  Ran simulation in 27.85 seconds.
Beginning scenario construction...
pygame 2.6.1 (SDL 2.28.4, Python 3.10.12)
Hello from the pygame community. https://www.pygame.org/contribute.html
  Loading cached version of road network...
  Loaded cached network in 0.14 seconds.
  Pruning scenario...
  Pruned scenario in 2.003e-05 seconds.
Scenario constructed in 1.39 seconds.
  Connecting to CARLA on port 2000
  Map loaded in simulator.
  Generated scene in 1 iterations, 0.007763 seconds.
  Beginning simulation of top-level scenario...
  Ran simulation in 27.34 seconds.
Beginning scenario construction...
pygame 2.6.1 (SDL 2.28.4, Python 3.10.12)
Hello from the pygame community. https://www.pygame.org/contribute.html
  Loading cached version of road network...
  Loaded cached network in 0.13 seconds.
  Pruning scenario...
  Pruned scenario in 2.17e-05 seconds.
Scenario constructed in 1.39 seconds.
  Connecting to CARLA on port 2000
  Map loaded in simulator.
  Generated scene in 1 iterations, 0.007653 seconds.
  Beginning simulation of top-level scenario...
  Ran simulation in 27.28 seconds.
Beginning scenario construction...
pygame 2.6.1 (SDL 2.28.4, Python 3.10.12)
Hello from the pygame community. https://www.pygame.org/contribute.html
  Loading cached version of road network...
  Loaded cached network in 0.13 seconds.
  Pruning scenario...
  Pruned scenario in 2.313e-05 seconds.
Scenario constructed in 1.39 seconds.
  Connecting to CARLA on port 2000
  Map loaded in simulator.
  Generated scene in 1 iterations, 0.007526 seconds.
  Beginning simulation of top-level scenario...
  Ran simulation in 26.8 seconds.
Beginning scenario construction...
pygame 2.6.1 (SDL 2.28.4, Python 3.10.12)
Hello from the pygame community. https://www.pygame.org/contribute.html
  Loading cached version of road network...
  Loaded cached network in 0.14 seconds.
  Pruning scenario...
  Pruned scenario in 2.241e-05 seconds.
Scenario constructed in 1.39 seconds.
  Connecting to CARLA on port 2000
  Map loaded in simulator.
  Generated scene in 1 iterations, 0.007912 seconds.
  Beginning simulation of top-level scenario...
  Ran simulation in 26.41 seconds.
Beginning scenario construction...
pygame 2.6.1 (SDL 2.28.4, Python 3.10.12)
Hello from the pygame community. https://www.pygame.org/contribute.html
  Loading cached version of road network...
  Loaded cached network in 0.13 seconds.
  Pruning scenario...
  Pruned scenario in 2.146e-05 seconds.
Scenario constructed in 1.39 seconds.
  Connecting to CARLA on port 2000
  Map loaded in simulator.
  Generated scene in 1 iterations, 0.007581 seconds.
  Beginning simulation of top-level scenario...
  Ran simulation in 26.66 seconds.
Beginning scenario construction...
pygame 2.6.1 (SDL 2.28.4, Python 3.10.12)
Hello from the pygame community. https://www.pygame.org/contribute.html
  Loading cached version of road network...
  Loaded cached network in 0.14 seconds.
  Pruning scenario...
  Pruned scenario in 1.979e-05 seconds.
Scenario constructed in 1.41 seconds.
  Connecting to CARLA on port 2000
  Map loaded in simulator.
  Generated scene in 1 iterations, 0.007503 seconds.
  Beginning simulation of top-level scenario...
  Ran simulation in 29.66 seconds.
Beginning scenario construction...
pygame 2.6.1 (SDL 2.28.4, Python 3.10.12)
Hello from the pygame community. https://www.pygame.org/contribute.html
  Loading cached version of road network...
  Loaded cached network in 0.13 seconds.
  Pruning scenario...
  Pruned scenario in 2.17e-05 seconds.
Scenario constructed in 1.39 seconds.
  Connecting to CARLA on port 2000
  Map loaded in simulator.
  Generated scene in 1 iterations, 0.007175 seconds.
  Beginning simulation of top-level scenario...
  Ran simulation in 27.46 seconds.
Beginning scenario construction...
pygame 2.6.1 (SDL 2.28.4, Python 3.10.12)
Hello from the pygame community. https://www.pygame.org/contribute.html
  Loading cached version of road network...
  Loaded cached network in 0.13 seconds.
  Pruning scenario...
  Pruned scenario in 2.122e-05 seconds.
Scenario constructed in 1.37 seconds.
  Connecting to CARLA on port 2000
  Map loaded in simulator.
  Generated scene in 1 iterations, 0.007717 seconds.
  Beginning simulation of top-level scenario...
  Ran simulation in 27.54 seconds.
Beginning scenario construction...
pygame 2.6.1 (SDL 2.28.4, Python 3.10.12)
Hello from the pygame community. https://www.pygame.org/contribute.html
  Loading cached version of road network...
  Loaded cached network in 0.14 seconds.
  Pruning scenario...
  Pruned scenario in 3.076e-05 seconds.
Scenario constructed in 1.40 seconds.
  Connecting to CARLA on port 2000
  Map loaded in simulator.
  Generated scene in 1 iterations, 0.007903 seconds.
  Beginning simulation of top-level scenario...
  Ran simulation in 27.37 seconds.
Beginning scenario construction...
pygame 2.6.1 (SDL 2.28.4, Python 3.10.12)
Hello from the pygame community. https://www.pygame.org/contribute.html
  Loading cached version of road network...
  Loaded cached network in 0.14 seconds.
  Pruning scenario...
  Pruned scenario in 2.122e-05 seconds.
Scenario constructed in 1.39 seconds.
  Connecting to CARLA on port 2000
  Map loaded in simulator.
  Generated scene in 1 iterations, 0.007607 seconds.
  Beginning simulation of top-level scenario...
  Ran simulation in 25.9 seconds.
Beginning scenario construction...
pygame 2.6.1 (SDL 2.28.4, Python 3.10.12)
Hello from the pygame community. https://www.pygame.org/contribute.html
  Loading cached version of road network...
  Loaded cached network in 0.13 seconds.
  Pruning scenario...
  Pruned scenario in 2.289e-05 seconds.
Scenario constructed in 1.41 seconds.
  Connecting to CARLA on port 2000
  Map loaded in simulator.
  Generated scene in 1 iterations, 0.007663 seconds.
  Beginning simulation of top-level scenario...
  Ran simulation in 26.22 seconds.
Beginning scenario construction...
pygame 2.6.1 (SDL 2.28.4, Python 3.10.12)
Hello from the pygame community. https://www.pygame.org/contribute.html
  Loading cached version of road network...
  Loaded cached network in 0.13 seconds.
  Pruning scenario...
  Pruned scenario in 2.003e-05 seconds.
Scenario constructed in 1.39 seconds.
  Connecting to CARLA on port 2000
  Map loaded in simulator.
  Generated scene in 1 iterations, 0.007683 seconds.
  Beginning simulation of top-level scenario...
  Ran simulation in 26.15 seconds.
Beginning scenario construction...
pygame 2.6.1 (SDL 2.28.4, Python 3.10.12)
Hello from the pygame community. https://www.pygame.org/contribute.html
  Loading cached version of road network...
  Loaded cached network in 0.14 seconds.
  Pruning scenario...
  Pruned scenario in 2.05e-05 seconds.
Scenario constructed in 1.40 seconds.
  Connecting to CARLA on port 2000
  Map loaded in simulator.
  Generated scene in 1 iterations, 0.007609 seconds.
  Beginning simulation of top-level scenario...
  Ran simulation in 26.87 seconds.
Beginning scenario construction...
pygame 2.6.1 (SDL 2.28.4, Python 3.10.12)
Hello from the pygame community. https://www.pygame.org/contribute.html
  Loading cached version of road network...
  Loaded cached network in 0.14 seconds.
  Pruning scenario...
  Pruned scenario in 2.217e-05 seconds.
Scenario constructed in 1.40 seconds.
  Connecting to CARLA on port 2000
  Map loaded in simulator.
  Generated scene in 1 iterations, 0.006895 seconds.
  Beginning simulation of top-level scenario...
  Ran simulation in 27.16 seconds.
Beginning scenario construction...
pygame 2.6.1 (SDL 2.28.4, Python 3.10.12)
Hello from the pygame community. https://www.pygame.org/contribute.html
  Loading cached version of road network...
  Loaded cached network in 0.14 seconds.
  Pruning scenario...
  Pruned scenario in 2.098e-05 seconds.
Scenario constructed in 1.40 seconds.
  Connecting to CARLA on port 2000
  Map loaded in simulator.
  Generated scene in 1 iterations, 0.007586 seconds.
  Beginning simulation of top-level scenario...
  Ran simulation in 27.12 seconds.
Beginning scenario construction...
pygame 2.6.1 (SDL 2.28.4, Python 3.10.12)
Hello from the pygame community. https://www.pygame.org/contribute.html
  Loading cached version of road network...
  Loaded cached network in 0.14 seconds.
  Pruning scenario...
  Pruned scenario in 2.17e-05 seconds.
Scenario constructed in 1.39 seconds.
  Connecting to CARLA on port 2000
  Map loaded in simulator.
  Generated scene in 1 iterations, 0.006955 seconds.
  Beginning simulation of top-level scenario...
  Ran simulation in 27.19 seconds.
Beginning scenario construction...
pygame 2.6.1 (SDL 2.28.4, Python 3.10.12)
Hello from the pygame community. https://www.pygame.org/contribute.html
  Loading cached version of road network...
  Loaded cached network in 0.13 seconds.
  Pruning scenario...
  Pruned scenario in 2.36e-05 seconds.
Scenario constructed in 1.40 seconds.
  Connecting to CARLA on port 2000
  Map loaded in simulator.
  Generated scene in 1 iterations, 0.007597 seconds.
  Beginning simulation of top-level scenario...
  Ran simulation in 27.78 seconds.
Beginning scenario construction...
pygame 2.6.1 (SDL 2.28.4, Python 3.10.12)
Hello from the pygame community. https://www.pygame.org/contribute.html
  Loading cached version of road network...
  Loaded cached network in 0.14 seconds.
  Pruning scenario...
  Pruned scenario in 2.05e-05 seconds.
Scenario constructed in 1.38 seconds.
  Connecting to CARLA on port 2000
  Map loaded in simulator.
  Generated scene in 1 iterations, 0.007775 seconds.
  Beginning simulation of top-level scenario...
  Ran simulation in 27.01 seconds.
Beginning scenario construction...
pygame 2.6.1 (SDL 2.28.4, Python 3.10.12)
Hello from the pygame community. https://www.pygame.org/contribute.html
  Loading cached version of road network...
  Loaded cached network in 0.13 seconds.
  Pruning scenario...
  Pruned scenario in 2.05e-05 seconds.
Scenario constructed in 1.40 seconds.
  Connecting to CARLA on port 2000
  Map loaded in simulator.
  Generated scene in 1 iterations, 0.007524 seconds.
  Beginning simulation of top-level scenario...
  Ran simulation in 27.44 seconds.
Beginning scenario construction...
pygame 2.6.1 (SDL 2.28.4, Python 3.10.12)
Hello from the pygame community. https://www.pygame.org/contribute.html
  Loading cached version of road network...
  Loaded cached network in 0.13 seconds.
  Pruning scenario...
  Pruned scenario in 2.766e-05 seconds.
Scenario constructed in 1.39 seconds.
  Connecting to CARLA on port 2000
  Map loaded in simulator.
  Generated scene in 1 iterations, 0.007787 seconds.
  Beginning simulation of top-level scenario...
  Ran simulation in 27.96 seconds.
Beginning scenario construction...
pygame 2.6.1 (SDL 2.28.4, Python 3.10.12)
Hello from the pygame community. https://www.pygame.org/contribute.html
  Loading cached version of road network...
  Loaded cached network in 0.14 seconds.
  Pruning scenario...
  Pruned scenario in 2.265e-05 seconds.
Scenario constructed in 1.41 seconds.
  Connecting to CARLA on port 2000
  Map loaded in simulator.
  Generated scene in 1 iterations, 0.007718 seconds.
  Beginning simulation of top-level scenario...
  Ran simulation in 27.1 seconds.
Beginning scenario construction...
pygame 2.6.1 (SDL 2.28.4, Python 3.10.12)
Hello from the pygame community. https://www.pygame.org/contribute.html
  Loading cached version of road network...
  Loaded cached network in 0.14 seconds.
  Pruning scenario...
  Pruned scenario in 1.907e-05 seconds.
Scenario constructed in 1.39 seconds.
  Connecting to CARLA on port 2000
  Map loaded in simulator.
  Generated scene in 1 iterations, 0.007505 seconds.
  Beginning simulation of top-level scenario...
  Ran simulation in 28 seconds.
Beginning scenario construction...
pygame 2.6.1 (SDL 2.28.4, Python 3.10.12)
Hello from the pygame community. https://www.pygame.org/contribute.html
  Loading cached version of road network...
  Loaded cached network in 0.14 seconds.
  Pruning scenario...
  Pruned scenario in 2.05e-05 seconds.
Scenario constructed in 1.38 seconds.
  Connecting to CARLA on port 2000
  Map loaded in simulator.
  Generated scene in 1 iterations, 0.007621 seconds.
  Beginning simulation of top-level scenario...
  Ran simulation in 26.59 seconds.
Beginning scenario construction...
pygame 2.6.1 (SDL 2.28.4, Python 3.10.12)
Hello from the pygame community. https://www.pygame.org/contribute.html
  Loading cached version of road network...
  Loaded cached network in 0.14 seconds.
  Pruning scenario...
  Pruned scenario in 1.955e-05 seconds.
Scenario constructed in 1.41 seconds.
  Connecting to CARLA on port 2000
  Map loaded in simulator.
  Generated scene in 1 iterations, 0.00796 seconds.
  Beginning simulation of top-level scenario...
  Ran simulation in 28.58 seconds.
Beginning scenario construction...
pygame 2.6.1 (SDL 2.28.4, Python 3.10.12)
Hello from the pygame community. https://www.pygame.org/contribute.html
  Loading cached version of road network...
  Loaded cached network in 0.13 seconds.
  Pruning scenario...
  Pruned scenario in 2.48e-05 seconds.
Scenario constructed in 1.40 seconds.
  Connecting to CARLA on port 2000
  Map loaded in simulator.
  Generated scene in 1 iterations, 0.00767 seconds.
  Beginning simulation of top-level scenario...
  Ran simulation in 26.79 seconds.
Beginning scenario construction...
pygame 2.6.1 (SDL 2.28.4, Python 3.10.12)
Hello from the pygame community. https://www.pygame.org/contribute.html
  Loading cached version of road network...
  Loaded cached network in 0.13 seconds.
  Pruning scenario...
  Pruned scenario in 2.003e-05 seconds.
Scenario constructed in 1.40 seconds.
  Connecting to CARLA on port 2000
  Map loaded in simulator.
  Generated scene in 1 iterations, 0.00764 seconds.
  Beginning simulation of top-level scenario...
  Ran simulation in 27.29 seconds.
Beginning scenario construction...
pygame 2.6.1 (SDL 2.28.4, Python 3.10.12)
Hello from the pygame community. https://www.pygame.org/contribute.html
  Loading cached version of road network...
  Loaded cached network in 0.14 seconds.
  Pruning scenario...
  Pruned scenario in 1.931e-05 seconds.
Scenario constructed in 1.40 seconds.
  Connecting to CARLA on port 2000
  Map loaded in simulator.
  Generated scene in 1 iterations, 0.007672 seconds.
  Beginning simulation of top-level scenario...
  Ran simulation in 28.22 seconds.
Executing sim 0
Simulation 0 failed. Retrying...
Executing sim 1
Executing sim 2
Executing sim 3
Executing sim 4
Executing sim 5
Executing sim 6
Executing sim 7
Executing sim 8
Executing sim 9
Executing sim 10
Executing sim 11
Executing sim 12
Executing sim 13
Executing sim 14
Executing sim 15
Executing sim 16
Executing sim 17
Executing sim 18
Executing sim 19
Executing sim 20
Executing sim 21
Executing sim 22
Executing sim 23
Executing sim 24
Executing sim 25
Executing sim 26
Executing sim 27
Executing sim 28
Executing sim 29
Executing sim 30
Executing sim 31
Executing sim 32
Executing sim 33
Executing sim 34
Executing sim 35
Executing sim 36
Executing sim 37
Executing sim 38
Executing sim 39
Executing sim 40
Executing sim 41
Executing sim 42
Executing sim 43
Executing sim 44
Executing sim 45
Executing sim 46
Executing sim 47
Executing sim 48
Executing sim 49
Executing sim 50
Executing sim 51
Executing sim 52
Executing sim 53
Executing sim 54
Executing sim 55
Executing sim 56
Executing sim 57
Executing sim 58
Executing sim 59
Executing sim 60
Executing sim 61
Executing sim 62
Executing sim 63
Executing sim 64
Executing sim 65
Executing sim 66
Executing sim 67
Executing sim 68
Executing sim 69
Executing sim 70
Executing sim 71
Executing sim 72
Executing sim 73
Executing sim 74
Executing sim 75
Executing sim 76
Executing sim 77
Executing sim 78
Executing sim 79
Executing sim 80
Executing sim 81
Executing sim 82
Executing sim 83
Executing sim 84
Executing sim 85
Executing sim 86
Executing sim 87
Executing sim 88
Executing sim 89
Executing sim 90
Executing sim 91
Executing sim 92
Executing sim 93
Executing sim 94
Executing sim 95
Executing sim 96
Executing sim 97
Executing sim 98
Executing sim 99
Executing sim 100
Executing sim 101
Executing sim 102
Executing sim 103
Executing sim 104
Executing sim 105
Executing sim 106
Executing sim 107
Executing sim 108
Executing sim 109
Executing sim 110
Executing sim 111
Executing sim 112
Executing sim 113
Executing sim 114
Executing sim 115
Executing sim 116
Executing sim 117
Executing sim 118
Executing sim 119
Executing sim 120
Executing sim 121
Executing sim 122
Executing sim 123
Executing sim 124
Executing sim 125
Executing sim 126
Executing sim 127
Executing sim 128
Executing sim 129
Executing sim 130
Executing sim 131
Executing sim 132
Executing sim 133
Executing sim 134
Executing sim 135
Executing sim 136
Executing sim 137
Executing sim 138
Executing sim 139
Executing sim 140
Executing sim 141
Executing sim 142
Executing sim 143
Executing sim 144
Executing sim 145
Executing sim 146
Executing sim 147
Executing sim 148
Executing sim 149
Executing sim 150
Executing sim 151
Executing sim 152
Executing sim 153
Executing sim 154
Executing sim 155
Executing sim 156
Executing sim 157
Executing sim 158
Executing sim 159
Executing sim 160
Executing sim 161
Executing sim 162
Executing sim 163
Executing sim 164
Executing sim 165
Executing sim 166
Executing sim 167
Executing sim 168
Executing sim 169
Executing sim 170
Executing sim 171
Executing sim 172
Executing sim 173
Executing sim 174
Executing sim 175
Executing sim 176
Executing sim 177
Executing sim 178
Executing sim 179
Executing sim 180
Executing sim 181
Executing sim 182
Executing sim 183
Executing sim 184
Executing sim 185
Executing sim 186
Executing sim 187
Executing sim 188
Executing sim 189
Executing sim 190
Executing sim 191
Executing sim 192
Executing sim 193
Executing sim 194
Executing sim 195
Executing sim 196
Executing sim 197
Executing sim 198
Executing sim 199
Executing sim 200
Executing sim 201
Executing sim 202
Executing sim 203
Executing sim 204
Executing sim 205
Executing sim 206
Executing sim 207
Executing sim 208
Executing sim 209
Executing sim 210
Executing sim 211
Executing sim 212
Executing sim 213
Executing sim 214
Executing sim 215
Executing sim 216
Executing sim 217
Executing sim 218
Executing sim 219
Executing sim 220
Executing sim 221
Executing sim 222
Executing sim 223
Executing sim 224
Executing sim 225
Executing sim 226
Executing sim 227
Executing sim 228
Executing sim 229
Executing sim 230
Executing sim 231
Executing sim 232
Executing sim 233
Executing sim 234
Executing sim 235
Executing sim 236
Executing sim 237
Executing sim 238
Executing sim 239
Executing sim 240
Executing sim 241
Executing sim 242
Executing sim 243
Executing sim 244
Executing sim 245
Executing sim 246
Executing sim 247
Executing sim 248
Executing sim 249
Executing sim 250
Executing sim 251
Executing sim 252
Executing sim 253
Executing sim 254
Executing sim 255
Executing sim 256
Executing sim 257
Executing sim 258
Executing sim 259
Executing sim 260
Executing sim 261
Executing sim 262
Executing sim 263
Executing sim 264
Executing sim 265
Executing sim 266
Executing sim 267
Executing sim 268
Executing sim 269
Executing sim 270
Executing sim 271
Executing sim 272
Executing sim 273
Executing sim 274
Executing sim 275
Executing sim 276
Executing sim 277
Executing sim 278
Executing sim 279
Executing sim 280
Executing sim 281
Executing sim 282
Executing sim 283
Executing sim 284
Executing sim 285
Executing sim 286
Executing sim 287
Executing sim 288
Executing sim 289
Executing sim 290
Executing sim 291
Executing sim 292
Executing sim 293
Executing sim 294
Executing sim 295
Executing sim 296
Executing sim 297
Executing sim 298
Executing sim 299
Executing sim 300
Executing sim 301
Executing sim 302
Executing sim 303
Executing sim 304
Executing sim 305
Executing sim 306
Executing sim 307
Executing sim 308
Executing sim 309
Executing sim 310
Executing sim 311
Executing sim 312
Executing sim 313
Executing sim 314
Executing sim 315
Executing sim 316
Executing sim 317
Executing sim 318
Executing sim 319
Executing sim 320
Executing sim 321
Executing sim 322
Executing sim 323
Executing sim 324
Executing sim 325
Executing sim 326
Executing sim 327
Executing sim 328
Executing sim 329
Executing sim 330
Executing sim 331
Executing sim 332
Executing sim 333
Executing sim 334
Executing sim 335
Executing sim 336
Executing sim 337
Executing sim 338
Executing sim 339
Executing sim 340
Executing sim 341
Executing sim 342
Executing sim 343
Executing sim 344
Executing sim 345
Executing sim 346
Executing sim 347
Executing sim 348
Executing sim 349
Executing sim 350
Executing sim 351
Executing sim 352
Executing sim 353
Executing sim 354
Executing sim 355
Executing sim 356
Executing sim 357
Executing sim 358
Executing sim 359
Executing sim 360
Executing sim 361
Executing sim 362
Executing sim 363
Executing sim 364
Executing sim 365
Executing sim 366
Executing sim 367
Executing sim 368
Executing sim 369
Executing sim 370
Executing sim 371
Executing sim 372
Executing sim 373
Executing sim 374
Executing sim 375
Executing sim 376
Executing sim 377
Executing sim 378
Executing sim 379
Executing sim 380
Executing sim 381
Executing sim 382
Executing sim 383
Executing sim 384
Executing sim 385
Executing sim 386
Executing sim 387
Executing sim 388
Executing sim 389
Executing sim 390
Executing sim 391
Executing sim 392
Executing sim 393
Executing sim 394
Executing sim 395
Executing sim 396
Executing sim 397
Executing sim 398
Executing sim 399
Executing sim 400
Executing sim 401
Executing sim 402
Executing sim 403
Executing sim 404
Executing sim 405
Executing sim 406
Executing sim 407
Executing sim 408
Executing sim 409
Executing sim 410
Executing sim 411
Executing sim 412
Executing sim 413
Executing sim 414
Executing sim 415
Executing sim 416
Executing sim 417
Executing sim 418
Executing sim 419
Executing sim 420
Executing sim 421
Executing sim 422
Executing sim 423
Executing sim 424
Executing sim 425
Executing sim 426
Executing sim 427
Executing sim 428
Executing sim 429
Executing sim 430
Executing sim 431
Executing sim 432
Executing sim 433
Executing sim 434
Executing sim 435
Executing sim 436
Executing sim 437
Executing sim 438
Executing sim 439
Executing sim 440
Executing sim 441
Executing sim 442
Executing sim 443
Executing sim 444
Executing sim 445
Executing sim 446
Executing sim 447
Executing sim 448
Executing sim 449
Executing sim 450
Executing sim 451
Executing sim 452
Executing sim 453
Executing sim 454
Executing sim 455
Executing sim 456
Executing sim 457
Executing sim 458
Beginning scenario construction...
pygame 2.6.1 (SDL 2.28.4, Python 3.10.12)
Hello from the pygame community. https://www.pygame.org/contribute.html
  Loading cached version of road network...
  Loaded cached network in 0.14 seconds.
  Pruning scenario...
  Pruned scenario in 2.074e-05 seconds.
Scenario constructed in 1.41 seconds.
  Connecting to CARLA on port 2000
  Map loaded in simulator.
  Generated scene in 1 iterations, 0.007882 seconds.
  Beginning simulation of top-level scenario...
  Ran simulation in 28.25 seconds.
Beginning scenario construction...
pygame 2.6.1 (SDL 2.28.4, Python 3.10.12)
Hello from the pygame community. https://www.pygame.org/contribute.html
  Loading cached version of road network...
  Loaded cached network in 0.14 seconds.
  Pruning scenario...
  Pruned scenario in 2.193e-05 seconds.
Scenario constructed in 1.40 seconds.
  Connecting to CARLA on port 2000
  Map loaded in simulator.
  Generated scene in 1 iterations, 0.007604 seconds.
  Beginning simulation of top-level scenario...
  Ran simulation in 27.79 seconds.
Beginning scenario construction...
pygame 2.6.1 (SDL 2.28.4, Python 3.10.12)
Hello from the pygame community. https://www.pygame.org/contribute.html
  Loading cached version of road network...
  Loaded cached network in 0.13 seconds.
  Pruning scenario...
  Pruned scenario in 3.457e-05 seconds.
Scenario constructed in 1.38 seconds.
  Connecting to CARLA on port 2000
  Map loaded in simulator.
  Generated scene in 1 iterations, 0.00758 seconds.
  Beginning simulation of top-level scenario...
  Ran simulation in 27.76 seconds.
Beginning scenario construction...
pygame 2.6.1 (SDL 2.28.4, Python 3.10.12)
Hello from the pygame community. https://www.pygame.org/contribute.html
  Loading cached version of road network...
  Loaded cached network in 0.14 seconds.
  Pruning scenario...
  Pruned scenario in 2.289e-05 seconds.
Scenario constructed in 1.40 seconds.
  Connecting to CARLA on port 2000
  Map loaded in simulator.
  Generated scene in 1 iterations, 0.007596 seconds.
  Beginning simulation of top-level scenario...
  Ran simulation in 28.87 seconds.
Beginning scenario construction...
pygame 2.6.1 (SDL 2.28.4, Python 3.10.12)
Hello from the pygame community. https://www.pygame.org/contribute.html
  Loading cached version of road network...
  Loaded cached network in 0.14 seconds.
  Pruning scenario...
  Pruned scenario in 2.098e-05 seconds.
Scenario constructed in 1.38 seconds.
  Connecting to CARLA on port 2000
  Map loaded in simulator.
  Generated scene in 1 iterations, 0.007673 seconds.
  Beginning simulation of top-level scenario...
  Ran simulation in 26.84 seconds.
Beginning scenario construction...
pygame 2.6.1 (SDL 2.28.4, Python 3.10.12)
Hello from the pygame community. https://www.pygame.org/contribute.html
  Loading cached version of road network...
  Loaded cached network in 0.14 seconds.
  Pruning scenario...
  Pruned scenario in 2.766e-05 seconds.
Scenario constructed in 1.40 seconds.
  Connecting to CARLA on port 2000
  Map loaded in simulator.
  Generated scene in 1 iterations, 0.007643 seconds.
  Beginning simulation of top-level scenario...
  Ran simulation in 27.03 seconds.
Beginning scenario construction...
pygame 2.6.1 (SDL 2.28.4, Python 3.10.12)
Hello from the pygame community. https://www.pygame.org/contribute.html
  Loading cached version of road network...
  Loaded cached network in 0.14 seconds.
  Pruning scenario...
  Pruned scenario in 2.241e-05 seconds.
Scenario constructed in 1.40 seconds.
  Connecting to CARLA on port 2000
  Map loaded in simulator.
  Generated scene in 1 iterations, 0.007645 seconds.
  Beginning simulation of top-level scenario...
  Ran simulation in 28.21 seconds.
Beginning scenario construction...
pygame 2.6.1 (SDL 2.28.4, Python 3.10.12)
Hello from the pygame community. https://www.pygame.org/contribute.html
  Loading cached version of road network...
  Loaded cached network in 0.14 seconds.
  Pruning scenario...
  Pruned scenario in 2.074e-05 seconds.
Scenario constructed in 1.42 seconds.
  Connecting to CARLA on port 2000
  Map loaded in simulator.
  Generated scene in 1 iterations, 0.0077 seconds.
  Beginning simulation of top-level scenario...
  Ran simulation in 26.76 seconds.
Beginning scenario construction...
pygame 2.6.1 (SDL 2.28.4, Python 3.10.12)
Hello from the pygame community. https://www.pygame.org/contribute.html
  Loading cached version of road network...
  Loaded cached network in 0.14 seconds.
  Pruning scenario...
  Pruned scenario in 2.17e-05 seconds.
Scenario constructed in 1.42 seconds.
  Connecting to CARLA on port 2000
  Map loaded in simulator.
  Generated scene in 1 iterations, 0.006717 seconds.
  Beginning simulation of top-level scenario...
  Ran simulation in 29.05 seconds.
Beginning scenario construction...
pygame 2.6.1 (SDL 2.28.4, Python 3.10.12)
Hello from the pygame community. https://www.pygame.org/contribute.html
  Loading cached version of road network...
  Loaded cached network in 0.14 seconds.
  Pruning scenario...
  Pruned scenario in 2.217e-05 seconds.
Scenario constructed in 1.41 seconds.
  Connecting to CARLA on port 2000
  Map loaded in simulator.
  Generated scene in 1 iterations, 0.007648 seconds.
  Beginning simulation of top-level scenario...
  Ran simulation in 26.48 seconds.
Beginning scenario construction...
pygame 2.6.1 (SDL 2.28.4, Python 3.10.12)
Hello from the pygame community. https://www.pygame.org/contribute.html
  Loading cached version of road network...
  Loaded cached network in 0.14 seconds.
  Pruning scenario...
  Pruned scenario in 2.241e-05 seconds.
Scenario constructed in 1.40 seconds.
  Connecting to CARLA on port 2000
  Map loaded in simulator.
  Generated scene in 1 iterations, 0.007753 seconds.
  Beginning simulation of top-level scenario...
  Ran simulation in 26.4 seconds.
Beginning scenario construction...
pygame 2.6.1 (SDL 2.28.4, Python 3.10.12)
Hello from the pygame community. https://www.pygame.org/contribute.html
  Loading cached version of road network...
  Loaded cached network in 0.13 seconds.
  Pruning scenario...
  Pruned scenario in 2.193e-05 seconds.
Scenario constructed in 1.42 seconds.
  Connecting to CARLA on port 2000
  Map loaded in simulator.
  Generated scene in 1 iterations, 0.006857 seconds.
  Beginning simulation of top-level scenario...
  Ran simulation in 25.77 seconds.
Beginning scenario construction...
pygame 2.6.1 (SDL 2.28.4, Python 3.10.12)
Hello from the pygame community. https://www.pygame.org/contribute.html
  Loading cached version of road network...
  Loaded cached network in 0.14 seconds.
  Pruning scenario...
  Pruned scenario in 2.456e-05 seconds.
Scenario constructed in 1.40 seconds.
  Connecting to CARLA on port 2000
  Map loaded in simulator.
  Generated scene in 1 iterations, 0.007853 seconds.
  Beginning simulation of top-level scenario...
  Ran simulation in 28.49 seconds.
Beginning scenario construction...
pygame 2.6.1 (SDL 2.28.4, Python 3.10.12)
Hello from the pygame community. https://www.pygame.org/contribute.html
  Loading cached version of road network...
  Loaded cached network in 0.14 seconds.
  Pruning scenario...
  Pruned scenario in 2.527e-05 seconds.
Scenario constructed in 1.43 seconds.
  Connecting to CARLA on port 2000
  Map loaded in simulator.
  Generated scene in 1 iterations, 0.007486 seconds.
  Beginning simulation of top-level scenario...
  Ran simulation in 28.16 seconds.
Beginning scenario construction...
pygame 2.6.1 (SDL 2.28.4, Python 3.10.12)
Hello from the pygame community. https://www.pygame.org/contribute.html
  Loading cached version of road network...
  Loaded cached network in 0.13 seconds.
  Pruning scenario...
  Pruned scenario in 2.432e-05 seconds.
Scenario constructed in 1.40 seconds.
  Connecting to CARLA on port 2000
  Map loaded in simulator.
  Generated scene in 1 iterations, 0.007659 seconds.
  Beginning simulation of top-level scenario...
  Ran simulation in 27.97 seconds.
Beginning scenario construction...
pygame 2.6.1 (SDL 2.28.4, Python 3.10.12)
Hello from the pygame community. https://www.pygame.org/contribute.html
  Loading cached version of road network...
  Loaded cached network in 0.14 seconds.
  Pruning scenario...
  Pruned scenario in 2.265e-05 seconds.
Scenario constructed in 1.44 seconds.
  Connecting to CARLA on port 2000
  Map loaded in simulator.
  Generated scene in 1 iterations, 0.007762 seconds.
  Beginning simulation of top-level scenario...
  Ran simulation in 28.52 seconds.
Beginning scenario construction...
pygame 2.6.1 (SDL 2.28.4, Python 3.10.12)
Hello from the pygame community. https://www.pygame.org/contribute.html
  Loading cached version of road network...
  Loaded cached network in 0.14 seconds.
  Pruning scenario...
  Pruned scenario in 2.17e-05 seconds.
Scenario constructed in 1.39 seconds.
  Connecting to CARLA on port 2000
  Map loaded in simulator.
  Generated scene in 1 iterations, 0.007878 seconds.
  Beginning simulation of top-level scenario...
  Ran simulation in 28.13 seconds.
Beginning scenario construction...
pygame 2.6.1 (SDL 2.28.4, Python 3.10.12)
Hello from the pygame community. https://www.pygame.org/contribute.html
  Loading cached version of road network...
  Loaded cached network in 0.13 seconds.
  Pruning scenario...
  Pruned scenario in 1.907e-05 seconds.
Scenario constructed in 1.41 seconds.
  Connecting to CARLA on port 2000
  Map loaded in simulator.
  Generated scene in 1 iterations, 0.0077 seconds.
  Beginning simulation of top-level scenario...
  Ran simulation in 26.74 seconds.
Beginning scenario construction...
pygame 2.6.1 (SDL 2.28.4, Python 3.10.12)
Hello from the pygame community. https://www.pygame.org/contribute.html
  Loading cached version of road network...
  Loaded cached network in 0.14 seconds.
  Pruning scenario...
  Pruned scenario in 2.36e-05 seconds.
Scenario constructed in 1.40 seconds.
  Connecting to CARLA on port 2000
  Map loaded in simulator.
  Generated scene in 1 iterations, 0.007562 seconds.
  Beginning simulation of top-level scenario...
  Ran simulation in 27.8 seconds.
Beginning scenario construction...
pygame 2.6.1 (SDL 2.28.4, Python 3.10.12)
Hello from the pygame community. https://www.pygame.org/contribute.html
  Loading cached version of road network...
  Loaded cached network in 0.14 seconds.
  Pruning scenario...
  Pruned scenario in 2.122e-05 seconds.
Scenario constructed in 1.41 seconds.
  Connecting to CARLA on port 2000
  Map loaded in simulator.
  Generated scene in 1 iterations, 0.007657 seconds.
  Beginning simulation of top-level scenario...
  Ran simulation in 30.33 seconds.
Beginning scenario construction...
pygame 2.6.1 (SDL 2.28.4, Python 3.10.12)
Hello from the pygame community. https://www.pygame.org/contribute.html
  Loading cached version of road network...
  Loaded cached network in 0.14 seconds.
  Pruning scenario...
  Pruned scenario in 2.17e-05 seconds.
Scenario constructed in 1.39 seconds.
  Connecting to CARLA on port 2000
  Map loaded in simulator.
  Generated scene in 1 iterations, 0.00777 seconds.
  Beginning simulation of top-level scenario...
  Ran simulation in 25.84 seconds.
Beginning scenario construction...
pygame 2.6.1 (SDL 2.28.4, Python 3.10.12)
Hello from the pygame community. https://www.pygame.org/contribute.html
  Loading cached version of road network...
  Loaded cached network in 0.14 seconds.
  Pruning scenario...
  Pruned scenario in 2.337e-05 seconds.
Scenario constructed in 1.40 seconds.
  Connecting to CARLA on port 2000
  Map loaded in simulator.
  Generated scene in 1 iterations, 0.007524 seconds.
  Beginning simulation of top-level scenario...
  Ran simulation in 25.57 seconds.
Beginning scenario construction...
pygame 2.6.1 (SDL 2.28.4, Python 3.10.12)
Hello from the pygame community. https://www.pygame.org/contribute.html
  Loading cached version of road network...
  Loaded cached network in 0.14 seconds.
  Pruning scenario...
  Pruned scenario in 2.241e-05 seconds.
Scenario constructed in 1.40 seconds.
  Connecting to CARLA on port 2000
  Map loaded in simulator.
  Generated scene in 1 iterations, 0.007665 seconds.
  Beginning simulation of top-level scenario...
  Ran simulation in 28.24 seconds.
Beginning scenario construction...
pygame 2.6.1 (SDL 2.28.4, Python 3.10.12)
Hello from the pygame community. https://www.pygame.org/contribute.html
  Loading cached version of road network...
  Loaded cached network in 0.14 seconds.
  Pruning scenario...
  Pruned scenario in 2.17e-05 seconds.
Scenario constructed in 1.41 seconds.
  Connecting to CARLA on port 2000
  Map loaded in simulator.
  Generated scene in 1 iterations, 0.007953 seconds.
  Beginning simulation of top-level scenario...
  Ran simulation in 26.57 seconds.
Beginning scenario construction...
pygame 2.6.1 (SDL 2.28.4, Python 3.10.12)
Hello from the pygame community. https://www.pygame.org/contribute.html
  Loading cached version of road network...
  Loaded cached network in 0.14 seconds.
  Pruning scenario...
  Pruned scenario in 2.05e-05 seconds.
Scenario constructed in 1.39 seconds.
  Connecting to CARLA on port 2000
  Map loaded in simulator.
  Generated scene in 1 iterations, 0.007696 seconds.
  Beginning simulation of top-level scenario...
  Ran simulation in 27.45 seconds.
Beginning scenario construction...
pygame 2.6.1 (SDL 2.28.4, Python 3.10.12)
Hello from the pygame community. https://www.pygame.org/contribute.html
  Loading cached version of road network...
  Loaded cached network in 0.14 seconds.
  Pruning scenario...
  Pruned scenario in 1.979e-05 seconds.
Scenario constructed in 1.40 seconds.
  Connecting to CARLA on port 2000
  Map loaded in simulator.
  Generated scene in 1 iterations, 0.007649 seconds.
  Beginning simulation of top-level scenario...
  Ran simulation in 27.74 seconds.
Beginning scenario construction...
pygame 2.6.1 (SDL 2.28.4, Python 3.10.12)
Hello from the pygame community. https://www.pygame.org/contribute.html
  Loading cached version of road network...
  Loaded cached network in 0.14 seconds.
  Pruning scenario...
  Pruned scenario in 2.265e-05 seconds.
Scenario constructed in 1.40 seconds.
  Connecting to CARLA on port 2000
  Map loaded in simulator.
  Generated scene in 1 iterations, 0.007527 seconds.
  Beginning simulation of top-level scenario...
  Ran simulation in 26.04 seconds.
Beginning scenario construction...
pygame 2.6.1 (SDL 2.28.4, Python 3.10.12)
Hello from the pygame community. https://www.pygame.org/contribute.html
  Loading cached version of road network...
  Loaded cached network in 0.14 seconds.
  Pruning scenario...
  Pruned scenario in 2.337e-05 seconds.
Scenario constructed in 1.41 seconds.
  Connecting to CARLA on port 2000
  Map loaded in simulator.
  Generated scene in 1 iterations, 0.007576 seconds.
  Beginning simulation of top-level scenario...
  Ran simulation in 26.72 seconds.
Beginning scenario construction...
pygame 2.6.1 (SDL 2.28.4, Python 3.10.12)
Hello from the pygame community. https://www.pygame.org/contribute.html
  Loading cached version of road network...
  Loaded cached network in 0.14 seconds.
  Pruning scenario...
  Pruned scenario in 2.384e-05 seconds.
Scenario constructed in 1.41 seconds.
  Connecting to CARLA on port 2000
  Map loaded in simulator.
  Generated scene in 1 iterations, 0.007944 seconds.
  Beginning simulation of top-level scenario...
  Ran simulation in 26.87 seconds.
Beginning scenario construction...
pygame 2.6.1 (SDL 2.28.4, Python 3.10.12)
Hello from the pygame community. https://www.pygame.org/contribute.html
  Loading cached version of road network...
  Loaded cached network in 0.14 seconds.
  Pruning scenario...
  Pruned scenario in 2.217e-05 seconds.
Scenario constructed in 1.42 seconds.
  Connecting to CARLA on port 2000
  Map loaded in simulator.
  Generated scene in 1 iterations, 0.007701 seconds.
  Beginning simulation of top-level scenario...
  Ran simulation in 28.59 seconds.
Beginning scenario construction...
pygame 2.6.1 (SDL 2.28.4, Python 3.10.12)
Hello from the pygame community. https://www.pygame.org/contribute.html
  Loading cached version of road network...
  Loaded cached network in 0.14 seconds.
  Pruning scenario...
  Pruned scenario in 2.241e-05 seconds.
Scenario constructed in 1.40 seconds.
  Connecting to CARLA on port 2000
  Map loaded in simulator.
  Generated scene in 1 iterations, 0.007703 seconds.
  Beginning simulation of top-level scenario...
  Ran simulation in 28.69 seconds.
Beginning scenario construction...
pygame 2.6.1 (SDL 2.28.4, Python 3.10.12)
Hello from the pygame community. https://www.pygame.org/contribute.html
  Loading cached version of road network...
  Loaded cached network in 0.14 seconds.
  Pruning scenario...
  Pruned scenario in 2.313e-05 seconds.
Scenario constructed in 1.42 seconds.
  Connecting to CARLA on port 2000
  Map loaded in simulator.
  Generated scene in 1 iterations, 0.007724 seconds.
  Beginning simulation of top-level scenario...
  Ran simulation in 26.15 seconds.
Beginning scenario construction...
pygame 2.6.1 (SDL 2.28.4, Python 3.10.12)
Hello from the pygame community. https://www.pygame.org/contribute.html
  Loading cached version of road network...
  Loaded cached network in 0.14 seconds.
  Pruning scenario...
  Pruned scenario in 2.098e-05 seconds.
Scenario constructed in 1.39 seconds.
  Connecting to CARLA on port 2000
  Map loaded in simulator.
  Generated scene in 1 iterations, 0.007824 seconds.
  Beginning simulation of top-level scenario...
  Ran simulation in 27 seconds.
Beginning scenario construction...
pygame 2.6.1 (SDL 2.28.4, Python 3.10.12)
Hello from the pygame community. https://www.pygame.org/contribute.html
  Loading cached version of road network...
  Loaded cached network in 0.14 seconds.
  Pruning scenario...
  Pruned scenario in 2.337e-05 seconds.
Scenario constructed in 1.40 seconds.
  Connecting to CARLA on port 2000
  Map loaded in simulator.
  Generated scene in 1 iterations, 0.007626 seconds.
  Beginning simulation of top-level scenario...
  Ran simulation in 25.9 seconds.
Beginning scenario construction...
pygame 2.6.1 (SDL 2.28.4, Python 3.10.12)
Hello from the pygame community. https://www.pygame.org/contribute.html
  Loading cached version of road network...
  Loaded cached network in 0.14 seconds.
  Pruning scenario...
  Pruned scenario in 2.003e-05 seconds.
Scenario constructed in 1.40 seconds.
  Connecting to CARLA on port 2000
  Map loaded in simulator.
  Generated scene in 1 iterations, 0.007597 seconds.
  Beginning simulation of top-level scenario...
  Ran simulation in 26.16 seconds.
Beginning scenario construction...
pygame 2.6.1 (SDL 2.28.4, Python 3.10.12)
Hello from the pygame community. https://www.pygame.org/contribute.html
  Loading cached version of road network...
  Loaded cached network in 0.14 seconds.
  Pruning scenario...
  Pruned scenario in 2.122e-05 seconds.
Scenario constructed in 1.39 seconds.
  Connecting to CARLA on port 2000
  Map loaded in simulator.
  Generated scene in 1 iterations, 0.007926 seconds.
  Beginning simulation of top-level scenario...
  Ran simulation in 27.88 seconds.
Beginning scenario construction...
pygame 2.6.1 (SDL 2.28.4, Python 3.10.12)
Hello from the pygame community. https://www.pygame.org/contribute.html
  Loading cached version of road network...
  Loaded cached network in 0.14 seconds.
  Pruning scenario...
  Pruned scenario in 2.05e-05 seconds.
Scenario constructed in 1.39 seconds.
  Connecting to CARLA on port 2000
  Map loaded in simulator.
  Generated scene in 1 iterations, 0.007616 seconds.
  Beginning simulation of top-level scenario...
  Ran simulation in 28.59 seconds.
Beginning scenario construction...
pygame 2.6.1 (SDL 2.28.4, Python 3.10.12)
Hello from the pygame community. https://www.pygame.org/contribute.html
  Loading cached version of road network...
  Loaded cached network in 0.13 seconds.
  Pruning scenario...
  Pruned scenario in 2.122e-05 seconds.
Scenario constructed in 1.41 seconds.
  Connecting to CARLA on port 2000
  Map loaded in simulator.
  Generated scene in 1 iterations, 0.007659 seconds.
  Beginning simulation of top-level scenario...
  Ran simulation in 28.2 seconds.
Beginning scenario construction...
pygame 2.6.1 (SDL 2.28.4, Python 3.10.12)
Hello from the pygame community. https://www.pygame.org/contribute.html
  Loading cached version of road network...
  Loaded cached network in 0.13 seconds.
  Pruning scenario...
  Pruned scenario in 2.122e-05 seconds.
Scenario constructed in 1.39 seconds.
  Connecting to CARLA on port 2000
  Map loaded in simulator.
  Generated scene in 1 iterations, 0.007704 seconds.
  Beginning simulation of top-level scenario...
  Ran simulation in 27.63 seconds.
Beginning scenario construction...
pygame 2.6.1 (SDL 2.28.4, Python 3.10.12)
Hello from the pygame community. https://www.pygame.org/contribute.html
  Loading cached version of road network...
  Loaded cached network in 0.14 seconds.
  Pruning scenario...
  Pruned scenario in 1.979e-05 seconds.
Scenario constructed in 1.41 seconds.
  Connecting to CARLA on port 2000
  Map loaded in simulator.
  Generated scene in 1 iterations, 0.007679 seconds.
  Beginning simulation of top-level scenario...
  Ran simulation in 27.68 seconds.
Beginning scenario construction...
pygame 2.6.1 (SDL 2.28.4, Python 3.10.12)
Hello from the pygame community. https://www.pygame.org/contribute.html
  Loading cached version of road network...
  Loaded cached network in 0.14 seconds.
  Pruning scenario...
  Pruned scenario in 2.265e-05 seconds.
Scenario constructed in 1.41 seconds.
  Connecting to CARLA on port 2000
  Map loaded in simulator.
  Generated scene in 1 iterations, 0.007725 seconds.
  Beginning simulation of top-level scenario...
  Ran simulation in 26.32 seconds.
Executing sim 459
Executing sim 460
Executing sim 461
Executing sim 462
Executing sim 463
Executing sim 464
Executing sim 465
Executing sim 466
Executing sim 467
Executing sim 468
Executing sim 469
Executing sim 470
Executing sim 471
Executing sim 472
Executing sim 473
Executing sim 474
Executing sim 475
Executing sim 476
Executing sim 477
Executing sim 478
Executing sim 479
Executing sim 480
Executing sim 481
Executing sim 482
Executing sim 483
Executing sim 484
Executing sim 485
Executing sim 486
Executing sim 487
Executing sim 488
Executing sim 489
Executing sim 490
Executing sim 491
Executing sim 492
Executing sim 493
Executing sim 494
Executing sim 495
Executing sim 496
Executing sim 497
Executing sim 498
Executing sim 499
