This job can be monitored from: https://job.c3se.chalmers.se/alvis/6350614
4.26.2-0+++UE4+Release-4.26 522 0
Disabling core dumps.
Beginning scenario construction...
pygame 2.6.1 (SDL 2.28.4, Python 3.10.12)
Hello from the pygame community. https://www.pygame.org/contribute.html
  Loading cached version of road network...
  Loaded cached network in 0.13 seconds.
  Pruning scenario...
  Pruned scenario in 2.217e-05 seconds.
Scenario constructed in 1.52 seconds.
  Connecting to CARLA on port 2000
Beginning scenario construction...
pygame 2.6.1 (SDL 2.28.4, Python 3.10.12)
Hello from the pygame community. https://www.pygame.org/contribute.html
  Loading cached version of road network...
  Loaded cached network in 0.13 seconds.
  Pruning scenario...
  Pruned scenario in 2.408e-05 seconds.
Scenario constructed in 1.32 seconds.
  Connecting to CARLA on port 2000
  Map loaded in simulator.
  Generated scene in 1 iterations, 0.02617 seconds.
  Beginning simulation of top-level scenario...
  Ran simulation in 8.738 seconds.
Beginning scenario construction...
pygame 2.6.1 (SDL 2.28.4, Python 3.10.12)
Hello from the pygame community. https://www.pygame.org/contribute.html
  Loading cached version of road network...
  Loaded cached network in 0.14 seconds.
  Pruning scenario...
  Pruned scenario in 2.599e-05 seconds.
Scenario constructed in 1.42 seconds.
  Connecting to CARLA on port 2000
  Map loaded in simulator.
  Generated scene in 8 iterations, 0.04191 seconds.
  Beginning simulation of top-level scenario...
  Ran simulation in 7.691 seconds.
Beginning scenario construction...
pygame 2.6.1 (SDL 2.28.4, Python 3.10.12)
Hello from the pygame community. https://www.pygame.org/contribute.html
  Loading cached version of road network...
  Loaded cached network in 0.14 seconds.
  Pruning scenario...
  Pruned scenario in 2.456e-05 seconds.
Scenario constructed in 1.45 seconds.
  Connecting to CARLA on port 2000
  Map loaded in simulator.
  Generated scene in 1 iterations, 0.01041 seconds.
  Beginning simulation of top-level scenario...
  Ran simulation in 8.76 seconds.
Beginning scenario construction...
pygame 2.6.1 (SDL 2.28.4, Python 3.10.12)
Hello from the pygame community. https://www.pygame.org/contribute.html
  Loading cached version of road network...
  Loaded cached network in 0.14 seconds.
  Pruning scenario...
  Pruned scenario in 2.456e-05 seconds.
Scenario constructed in 1.44 seconds.
  Connecting to CARLA on port 2000
  Map loaded in simulator.
  Generated scene in 4 iterations, 0.02345 seconds.
  Beginning simulation of top-level scenario...
  Ran simulation in 7.196 seconds.
Beginning scenario construction...
pygame 2.6.1 (SDL 2.28.4, Python 3.10.12)
Hello from the pygame community. https://www.pygame.org/contribute.html
  Loading cached version of road network...
  Loaded cached network in 0.14 seconds.
  Pruning scenario...
  Pruned scenario in 2.885e-05 seconds.
Scenario constructed in 1.43 seconds.
  Connecting to CARLA on port 2000
  Map loaded in simulator.
  Generated scene in 1 iterations, 0.01024 seconds.
  Beginning simulation of top-level scenario...
  Ran simulation in 9.173 seconds.
Beginning scenario construction...
pygame 2.6.1 (SDL 2.28.4, Python 3.10.12)
Hello from the pygame community. https://www.pygame.org/contribute.html
  Loading cached version of road network...
  Loaded cached network in 0.14 seconds.
  Pruning scenario...
  Pruned scenario in 2.646e-05 seconds.
Scenario constructed in 1.42 seconds.
  Connecting to CARLA on port 2000
  Map loaded in simulator.
  Generated scene in 4 iterations, 0.02367 seconds.
  Beginning simulation of top-level scenario...
  Ran simulation in 7.387 seconds.
Beginning scenario construction...
pygame 2.6.1 (SDL 2.28.4, Python 3.10.12)
Hello from the pygame community. https://www.pygame.org/contribute.html
  Loading cached version of road network...
  Loaded cached network in 0.14 seconds.
  Pruning scenario...
  Pruned scenario in 3.052e-05 seconds.
Scenario constructed in 1.43 seconds.
  Connecting to CARLA on port 2000
  Map loaded in simulator.
  Generated scene in 3 iterations, 0.01979 seconds.
  Beginning simulation of top-level scenario...
  Ran simulation in 5.733 seconds.
Beginning scenario construction...
pygame 2.6.1 (SDL 2.28.4, Python 3.10.12)
Hello from the pygame community. https://www.pygame.org/contribute.html
  Loading cached version of road network...
  Loaded cached network in 0.14 seconds.
  Pruning scenario...
  Pruned scenario in 2.813e-05 seconds.
Scenario constructed in 1.42 seconds.
  Connecting to CARLA on port 2000
  Map loaded in simulator.
  Generated scene in 3 iterations, 0.01821 seconds.
  Beginning simulation of top-level scenario...
  Ran simulation in 7.61 seconds.
Beginning scenario construction...
pygame 2.6.1 (SDL 2.28.4, Python 3.10.12)
Hello from the pygame community. https://www.pygame.org/contribute.html
  Loading cached version of road network...
  Loaded cached network in 0.14 seconds.
  Pruning scenario...
  Pruned scenario in 2.789e-05 seconds.
Scenario constructed in 1.44 seconds.
  Connecting to CARLA on port 2000
  Map loaded in simulator.
  Generated scene in 7 iterations, 0.03586 seconds.
  Beginning simulation of top-level scenario...
  Ran simulation in 7.56 seconds.
Beginning scenario construction...
pygame 2.6.1 (SDL 2.28.4, Python 3.10.12)
Hello from the pygame community. https://www.pygame.org/contribute.html
  Loading cached version of road network...
  Loaded cached network in 0.14 seconds.
  Pruning scenario...
  Pruned scenario in 2.623e-05 seconds.
Scenario constructed in 1.45 seconds.
  Connecting to CARLA on port 2000
  Map loaded in simulator.
  Generated scene in 15 iterations, 0.0744 seconds.
  Beginning simulation of top-level scenario...
  Ran simulation in 6.466 seconds.
Beginning scenario construction...
pygame 2.6.1 (SDL 2.28.4, Python 3.10.12)
Hello from the pygame community. https://www.pygame.org/contribute.html
  Loading cached version of road network...
  Loaded cached network in 0.14 seconds.
  Pruning scenario...
  Pruned scenario in 2.837e-05 seconds.
Scenario constructed in 1.43 seconds.
  Connecting to CARLA on port 2000
  Map loaded in simulator.
  Generated scene in 4 iterations, 0.0239 seconds.
  Beginning simulation of top-level scenario...
  Ran simulation in 8.414 seconds.
Beginning scenario construction...
pygame 2.6.1 (SDL 2.28.4, Python 3.10.12)
Hello from the pygame community. https://www.pygame.org/contribute.html
  Loading cached version of road network...
  Loaded cached network in 0.14 seconds.
  Pruning scenario...
  Pruned scenario in 2.503e-05 seconds.
Scenario constructed in 1.54 seconds.
  Connecting to CARLA on port 2000
  Map loaded in simulator.
  Generated scene in 3 iterations, 0.0192 seconds.
  Beginning simulation of top-level scenario...
  Ran simulation in 7.352 seconds.
Beginning scenario construction...
pygame 2.6.1 (SDL 2.28.4, Python 3.10.12)
Hello from the pygame community. https://www.pygame.org/contribute.html
  Loading cached version of road network...
  Loaded cached network in 0.14 seconds.
  Pruning scenario...
  Pruned scenario in 2.575e-05 seconds.
Scenario constructed in 1.43 seconds.
  Connecting to CARLA on port 2000
  Map loaded in simulator.
  Generated scene in 1 iterations, 0.01051 seconds.
  Beginning simulation of top-level scenario...
  Ran simulation in 8.329 seconds.
Beginning scenario construction...
pygame 2.6.1 (SDL 2.28.4, Python 3.10.12)
Hello from the pygame community. https://www.pygame.org/contribute.html
  Loading cached version of road network...
  Loaded cached network in 0.14 seconds.
  Pruning scenario...
  Pruned scenario in 2.575e-05 seconds.
Scenario constructed in 1.45 seconds.
  Connecting to CARLA on port 2000
  Map loaded in simulator.
  Generated scene in 1 iterations, 0.01041 seconds.
  Beginning simulation of top-level scenario...
  Ran simulation in 6.939 seconds.
Beginning scenario construction...
pygame 2.6.1 (SDL 2.28.4, Python 3.10.12)
Hello from the pygame community. https://www.pygame.org/contribute.html
  Loading cached version of road network...
  Loaded cached network in 0.14 seconds.
  Pruning scenario...
  Pruned scenario in 3.314e-05 seconds.
Scenario constructed in 1.45 seconds.
  Connecting to CARLA on port 2000
  Map loaded in simulator.
  Generated scene in 2 iterations, 0.01497 seconds.
  Beginning simulation of top-level scenario...
  Ran simulation in 7.175 seconds.
Beginning scenario construction...
pygame 2.6.1 (SDL 2.28.4, Python 3.10.12)
Hello from the pygame community. https://www.pygame.org/contribute.html
  Loading cached version of road network...
  Loaded cached network in 0.14 seconds.
  Pruning scenario...
  Pruned scenario in 3.099e-05 seconds.
Scenario constructed in 1.43 seconds.
  Connecting to CARLA on port 2000
  Map loaded in simulator.
  Generated scene in 1 iterations, 0.01018 seconds.
  Beginning simulation of top-level scenario...
  Ran simulation in 7.017 seconds.
Beginning scenario construction...
pygame 2.6.1 (SDL 2.28.4, Python 3.10.12)
Hello from the pygame community. https://www.pygame.org/contribute.html
  Loading cached version of road network...
  Loaded cached network in 0.14 seconds.
  Pruning scenario...
  Pruned scenario in 2.813e-05 seconds.
Scenario constructed in 1.46 seconds.
  Connecting to CARLA on port 2000
  Map loaded in simulator.
  Generated scene in 1 iterations, 0.01017 seconds.
  Beginning simulation of top-level scenario...
  Ran simulation in 7.697 seconds.
Beginning scenario construction...
pygame 2.6.1 (SDL 2.28.4, Python 3.10.12)
Hello from the pygame community. https://www.pygame.org/contribute.html
  Loading cached version of road network...
  Loaded cached network in 0.14 seconds.
  Pruning scenario...
  Pruned scenario in 2.694e-05 seconds.
Scenario constructed in 1.45 seconds.
  Connecting to CARLA on port 2000
  Map loaded in simulator.
  Generated scene in 4 iterations, 0.02425 seconds.
  Beginning simulation of top-level scenario...
  Ran simulation in 7.858 seconds.
Beginning scenario construction...
pygame 2.6.1 (SDL 2.28.4, Python 3.10.12)
Hello from the pygame community. https://www.pygame.org/contribute.html
  Loading cached version of road network...
  Loaded cached network in 0.14 seconds.
  Pruning scenario...
  Pruned scenario in 3.362e-05 seconds.
Scenario constructed in 1.45 seconds.
  Connecting to CARLA on port 2000
  Map loaded in simulator.
  Generated scene in 4 iterations, 0.02434 seconds.
  Beginning simulation of top-level scenario...
  Ran simulation in 6.767 seconds.
Beginning scenario construction...
pygame 2.6.1 (SDL 2.28.4, Python 3.10.12)
Hello from the pygame community. https://www.pygame.org/contribute.html
  Loading cached version of road network...
  Loaded cached network in 0.14 seconds.
  Pruning scenario...
  Pruned scenario in 2.885e-05 seconds.
Scenario constructed in 1.44 seconds.
  Connecting to CARLA on port 2000
  Map loaded in simulator.
  Generated scene in 3 iterations, 0.01938 seconds.
  Beginning simulation of top-level scenario...
  Ran simulation in 6.648 seconds.
Beginning scenario construction...
pygame 2.6.1 (SDL 2.28.4, Python 3.10.12)
Hello from the pygame community. https://www.pygame.org/contribute.html
  Loading cached version of road network...
  Loaded cached network in 0.14 seconds.
  Pruning scenario...
  Pruned scenario in 2.766e-05 seconds.
Scenario constructed in 1.43 seconds.
  Connecting to CARLA on port 2000
  Map loaded in simulator.
  Generated scene in 2 iterations, 0.01343 seconds.
  Beginning simulation of top-level scenario...
  Ran simulation in 6.753 seconds.
Beginning scenario construction...
pygame 2.6.1 (SDL 2.28.4, Python 3.10.12)
Hello from the pygame community. https://www.pygame.org/contribute.html
  Loading cached version of road network...
  Loaded cached network in 0.14 seconds.
  Pruning scenario...
  Pruned scenario in 2.694e-05 seconds.
Scenario constructed in 1.44 seconds.
  Connecting to CARLA on port 2000
  Map loaded in simulator.
  Generated scene in 5 iterations, 0.02719 seconds.
  Beginning simulation of top-level scenario...
  Ran simulation in 7.746 seconds.
Beginning scenario construction...
pygame 2.6.1 (SDL 2.28.4, Python 3.10.12)
Hello from the pygame community. https://www.pygame.org/contribute.html
  Loading cached version of road network...
  Loaded cached network in 0.14 seconds.
  Pruning scenario...
  Pruned scenario in 2.694e-05 seconds.
Scenario constructed in 1.45 seconds.
  Connecting to CARLA on port 2000
  Map loaded in simulator.
  Generated scene in 1 iterations, 0.01034 seconds.
  Beginning simulation of top-level scenario...
  Ran simulation in 8.601 seconds.
Beginning scenario construction...
pygame 2.6.1 (SDL 2.28.4, Python 3.10.12)
Hello from the pygame community. https://www.pygame.org/contribute.html
  Loading cached version of road network...
  Loaded cached network in 0.14 seconds.
  Pruning scenario...
  Pruned scenario in 2.575e-05 seconds.
Scenario constructed in 1.44 seconds.
  Connecting to CARLA on port 2000
  Map loaded in simulator.
  Generated scene in 1 iterations, 0.01034 seconds.
  Beginning simulation of top-level scenario...
  Ran simulation in 8.144 seconds.
Beginning scenario construction...
pygame 2.6.1 (SDL 2.28.4, Python 3.10.12)
Hello from the pygame community. https://www.pygame.org/contribute.html
  Loading cached version of road network...
  Loaded cached network in 0.14 seconds.
  Pruning scenario...
  Pruned scenario in 2.599e-05 seconds.
Scenario constructed in 1.44 seconds.
  Connecting to CARLA on port 2000
  Map loaded in simulator.
  Generated scene in 2 iterations, 0.01452 seconds.
  Beginning simulation of top-level scenario...
  Ran simulation in 8.408 seconds.
Beginning scenario construction...
pygame 2.6.1 (SDL 2.28.4, Python 3.10.12)
Hello from the pygame community. https://www.pygame.org/contribute.html
  Loading cached version of road network...
  Loaded cached network in 0.14 seconds.
  Pruning scenario...
  Pruned scenario in 2.718e-05 seconds.
Scenario constructed in 1.43 seconds.
  Connecting to CARLA on port 2000
  Map loaded in simulator.
  Generated scene in 2 iterations, 0.01467 seconds.
  Beginning simulation of top-level scenario...
  Ran simulation in 7.554 seconds.
Beginning scenario construction...
pygame 2.6.1 (SDL 2.28.4, Python 3.10.12)
Hello from the pygame community. https://www.pygame.org/contribute.html
  Loading cached version of road network...
  Loaded cached network in 0.14 seconds.
  Pruning scenario...
  Pruned scenario in 3.171e-05 seconds.
Scenario constructed in 1.46 seconds.
  Connecting to CARLA on port 2000
  Map loaded in simulator.
  Generated scene in 2 iterations, 0.01499 seconds.
  Beginning simulation of top-level scenario...
  Ran simulation in 7.642 seconds.
Beginning scenario construction...
pygame 2.6.1 (SDL 2.28.4, Python 3.10.12)
Hello from the pygame community. https://www.pygame.org/contribute.html
  Loading cached version of road network...
  Loaded cached network in 0.14 seconds.
  Pruning scenario...
  Pruned scenario in 2.742e-05 seconds.
Scenario constructed in 1.44 seconds.
  Connecting to CARLA on port 2000
  Map loaded in simulator.
  Generated scene in 8 iterations, 0.04134 seconds.
  Beginning simulation of top-level scenario...
  Ran simulation in 8.648 seconds.
Beginning scenario construction...
pygame 2.6.1 (SDL 2.28.4, Python 3.10.12)
Hello from the pygame community. https://www.pygame.org/contribute.html
  Loading cached version of road network...
  Loaded cached network in 0.14 seconds.
  Pruning scenario...
  Pruned scenario in 2.527e-05 seconds.
Scenario constructed in 1.46 seconds.
  Connecting to CARLA on port 2000
  Map loaded in simulator.
  Generated scene in 4 iterations, 0.02363 seconds.
  Beginning simulation of top-level scenario...
  Ran simulation in 7.528 seconds.
Beginning scenario construction...
pygame 2.6.1 (SDL 2.28.4, Python 3.10.12)
Hello from the pygame community. https://www.pygame.org/contribute.html
  Loading cached version of road network...
  Loaded cached network in 0.14 seconds.
  Pruning scenario...
  Pruned scenario in 2.67e-05 seconds.
Scenario constructed in 1.45 seconds.
  Connecting to CARLA on port 2000
  Map loaded in simulator.
  Generated scene in 1 iterations, 0.01022 seconds.
  Beginning simulation of top-level scenario...
  Ran simulation in 7.415 seconds.
Beginning scenario construction...
pygame 2.6.1 (SDL 2.28.4, Python 3.10.12)
Hello from the pygame community. https://www.pygame.org/contribute.html
  Loading cached version of road network...
  Loaded cached network in 0.14 seconds.
  Pruning scenario...
  Pruned scenario in 2.527e-05 seconds.
Scenario constructed in 1.46 seconds.
  Connecting to CARLA on port 2000
  Map loaded in simulator.
  Generated scene in 1 iterations, 0.009342 seconds.
  Beginning simulation of top-level scenario...
  Ran simulation in 8.142 seconds.
Beginning scenario construction...
pygame 2.6.1 (SDL 2.28.4, Python 3.10.12)
Hello from the pygame community. https://www.pygame.org/contribute.html
  Loading cached version of road network...
  Loaded cached network in 0.14 seconds.
  Pruning scenario...
  Pruned scenario in 2.67e-05 seconds.
Scenario constructed in 1.43 seconds.
  Connecting to CARLA on port 2000
  Map loaded in simulator.
  Generated scene in 1 iterations, 0.01038 seconds.
  Beginning simulation of top-level scenario...
  Ran simulation in 7.859 seconds.
Beginning scenario construction...
pygame 2.6.1 (SDL 2.28.4, Python 3.10.12)
Hello from the pygame community. https://www.pygame.org/contribute.html
  Loading cached version of road network...
  Loaded cached network in 0.14 seconds.
  Pruning scenario...
  Pruned scenario in 2.503e-05 seconds.
Scenario constructed in 1.43 seconds.
  Connecting to CARLA on port 2000
  Map loaded in simulator.
  Generated scene in 5 iterations, 0.02623 seconds.
  Beginning simulation of top-level scenario...
  Ran simulation in 7.818 seconds.
Beginning scenario construction...
pygame 2.6.1 (SDL 2.28.4, Python 3.10.12)
Hello from the pygame community. https://www.pygame.org/contribute.html
  Loading cached version of road network...
  Loaded cached network in 0.14 seconds.
  Pruning scenario...
  Pruned scenario in 2.766e-05 seconds.
Scenario constructed in 1.43 seconds.
  Connecting to CARLA on port 2000
  Map loaded in simulator.
  Generated scene in 4 iterations, 0.02294 seconds.
  Beginning simulation of top-level scenario...
  Ran simulation in 8.177 seconds.
Beginning scenario construction...
pygame 2.6.1 (SDL 2.28.4, Python 3.10.12)
Hello from the pygame community. https://www.pygame.org/contribute.html
  Loading cached version of road network...
  Loaded cached network in 0.14 seconds.
  Pruning scenario...
  Pruned scenario in 2.599e-05 seconds.
Scenario constructed in 1.44 seconds.
  Connecting to CARLA on port 2000
  Map loaded in simulator.
  Generated scene in 1 iterations, 0.01017 seconds.
  Beginning simulation of top-level scenario...
  Ran simulation in 8.196 seconds.
Beginning scenario construction...
pygame 2.6.1 (SDL 2.28.4, Python 3.10.12)
Hello from the pygame community. https://www.pygame.org/contribute.html
  Loading cached version of road network...
  Loaded cached network in 0.14 seconds.
  Pruning scenario...
  Pruned scenario in 3.147e-05 seconds.
Scenario constructed in 1.42 seconds.
  Connecting to CARLA on port 2000
  Map loaded in simulator.
  Generated scene in 1 iterations, 0.01029 seconds.
  Beginning simulation of top-level scenario...
  Ran simulation in 7.339 seconds.
Beginning scenario construction...
pygame 2.6.1 (SDL 2.28.4, Python 3.10.12)
Hello from the pygame community. https://www.pygame.org/contribute.html
  Loading cached version of road network...
  Loaded cached network in 0.14 seconds.
  Pruning scenario...
  Pruned scenario in 3.338e-05 seconds.
Scenario constructed in 1.45 seconds.
  Connecting to CARLA on port 2000
  Map loaded in simulator.
  Generated scene in 1 iterations, 0.009965 seconds.
  Beginning simulation of top-level scenario...
  Ran simulation in 8.12 seconds.
Beginning scenario construction...
pygame 2.6.1 (SDL 2.28.4, Python 3.10.12)
Hello from the pygame community. https://www.pygame.org/contribute.html
  Loading cached version of road network...
  Loaded cached network in 0.14 seconds.
  Pruning scenario...
  Pruned scenario in 2.813e-05 seconds.
Scenario constructed in 1.43 seconds.
  Connecting to CARLA on port 2000
  Map loaded in simulator.
  Generated scene in 4 iterations, 0.02446 seconds.
  Beginning simulation of top-level scenario...
  Ran simulation in 7.072 seconds.
Beginning scenario construction...
pygame 2.6.1 (SDL 2.28.4, Python 3.10.12)
Hello from the pygame community. https://www.pygame.org/contribute.html
  Loading cached version of road network...
  Loaded cached network in 0.14 seconds.
  Pruning scenario...
  Pruned scenario in 2.885e-05 seconds.
Scenario constructed in 1.45 seconds.
  Connecting to CARLA on port 2000
  Map loaded in simulator.
  Generated scene in 5 iterations, 0.02786 seconds.
  Beginning simulation of top-level scenario...
  Ran simulation in 7.367 seconds.
Beginning scenario construction...
pygame 2.6.1 (SDL 2.28.4, Python 3.10.12)
Hello from the pygame community. https://www.pygame.org/contribute.html
  Loading cached version of road network...
  Loaded cached network in 0.14 seconds.
  Pruning scenario...
  Pruned scenario in 3.242e-05 seconds.
Scenario constructed in 1.45 seconds.
  Connecting to CARLA on port 2000
  Map loaded in simulator.
  Generated scene in 2 iterations, 0.01438 seconds.
  Beginning simulation of top-level scenario...
  Ran simulation in 7.093 seconds.
Beginning scenario construction...
pygame 2.6.1 (SDL 2.28.4, Python 3.10.12)
Hello from the pygame community. https://www.pygame.org/contribute.html
  Loading cached version of road network...
  Loaded cached network in 0.14 seconds.
  Pruning scenario...
  Pruned scenario in 2.766e-05 seconds.
Scenario constructed in 1.45 seconds.
  Connecting to CARLA on port 2000
  Map loaded in simulator.
  Generated scene in 1 iterations, 0.01006 seconds.
  Beginning simulation of top-level scenario...
  Ran simulation in 8.059 seconds.
Beginning scenario construction...
pygame 2.6.1 (SDL 2.28.4, Python 3.10.12)
Hello from the pygame community. https://www.pygame.org/contribute.html
  Loading cached version of road network...
  Loaded cached network in 0.13 seconds.
  Pruning scenario...
  Pruned scenario in 2.67e-05 seconds.
Scenario constructed in 1.44 seconds.
  Connecting to CARLA on port 2000
  Map loaded in simulator.
  Generated scene in 7 iterations, 0.03612 seconds.
  Beginning simulation of top-level scenario...
  Ran simulation in 8.022 seconds.
Beginning scenario construction...
pygame 2.6.1 (SDL 2.28.4, Python 3.10.12)
Hello from the pygame community. https://www.pygame.org/contribute.html
  Loading cached version of road network...
  Loaded cached network in 0.14 seconds.
  Pruning scenario...
  Pruned scenario in 2.837e-05 seconds.
Scenario constructed in 1.45 seconds.
  Connecting to CARLA on port 2000
  Map loaded in simulator.
  Generated scene in 2 iterations, 0.01506 seconds.
  Beginning simulation of top-level scenario...
  Ran simulation in 6.777 seconds.
Beginning scenario construction...
pygame 2.6.1 (SDL 2.28.4, Python 3.10.12)
Hello from the pygame community. https://www.pygame.org/contribute.html
  Loading cached version of road network...
  Loaded cached network in 0.14 seconds.
  Pruning scenario...
  Pruned scenario in 2.67e-05 seconds.
Scenario constructed in 1.44 seconds.
  Connecting to CARLA on port 2000
  Map loaded in simulator.
  Generated scene in 3 iterations, 0.01832 seconds.
  Beginning simulation of top-level scenario...
  Ran simulation in 8.244 seconds.
Beginning scenario construction...
pygame 2.6.1 (SDL 2.28.4, Python 3.10.12)
Hello from the pygame community. https://www.pygame.org/contribute.html
  Loading cached version of road network...
  Loaded cached network in 0.14 seconds.
  Pruning scenario...
  Pruned scenario in 2.599e-05 seconds.
Scenario constructed in 1.45 seconds.
  Connecting to CARLA on port 2000
  Map loaded in simulator.
  Generated scene in 3 iterations, 0.01906 seconds.
  Beginning simulation of top-level scenario...
  Ran simulation in 8.168 seconds.
Beginning scenario construction...
pygame 2.6.1 (SDL 2.28.4, Python 3.10.12)
Hello from the pygame community. https://www.pygame.org/contribute.html
  Loading cached version of road network...
  Loaded cached network in 0.14 seconds.
  Pruning scenario...
  Pruned scenario in 2.623e-05 seconds.
Scenario constructed in 1.44 seconds.
  Connecting to CARLA on port 2000
  Map loaded in simulator.
  Generated scene in 2 iterations, 0.01528 seconds.
  Beginning simulation of top-level scenario...
  Ran simulation in 7.543 seconds.
Beginning scenario construction...
pygame 2.6.1 (SDL 2.28.4, Python 3.10.12)
Hello from the pygame community. https://www.pygame.org/contribute.html
  Loading cached version of road network...
  Loaded cached network in 0.14 seconds.
  Pruning scenario...
  Pruned scenario in 3.099e-05 seconds.
Scenario constructed in 1.45 seconds.
  Connecting to CARLA on port 2000
  Map loaded in simulator.
  Generated scene in 4 iterations, 0.02386 seconds.
  Beginning simulation of top-level scenario...
  Ran simulation in 7.318 seconds.
Beginning scenario construction...
pygame 2.6.1 (SDL 2.28.4, Python 3.10.12)
Hello from the pygame community. https://www.pygame.org/contribute.html
  Loading cached version of road network...
  Loaded cached network in 0.14 seconds.
  Pruning scenario...
  Pruned scenario in 3.338e-05 seconds.
Scenario constructed in 1.44 seconds.
  Connecting to CARLA on port 2000
  Map loaded in simulator.
  Generated scene in 1 iterations, 0.01025 seconds.
  Beginning simulation of top-level scenario...
  Ran simulation in 7.872 seconds.
Beginning scenario construction...
pygame 2.6.1 (SDL 2.28.4, Python 3.10.12)
Hello from the pygame community. https://www.pygame.org/contribute.html
  Loading cached version of road network...
  Loaded cached network in 0.14 seconds.
  Pruning scenario...
  Pruned scenario in 3.982e-05 seconds.
Scenario constructed in 1.44 seconds.
  Connecting to CARLA on port 2000
  Map loaded in simulator.
  Generated scene in 9 iterations, 0.04608 seconds.
  Beginning simulation of top-level scenario...
  Ran simulation in 8.697 seconds.
Beginning scenario construction...
pygame 2.6.1 (SDL 2.28.4, Python 3.10.12)
Hello from the pygame community. https://www.pygame.org/contribute.html
  Loading cached version of road network...
  Loaded cached network in 0.14 seconds.
  Pruning scenario...
  Pruned scenario in 2.694e-05 seconds.
Scenario constructed in 1.43 seconds.
  Connecting to CARLA on port 2000
  Map loaded in simulator.
  Generated scene in 3 iterations, 0.01956 seconds.
  Beginning simulation of top-level scenario...
  Ran simulation in 8.909 seconds.
Beginning scenario construction...
pygame 2.6.1 (SDL 2.28.4, Python 3.10.12)
Hello from the pygame community. https://www.pygame.org/contribute.html
  Loading cached version of road network...
  Loaded cached network in 0.14 seconds.
  Pruning scenario...
  Pruned scenario in 2.742e-05 seconds.
Scenario constructed in 1.43 seconds.
  Connecting to CARLA on port 2000
  Map loaded in simulator.
  Generated scene in 4 iterations, 0.02382 seconds.
  Beginning simulation of top-level scenario...
  Ran simulation in 7.61 seconds.
Beginning scenario construction...
pygame 2.6.1 (SDL 2.28.4, Python 3.10.12)
Hello from the pygame community. https://www.pygame.org/contribute.html
  Loading cached version of road network...
  Loaded cached network in 0.14 seconds.
  Pruning scenario...
  Pruned scenario in 2.575e-05 seconds.
Scenario constructed in 1.44 seconds.
  Connecting to CARLA on port 2000
  Map loaded in simulator.
  Generated scene in 1 iterations, 0.01035 seconds.
  Beginning simulation of top-level scenario...
  Ran simulation in 7.61 seconds.
Beginning scenario construction...
pygame 2.6.1 (SDL 2.28.4, Python 3.10.12)
Hello from the pygame community. https://www.pygame.org/contribute.html
  Loading cached version of road network...
  Loaded cached network in 0.14 seconds.
  Pruning scenario...
  Pruned scenario in 2.718e-05 seconds.
Scenario constructed in 1.41 seconds.
  Connecting to CARLA on port 2000
  Map loaded in simulator.
  Generated scene in 3 iterations, 0.01849 seconds.
  Beginning simulation of top-level scenario...
  Ran simulation in 7.087 seconds.
Beginning scenario construction...
pygame 2.6.1 (SDL 2.28.4, Python 3.10.12)
Hello from the pygame community. https://www.pygame.org/contribute.html
  Loading cached version of road network...
  Loaded cached network in 0.14 seconds.
  Pruning scenario...
  Pruned scenario in 2.837e-05 seconds.
Scenario constructed in 1.44 seconds.
  Connecting to CARLA on port 2000
  Map loaded in simulator.
  Generated scene in 2 iterations, 0.01483 seconds.
  Beginning simulation of top-level scenario...
  Ran simulation in 7.374 seconds.
Beginning scenario construction...
pygame 2.6.1 (SDL 2.28.4, Python 3.10.12)
Hello from the pygame community. https://www.pygame.org/contribute.html
  Loading cached version of road network...
  Loaded cached network in 0.14 seconds.
  Pruning scenario...
  Pruned scenario in 2.551e-05 seconds.
Scenario constructed in 1.44 seconds.
  Connecting to CARLA on port 2000
  Map loaded in simulator.
  Generated scene in 4 iterations, 0.02448 seconds.
  Beginning simulation of top-level scenario...
  Ran simulation in 7.095 seconds.
Beginning scenario construction...
pygame 2.6.1 (SDL 2.28.4, Python 3.10.12)
Hello from the pygame community. https://www.pygame.org/contribute.html
  Loading cached version of road network...
  Loaded cached network in 0.14 seconds.
  Pruning scenario...
  Pruned scenario in 2.551e-05 seconds.
Scenario constructed in 1.41 seconds.
  Connecting to CARLA on port 2000
  Map loaded in simulator.
  Generated scene in 14 iterations, 0.0682 seconds.
  Beginning simulation of top-level scenario...
  Ran simulation in 7.718 seconds.
Beginning scenario construction...
pygame 2.6.1 (SDL 2.28.4, Python 3.10.12)
Hello from the pygame community. https://www.pygame.org/contribute.html
  Loading cached version of road network...
  Loaded cached network in 0.14 seconds.
  Pruning scenario...
  Pruned scenario in 2.527e-05 seconds.
Scenario constructed in 1.42 seconds.
  Connecting to CARLA on port 2000
  Map loaded in simulator.
  Generated scene in 1 iterations, 0.01021 seconds.
  Beginning simulation of top-level scenario...
  Ran simulation in 7.709 seconds.
Beginning scenario construction...
pygame 2.6.1 (SDL 2.28.4, Python 3.10.12)
Hello from the pygame community. https://www.pygame.org/contribute.html
  Loading cached version of road network...
  Loaded cached network in 0.14 seconds.
  Pruning scenario...
  Pruned scenario in 2.384e-05 seconds.
Scenario constructed in 1.42 seconds.
  Connecting to CARLA on port 2000
  Map loaded in simulator.
  Generated scene in 5 iterations, 0.02723 seconds.
  Beginning simulation of top-level scenario...
  Ran simulation in 6.877 seconds.
Beginning scenario construction...
pygame 2.6.1 (SDL 2.28.4, Python 3.10.12)
Hello from the pygame community. https://www.pygame.org/contribute.html
  Loading cached version of road network...
  Loaded cached network in 0.14 seconds.
  Pruning scenario...
  Pruned scenario in 2.48e-05 seconds.
Scenario constructed in 1.43 seconds.
  Connecting to CARLA on port 2000
  Map loaded in simulator.
  Generated scene in 1 iterations, 0.01024 seconds.
  Beginning simulation of top-level scenario...
  Ran simulation in 8.025 seconds.
Beginning scenario construction...
pygame 2.6.1 (SDL 2.28.4, Python 3.10.12)
Hello from the pygame community. https://www.pygame.org/contribute.html
  Loading cached version of road network...
  Loaded cached network in 0.14 seconds.
  Pruning scenario...
  Pruned scenario in 2.861e-05 seconds.
Scenario constructed in 1.42 seconds.
  Connecting to CARLA on port 2000
  Map loaded in simulator.
  Generated scene in 2 iterations, 0.01523 seconds.
  Beginning simulation of top-level scenario...
  Ran simulation in 7.907 seconds.
Beginning scenario construction...
pygame 2.6.1 (SDL 2.28.4, Python 3.10.12)
Hello from the pygame community. https://www.pygame.org/contribute.html
  Loading cached version of road network...
  Loaded cached network in 0.14 seconds.
  Pruning scenario...
  Pruned scenario in 2.956e-05 seconds.
Scenario constructed in 1.43 seconds.
  Connecting to CARLA on port 2000
  Map loaded in simulator.
  Generated scene in 10 iterations, 0.04994 seconds.
  Beginning simulation of top-level scenario...
  Ran simulation in 8.516 seconds.
Beginning scenario construction...
pygame 2.6.1 (SDL 2.28.4, Python 3.10.12)
Hello from the pygame community. https://www.pygame.org/contribute.html
  Loading cached version of road network...
  Loaded cached network in 0.14 seconds.
  Pruning scenario...
  Pruned scenario in 2.646e-05 seconds.
Scenario constructed in 1.42 seconds.
  Connecting to CARLA on port 2000
  Map loaded in simulator.
  Generated scene in 1 iterations, 0.01029 seconds.
  Beginning simulation of top-level scenario...
  Ran simulation in 8.046 seconds.
Beginning scenario construction...
pygame 2.6.1 (SDL 2.28.4, Python 3.10.12)
Hello from the pygame community. https://www.pygame.org/contribute.html
  Loading cached version of road network...
  Loaded cached network in 0.14 seconds.
  Pruning scenario...
  Pruned scenario in 3.695e-05 seconds.
Scenario constructed in 1.46 seconds.
  Connecting to CARLA on port 2000
  Map loaded in simulator.
  Generated scene in 3 iterations, 0.01968 seconds.
  Beginning simulation of top-level scenario...
  Ran simulation in 8.544 seconds.
Beginning scenario construction...
pygame 2.6.1 (SDL 2.28.4, Python 3.10.12)
Hello from the pygame community. https://www.pygame.org/contribute.html
  Loading cached version of road network...
  Loaded cached network in 0.14 seconds.
  Pruning scenario...
  Pruned scenario in 2.527e-05 seconds.
Scenario constructed in 1.41 seconds.
  Connecting to CARLA on port 2000
  Map loaded in simulator.
  Generated scene in 13 iterations, 0.06361 seconds.
  Beginning simulation of top-level scenario...
  Ran simulation in 7.567 seconds.
Beginning scenario construction...
pygame 2.6.1 (SDL 2.28.4, Python 3.10.12)
Hello from the pygame community. https://www.pygame.org/contribute.html
  Loading cached version of road network...
  Loaded cached network in 0.14 seconds.
  Pruning scenario...
  Pruned scenario in 2.718e-05 seconds.
Scenario constructed in 1.44 seconds.
  Connecting to CARLA on port 2000
  Map loaded in simulator.
  Generated scene in 1 iterations, 0.01026 seconds.
  Beginning simulation of top-level scenario...
  Ran simulation in 8.959 seconds.
Beginning scenario construction...
pygame 2.6.1 (SDL 2.28.4, Python 3.10.12)
Hello from the pygame community. https://www.pygame.org/contribute.html
  Loading cached version of road network...
  Loaded cached network in 0.14 seconds.
  Pruning scenario...
  Pruned scenario in 2.551e-05 seconds.
Scenario constructed in 1.42 seconds.
  Connecting to CARLA on port 2000
  Map loaded in simulator.
  Generated scene in 2 iterations, 0.01502 seconds.
  Beginning simulation of top-level scenario...
  Ran simulation in 7.738 seconds.
Beginning scenario construction...
pygame 2.6.1 (SDL 2.28.4, Python 3.10.12)
Hello from the pygame community. https://www.pygame.org/contribute.html
  Loading cached version of road network...
  Loaded cached network in 0.14 seconds.
  Pruning scenario...
  Pruned scenario in 2.837e-05 seconds.
Scenario constructed in 1.46 seconds.
  Connecting to CARLA on port 2000
  Map loaded in simulator.
  Generated scene in 9 iterations, 0.04738 seconds.
  Beginning simulation of top-level scenario...
  Ran simulation in 7.557 seconds.
Beginning scenario construction...
pygame 2.6.1 (SDL 2.28.4, Python 3.10.12)
Hello from the pygame community. https://www.pygame.org/contribute.html
  Loading cached version of road network...
  Loaded cached network in 0.14 seconds.
  Pruning scenario...
  Pruned scenario in 2.766e-05 seconds.
Scenario constructed in 1.44 seconds.
  Connecting to CARLA on port 2000
  Map loaded in simulator.
  Generated scene in 7 iterations, 0.0363 seconds.
  Beginning simulation of top-level scenario...
  Ran simulation in 8.266 seconds.
Beginning scenario construction...
pygame 2.6.1 (SDL 2.28.4, Python 3.10.12)
Hello from the pygame community. https://www.pygame.org/contribute.html
  Loading cached version of road network...
  Loaded cached network in 0.14 seconds.
  Pruning scenario...
  Pruned scenario in 2.861e-05 seconds.
Scenario constructed in 1.45 seconds.
  Connecting to CARLA on port 2000
  Map loaded in simulator.
  Generated scene in 4 iterations, 0.02415 seconds.
  Beginning simulation of top-level scenario...
  Ran simulation in 8.508 seconds.
Beginning scenario construction...
pygame 2.6.1 (SDL 2.28.4, Python 3.10.12)
Hello from the pygame community. https://www.pygame.org/contribute.html
  Loading cached version of road network...
  Loaded cached network in 0.14 seconds.
  Pruning scenario...
  Pruned scenario in 2.861e-05 seconds.
Scenario constructed in 1.43 seconds.
  Connecting to CARLA on port 2000
  Map loaded in simulator.
  Generated scene in 1 iterations, 0.009412 seconds.
  Beginning simulation of top-level scenario...
  Ran simulation in 6.898 seconds.
Beginning scenario construction...
pygame 2.6.1 (SDL 2.28.4, Python 3.10.12)
Hello from the pygame community. https://www.pygame.org/contribute.html
  Loading cached version of road network...
  Loaded cached network in 0.14 seconds.
  Pruning scenario...
  Pruned scenario in 3.314e-05 seconds.
Scenario constructed in 1.43 seconds.
  Connecting to CARLA on port 2000
  Map loaded in simulator.
  Generated scene in 3 iterations, 0.0197 seconds.
  Beginning simulation of top-level scenario...
  Ran simulation in 7.858 seconds.
Beginning scenario construction...
pygame 2.6.1 (SDL 2.28.4, Python 3.10.12)
Hello from the pygame community. https://www.pygame.org/contribute.html
  Loading cached version of road network...
  Loaded cached network in 0.14 seconds.
  Pruning scenario...
  Pruned scenario in 2.503e-05 seconds.
Scenario constructed in 1.43 seconds.
  Connecting to CARLA on port 2000
  Map loaded in simulator.
  Generated scene in 4 iterations, 0.02377 seconds.
  Beginning simulation of top-level scenario...
  Ran simulation in 6.483 seconds.
Beginning scenario construction...
pygame 2.6.1 (SDL 2.28.4, Python 3.10.12)
Hello from the pygame community. https://www.pygame.org/contribute.html
  Loading cached version of road network...
  Loaded cached network in 0.14 seconds.
  Pruning scenario...
  Pruned scenario in 2.885e-05 seconds.
Scenario constructed in 1.43 seconds.
  Connecting to CARLA on port 2000
  Map loaded in simulator.
  Generated scene in 3 iterations, 0.01925 seconds.
  Beginning simulation of top-level scenario...
  Ran simulation in 6.992 seconds.
Beginning scenario construction...
pygame 2.6.1 (SDL 2.28.4, Python 3.10.12)
Hello from the pygame community. https://www.pygame.org/contribute.html
  Loading cached version of road network...
  Loaded cached network in 0.14 seconds.
  Pruning scenario...
  Pruned scenario in 2.575e-05 seconds.
Scenario constructed in 1.40 seconds.
  Connecting to CARLA on port 2000
  Map loaded in simulator.
  Generated scene in 4 iterations, 0.02373 seconds.
  Beginning simulation of top-level scenario...
  Ran simulation in 7.417 seconds.
Beginning scenario construction...
pygame 2.6.1 (SDL 2.28.4, Python 3.10.12)
Hello from the pygame community. https://www.pygame.org/contribute.html
  Loading cached version of road network...
  Loaded cached network in 0.14 seconds.
  Pruning scenario...
  Pruned scenario in 3.314e-05 seconds.
Scenario constructed in 1.44 seconds.
  Connecting to CARLA on port 2000
  Map loaded in simulator.
  Generated scene in 16 iterations, 0.07893 seconds.
  Beginning simulation of top-level scenario...
  Ran simulation in 8.04 seconds.
Beginning scenario construction...
pygame 2.6.1 (SDL 2.28.4, Python 3.10.12)
Hello from the pygame community. https://www.pygame.org/contribute.html
  Loading cached version of road network...
  Loaded cached network in 0.14 seconds.
  Pruning scenario...
  Pruned scenario in 2.551e-05 seconds.
Scenario constructed in 1.41 seconds.
  Connecting to CARLA on port 2000
  Map loaded in simulator.
  Generated scene in 8 iterations, 0.04253 seconds.
  Beginning simulation of top-level scenario...
  Ran simulation in 8.734 seconds.
Beginning scenario construction...
pygame 2.6.1 (SDL 2.28.4, Python 3.10.12)
Hello from the pygame community. https://www.pygame.org/contribute.html
  Loading cached version of road network...
  Loaded cached network in 0.14 seconds.
  Pruning scenario...
  Pruned scenario in 2.527e-05 seconds.
Scenario constructed in 1.42 seconds.
  Connecting to CARLA on port 2000
  Map loaded in simulator.
  Generated scene in 2 iterations, 0.01514 seconds.
  Beginning simulation of top-level scenario...
  Ran simulation in 8.786 seconds.
Beginning scenario construction...
pygame 2.6.1 (SDL 2.28.4, Python 3.10.12)
Hello from the pygame community. https://www.pygame.org/contribute.html
  Loading cached version of road network...
  Loaded cached network in 0.14 seconds.
  Pruning scenario...
  Pruned scenario in 3.195e-05 seconds.
Scenario constructed in 1.41 seconds.
  Connecting to CARLA on port 2000
  Map loaded in simulator.
  Generated scene in 3 iterations, 0.01871 seconds.
  Beginning simulation of top-level scenario...
  Ran simulation in 7.257 seconds.
Beginning scenario construction...
pygame 2.6.1 (SDL 2.28.4, Python 3.10.12)
Hello from the pygame community. https://www.pygame.org/contribute.html
  Loading cached version of road network...
  Loaded cached network in 0.14 seconds.
  Pruning scenario...
  Pruned scenario in 2.503e-05 seconds.
Scenario constructed in 1.42 seconds.
  Connecting to CARLA on port 2000
  Map loaded in simulator.
  Generated scene in 3 iterations, 0.0199 seconds.
  Beginning simulation of top-level scenario...
  Ran simulation in 8.392 seconds.
Beginning scenario construction...
pygame 2.6.1 (SDL 2.28.4, Python 3.10.12)
Hello from the pygame community. https://www.pygame.org/contribute.html
  Loading cached version of road network...
  Loaded cached network in 0.14 seconds.
  Pruning scenario...
  Pruned scenario in 2.599e-05 seconds.
Scenario constructed in 1.42 seconds.
  Connecting to CARLA on port 2000
  Map loaded in simulator.
  Generated scene in 4 iterations, 0.02356 seconds.
  Beginning simulation of top-level scenario...
  Ran simulation in 8.503 seconds.
Beginning scenario construction...
pygame 2.6.1 (SDL 2.28.4, Python 3.10.12)
Hello from the pygame community. https://www.pygame.org/contribute.html
  Loading cached version of road network...
  Loaded cached network in 0.14 seconds.
  Pruning scenario...
  Pruned scenario in 2.408e-05 seconds.
Scenario constructed in 1.43 seconds.
  Connecting to CARLA on port 2000
  Map loaded in simulator.
  Generated scene in 4 iterations, 0.02415 seconds.
  Beginning simulation of top-level scenario...
  Ran simulation in 9.13 seconds.
Beginning scenario construction...
pygame 2.6.1 (SDL 2.28.4, Python 3.10.12)
Hello from the pygame community. https://www.pygame.org/contribute.html
  Loading cached version of road network...
  Loaded cached network in 0.14 seconds.
  Pruning scenario...
  Pruned scenario in 2.337e-05 seconds.
Scenario constructed in 1.41 seconds.
  Connecting to CARLA on port 2000
  Map loaded in simulator.
  Generated scene in 13 iterations, 0.06545 seconds.
  Beginning simulation of top-level scenario...
  Ran simulation in 7.558 seconds.
Beginning scenario construction...
pygame 2.6.1 (SDL 2.28.4, Python 3.10.12)
Hello from the pygame community. https://www.pygame.org/contribute.html
  Loading cached version of road network...
  Loaded cached network in 0.14 seconds.
  Pruning scenario...
  Pruned scenario in 2.861e-05 seconds.
Scenario constructed in 1.41 seconds.
  Connecting to CARLA on port 2000
  Map loaded in simulator.
  Generated scene in 2 iterations, 0.01482 seconds.
  Beginning simulation of top-level scenario...
  Ran simulation in 8.49 seconds.
Beginning scenario construction...
pygame 2.6.1 (SDL 2.28.4, Python 3.10.12)
Hello from the pygame community. https://www.pygame.org/contribute.html
  Loading cached version of road network...
  Loaded cached network in 0.13 seconds.
  Pruning scenario...
  Pruned scenario in 2.646e-05 seconds.
Scenario constructed in 1.39 seconds.
  Connecting to CARLA on port 2000
  Map loaded in simulator.
  Generated scene in 20 iterations, 0.09685 seconds.
  Beginning simulation of top-level scenario...
  Ran simulation in 7.302 seconds.
Beginning scenario construction...
pygame 2.6.1 (SDL 2.28.4, Python 3.10.12)
Hello from the pygame community. https://www.pygame.org/contribute.html
  Loading cached version of road network...
  Loaded cached network in 0.14 seconds.
  Pruning scenario...
  Pruned scenario in 2.599e-05 seconds.
Scenario constructed in 1.43 seconds.
  Connecting to CARLA on port 2000
  Map loaded in simulator.
  Generated scene in 5 iterations, 0.02729 seconds.
  Beginning simulation of top-level scenario...
  Ran simulation in 7.549 seconds.
Beginning scenario construction...
pygame 2.6.1 (SDL 2.28.4, Python 3.10.12)
Hello from the pygame community. https://www.pygame.org/contribute.html
  Loading cached version of road network...
  Loaded cached network in 0.14 seconds.
  Pruning scenario...
  Pruned scenario in 2.36e-05 seconds.
Scenario constructed in 1.42 seconds.
  Connecting to CARLA on port 2000
  Map loaded in simulator.
  Generated scene in 1 iterations, 0.0104 seconds.
  Beginning simulation of top-level scenario...
  Ran simulation in 8.328 seconds.
Beginning scenario construction...
pygame 2.6.1 (SDL 2.28.4, Python 3.10.12)
Hello from the pygame community. https://www.pygame.org/contribute.html
  Loading cached version of road network...
  Loaded cached network in 0.14 seconds.
  Pruning scenario...
  Pruned scenario in 2.623e-05 seconds.
Scenario constructed in 1.43 seconds.
  Connecting to CARLA on port 2000
  Map loaded in simulator.
  Generated scene in 1 iterations, 0.01024 seconds.
  Beginning simulation of top-level scenario...
  Ran simulation in 8.455 seconds.
Beginning scenario construction...
pygame 2.6.1 (SDL 2.28.4, Python 3.10.12)
Hello from the pygame community. https://www.pygame.org/contribute.html
  Loading cached version of road network...
  Loaded cached network in 0.14 seconds.
  Pruning scenario...
  Pruned scenario in 2.289e-05 seconds.
Scenario constructed in 1.42 seconds.
  Connecting to CARLA on port 2000
  Map loaded in simulator.
  Generated scene in 1 iterations, 0.009884 seconds.
  Beginning simulation of top-level scenario...
  Ran simulation in 8.49 seconds.
Beginning scenario construction...
pygame 2.6.1 (SDL 2.28.4, Python 3.10.12)
Hello from the pygame community. https://www.pygame.org/contribute.html
  Loading cached version of road network...
  Loaded cached network in 0.14 seconds.
  Pruning scenario...
  Pruned scenario in 2.67e-05 seconds.
Scenario constructed in 1.44 seconds.
  Connecting to CARLA on port 2000
  Map loaded in simulator.
  Generated scene in 5 iterations, 0.02839 seconds.
  Beginning simulation of top-level scenario...
  Ran simulation in 1.666 seconds.
Beginning scenario construction...
pygame 2.6.1 (SDL 2.28.4, Python 3.10.12)
Hello from the pygame community. https://www.pygame.org/contribute.html
  Loading cached version of road network...
  Loaded cached network in 0.14 seconds.
  Pruning scenario...
  Pruned scenario in 2.575e-05 seconds.
Scenario constructed in 1.40 seconds.
  Connecting to CARLA on port 2000
  Map loaded in simulator.
  Generated scene in 5 iterations, 0.02804 seconds.
  Beginning simulation of top-level scenario...
  Ran simulation in 7.518 seconds.
Beginning scenario construction...
pygame 2.6.1 (SDL 2.28.4, Python 3.10.12)
Hello from the pygame community. https://www.pygame.org/contribute.html
  Loading cached version of road network...
  Loaded cached network in 0.14 seconds.
  Pruning scenario...
  Pruned scenario in 2.551e-05 seconds.
Scenario constructed in 1.40 seconds.
  Connecting to CARLA on port 2000
  Map loaded in simulator.
  Generated scene in 2 iterations, 0.01494 seconds.
  Beginning simulation of top-level scenario...
  Ran simulation in 7.688 seconds.
Beginning scenario construction...
pygame 2.6.1 (SDL 2.28.4, Python 3.10.12)
Hello from the pygame community. https://www.pygame.org/contribute.html
  Loading cached version of road network...
  Loaded cached network in 0.14 seconds.
  Pruning scenario...
  Pruned scenario in 2.408e-05 seconds.
Scenario constructed in 1.41 seconds.
  Connecting to CARLA on port 2000
  Map loaded in simulator.
  Generated scene in 3 iterations, 0.0196 seconds.
  Beginning simulation of top-level scenario...
  Ran simulation in 6.975 seconds.
Beginning scenario construction...
pygame 2.6.1 (SDL 2.28.4, Python 3.10.12)
Hello from the pygame community. https://www.pygame.org/contribute.html
  Loading cached version of road network...
  Loaded cached network in 0.13 seconds.
  Pruning scenario...
  Pruned scenario in 2.623e-05 seconds.
Scenario constructed in 1.41 seconds.
  Connecting to CARLA on port 2000
  Map loaded in simulator.
  Generated scene in 1 iterations, 0.01014 seconds.
  Beginning simulation of top-level scenario...
  Ran simulation in 8.596 seconds.
Beginning scenario construction...
pygame 2.6.1 (SDL 2.28.4, Python 3.10.12)
Hello from the pygame community. https://www.pygame.org/contribute.html
  Loading cached version of road network...
  Loaded cached network in 0.14 seconds.
  Pruning scenario...
  Pruned scenario in 2.718e-05 seconds.
Scenario constructed in 1.41 seconds.
  Connecting to CARLA on port 2000
  Map loaded in simulator.
  Generated scene in 7 iterations, 0.03683 seconds.
  Beginning simulation of top-level scenario...
  Ran simulation in 8.067 seconds.
Beginning scenario construction...
pygame 2.6.1 (SDL 2.28.4, Python 3.10.12)
Hello from the pygame community. https://www.pygame.org/contribute.html
  Loading cached version of road network...
  Loaded cached network in 0.14 seconds.
  Pruning scenario...
  Pruned scenario in 2.384e-05 seconds.
Scenario constructed in 1.39 seconds.
  Connecting to CARLA on port 2000
  Map loaded in simulator.
  Generated scene in 13 iterations, 0.06454 seconds.
  Beginning simulation of top-level scenario...
  Ran simulation in 8.158 seconds.
Beginning scenario construction...
pygame 2.6.1 (SDL 2.28.4, Python 3.10.12)
Hello from the pygame community. https://www.pygame.org/contribute.html
  Loading cached version of road network...
  Loaded cached network in 0.13 seconds.
  Pruning scenario...
  Pruned scenario in 2.48e-05 seconds.
Scenario constructed in 1.41 seconds.
  Connecting to CARLA on port 2000
  Map loaded in simulator.
  Generated scene in 3 iterations, 0.01962 seconds.
  Beginning simulation of top-level scenario...
  Ran simulation in 7.199 seconds.
Beginning scenario construction...
pygame 2.6.1 (SDL 2.28.4, Python 3.10.12)
Hello from the pygame community. https://www.pygame.org/contribute.html
  Loading cached version of road network...
  Loaded cached network in 0.14 seconds.
  Pruning scenario...
  Pruned scenario in 3.171e-05 seconds.
Scenario constructed in 1.42 seconds.
  Connecting to CARLA on port 2000
  Map loaded in simulator.
  Generated scene in 2 iterations, 0.0148 seconds.
  Beginning simulation of top-level scenario...
  Ran simulation in 8.887 seconds.
Beginning scenario construction...
pygame 2.6.1 (SDL 2.28.4, Python 3.10.12)
Hello from the pygame community. https://www.pygame.org/contribute.html
  Loading cached version of road network...
  Loaded cached network in 0.14 seconds.
  Pruning scenario...
  Pruned scenario in 2.694e-05 seconds.
Scenario constructed in 1.41 seconds.
  Connecting to CARLA on port 2000
  Map loaded in simulator.
  Generated scene in 4 iterations, 0.02422 seconds.
  Beginning simulation of top-level scenario...
  Ran simulation in 7.327 seconds.
Beginning scenario construction...
pygame 2.6.1 (SDL 2.28.4, Python 3.10.12)
Hello from the pygame community. https://www.pygame.org/contribute.html
  Loading cached version of road network...
  Loaded cached network in 0.14 seconds.
  Pruning scenario...
  Pruned scenario in 2.861e-05 seconds.
Scenario constructed in 1.43 seconds.
  Connecting to CARLA on port 2000
  Map loaded in simulator.
  Generated scene in 8 iterations, 0.04255 seconds.
  Beginning simulation of top-level scenario...
  Ran simulation in 6.442 seconds.
Beginning scenario construction...
pygame 2.6.1 (SDL 2.28.4, Python 3.10.12)
Hello from the pygame community. https://www.pygame.org/contribute.html
  Loading cached version of road network...
  Loaded cached network in 0.14 seconds.
  Pruning scenario...
  Pruned scenario in 2.623e-05 seconds.
Scenario constructed in 1.40 seconds.
  Connecting to CARLA on port 2000
  Map loaded in simulator.
  Generated scene in 1 iterations, 0.01036 seconds.
  Beginning simulation of top-level scenario...
  Ran simulation in 6.999 seconds.
Beginning scenario construction...
pygame 2.6.1 (SDL 2.28.4, Python 3.10.12)
Hello from the pygame community. https://www.pygame.org/contribute.html
  Loading cached version of road network...
  Loaded cached network in 0.14 seconds.
  Pruning scenario...
  Pruned scenario in 2.48e-05 seconds.
Scenario constructed in 1.41 seconds.
  Connecting to CARLA on port 2000
  Map loaded in simulator.
  Generated scene in 3 iterations, 0.01968 seconds.
  Beginning simulation of top-level scenario...
  Ran simulation in 8.342 seconds.
Beginning scenario construction...
pygame 2.6.1 (SDL 2.28.4, Python 3.10.12)
Hello from the pygame community. https://www.pygame.org/contribute.html
  Loading cached version of road network...
  Loaded cached network in 0.14 seconds.
  Pruning scenario...
  Pruned scenario in 2.813e-05 seconds.
Scenario constructed in 1.43 seconds.
  Connecting to CARLA on port 2000
  Map loaded in simulator.
  Generated scene in 3 iterations, 0.01866 seconds.
  Beginning simulation of top-level scenario...
  Ran simulation in 8.404 seconds.
Beginning scenario construction...
pygame 2.6.1 (SDL 2.28.4, Python 3.10.12)
Hello from the pygame community. https://www.pygame.org/contribute.html
  Loading cached version of road network...
  Loaded cached network in 0.14 seconds.
  Pruning scenario...
  Pruned scenario in 2.265e-05 seconds.
Scenario constructed in 1.40 seconds.
  Connecting to CARLA on port 2000
  Map loaded in simulator.
  Generated scene in 9 iterations, 0.04671 seconds.
  Beginning simulation of top-level scenario...
  Ran simulation in 6.885 seconds.
Beginning scenario construction...
pygame 2.6.1 (SDL 2.28.4, Python 3.10.12)
Hello from the pygame community. https://www.pygame.org/contribute.html
  Loading cached version of road network...
  Loaded cached network in 0.14 seconds.
  Pruning scenario...
  Pruned scenario in 2.766e-05 seconds.
Scenario constructed in 1.42 seconds.
  Connecting to CARLA on port 2000
  Map loaded in simulator.
  Generated scene in 6 iterations, 0.03212 seconds.
  Beginning simulation of top-level scenario...
  Ran simulation in 7.411 seconds.
Beginning scenario construction...
pygame 2.6.1 (SDL 2.28.4, Python 3.10.12)
Hello from the pygame community. https://www.pygame.org/contribute.html
  Loading cached version of road network...
  Loaded cached network in 0.14 seconds.
  Pruning scenario...
  Pruned scenario in 2.408e-05 seconds.
Scenario constructed in 1.40 seconds.
  Connecting to CARLA on port 2000
  Map loaded in simulator.
  Generated scene in 3 iterations, 0.01946 seconds.
  Beginning simulation of top-level scenario...
  Ran simulation in 6.321 seconds.
Beginning scenario construction...
pygame 2.6.1 (SDL 2.28.4, Python 3.10.12)
Hello from the pygame community. https://www.pygame.org/contribute.html
  Loading cached version of road network...
  Loaded cached network in 0.14 seconds.
  Pruning scenario...
  Pruned scenario in 2.384e-05 seconds.
Scenario constructed in 1.42 seconds.
  Connecting to CARLA on port 2000
  Map loaded in simulator.
  Generated scene in 3 iterations, 0.02117 seconds.
  Beginning simulation of top-level scenario...
  Ran simulation in 8.811 seconds.
Beginning scenario construction...
pygame 2.6.1 (SDL 2.28.4, Python 3.10.12)
Hello from the pygame community. https://www.pygame.org/contribute.html
  Loading cached version of road network...
  Loaded cached network in 0.14 seconds.
  Pruning scenario...
  Pruned scenario in 2.551e-05 seconds.
Scenario constructed in 1.43 seconds.
  Connecting to CARLA on port 2000
  Map loaded in simulator.
  Generated scene in 4 iterations, 0.02515 seconds.
  Beginning simulation of top-level scenario...
  Ran simulation in 12.46 seconds.
Beginning scenario construction...
pygame 2.6.1 (SDL 2.28.4, Python 3.10.12)
Hello from the pygame community. https://www.pygame.org/contribute.html
  Loading cached version of road network...
  Loaded cached network in 0.14 seconds.
  Pruning scenario...
  Pruned scenario in 2.861e-05 seconds.
Scenario constructed in 1.44 seconds.
  Connecting to CARLA on port 2000
  Map loaded in simulator.
  Generated scene in 3 iterations, 0.02109 seconds.
  Beginning simulation of top-level scenario...
  Ran simulation in 17.05 seconds.
Beginning scenario construction...
pygame 2.6.1 (SDL 2.28.4, Python 3.10.12)
Hello from the pygame community. https://www.pygame.org/contribute.html
  Loading cached version of road network...
  Loaded cached network in 0.14 seconds.
  Pruning scenario...
  Pruned scenario in 2.909e-05 seconds.
Scenario constructed in 1.43 seconds.
  Connecting to CARLA on port 2000
  Map loaded in simulator.
  Generated scene in 11 iterations, 0.0614 seconds.
  Beginning simulation of top-level scenario...
  Ran simulation in 16.55 seconds.
Beginning scenario construction...
pygame 2.6.1 (SDL 2.28.4, Python 3.10.12)
Hello from the pygame community. https://www.pygame.org/contribute.html
  Loading cached version of road network...
  Loaded cached network in 0.14 seconds.
  Pruning scenario...
  Pruned scenario in 2.623e-05 seconds.
Scenario constructed in 1.40 seconds.
  Connecting to CARLA on port 2000
  Map loaded in simulator.
  Generated scene in 1 iterations, 0.01093 seconds.
  Beginning simulation of top-level scenario...
  Ran simulation in 17.43 seconds.
Beginning scenario construction...
pygame 2.6.1 (SDL 2.28.4, Python 3.10.12)
Hello from the pygame community. https://www.pygame.org/contribute.html
  Loading cached version of road network...
  Loaded cached network in 0.14 seconds.
  Pruning scenario...
  Pruned scenario in 2.789e-05 seconds.
Scenario constructed in 1.43 seconds.
  Connecting to CARLA on port 2000
  Map loaded in simulator.
  Generated scene in 2 iterations, 0.01622 seconds.
  Beginning simulation of top-level scenario...
  Ran simulation in 16.47 seconds.
Beginning scenario construction...
pygame 2.6.1 (SDL 2.28.4, Python 3.10.12)
Hello from the pygame community. https://www.pygame.org/contribute.html
  Loading cached version of road network...
  Loaded cached network in 0.14 seconds.
  Pruning scenario...
  Pruned scenario in 2.909e-05 seconds.
Scenario constructed in 1.40 seconds.
  Connecting to CARLA on port 2000
  Map loaded in simulator.
  Generated scene in 5 iterations, 0.0297 seconds.
  Beginning simulation of top-level scenario...
  Ran simulation in 20.08 seconds.
Beginning scenario construction...
pygame 2.6.1 (SDL 2.28.4, Python 3.10.12)
Hello from the pygame community. https://www.pygame.org/contribute.html
  Loading cached version of road network...
  Loaded cached network in 0.14 seconds.
  Pruning scenario...
  Pruned scenario in 2.623e-05 seconds.
Scenario constructed in 1.46 seconds.
  Connecting to CARLA on port 2000
  Map loaded in simulator.
  Generated scene in 3 iterations, 0.02091 seconds.
  Beginning simulation of top-level scenario...
  Ran simulation in 16.75 seconds.
Beginning scenario construction...
pygame 2.6.1 (SDL 2.28.4, Python 3.10.12)
Hello from the pygame community. https://www.pygame.org/contribute.html
  Loading cached version of road network...
  Loaded cached network in 0.14 seconds.
  Pruning scenario...
  Pruned scenario in 2.503e-05 seconds.
Scenario constructed in 1.41 seconds.
  Connecting to CARLA on port 2000
  Map loaded in simulator.
  Generated scene in 1 iterations, 0.01068 seconds.
  Beginning simulation of top-level scenario...
  Ran simulation in 18.72 seconds.
Beginning scenario construction...
pygame 2.6.1 (SDL 2.28.4, Python 3.10.12)
Hello from the pygame community. https://www.pygame.org/contribute.html
  Loading cached version of road network...
  Loaded cached network in 0.14 seconds.
  Pruning scenario...
  Pruned scenario in 3.004e-05 seconds.
Scenario constructed in 1.43 seconds.
  Connecting to CARLA on port 2000
  Map loaded in simulator.
  Generated scene in 6 iterations, 0.03529 seconds.
  Beginning simulation of top-level scenario...
  Ran simulation in 18.78 seconds.
Beginning scenario construction...
pygame 2.6.1 (SDL 2.28.4, Python 3.10.12)
Hello from the pygame community. https://www.pygame.org/contribute.html
  Loading cached version of road network...
  Loaded cached network in 0.14 seconds.
  Pruning scenario...
  Pruned scenario in 3.099e-05 seconds.
Scenario constructed in 1.43 seconds.
  Connecting to CARLA on port 2000
  Map loaded in simulator.
  Generated scene in 1 iterations, 0.01086 seconds.
  Beginning simulation of top-level scenario...
  Ran simulation in 17.9 seconds.
Beginning scenario construction...
pygame 2.6.1 (SDL 2.28.4, Python 3.10.12)
Hello from the pygame community. https://www.pygame.org/contribute.html
  Loading cached version of road network...
  Loaded cached network in 0.14 seconds.
  Pruning scenario...
  Pruned scenario in 2.503e-05 seconds.
Scenario constructed in 1.41 seconds.
  Connecting to CARLA on port 2000
  Map loaded in simulator.
  Generated scene in 5 iterations, 0.03021 seconds.
  Beginning simulation of top-level scenario...
  Ran simulation in 19.06 seconds.
Beginning scenario construction...
pygame 2.6.1 (SDL 2.28.4, Python 3.10.12)
Hello from the pygame community. https://www.pygame.org/contribute.html
  Loading cached version of road network...
  Loaded cached network in 0.14 seconds.
  Pruning scenario...
  Pruned scenario in 2.742e-05 seconds.
Scenario constructed in 1.40 seconds.
  Connecting to CARLA on port 2000
  Map loaded in simulator.
  Generated scene in 4 iterations, 0.02499 seconds.
  Beginning simulation of top-level scenario...
  Ran simulation in 19.24 seconds.
Beginning scenario construction...
pygame 2.6.1 (SDL 2.28.4, Python 3.10.12)
Hello from the pygame community. https://www.pygame.org/contribute.html
  Loading cached version of road network...
  Loaded cached network in 0.14 seconds.
  Pruning scenario...
  Pruned scenario in 2.837e-05 seconds.
Scenario constructed in 1.40 seconds.
  Connecting to CARLA on port 2000
  Map loaded in simulator.
  Generated scene in 8 iterations, 0.04514 seconds.
  Beginning simulation of top-level scenario...
  Ran simulation in 19.57 seconds.
Beginning scenario construction...
pygame 2.6.1 (SDL 2.28.4, Python 3.10.12)
Hello from the pygame community. https://www.pygame.org/contribute.html
  Loading cached version of road network...
  Loaded cached network in 0.14 seconds.
  Pruning scenario...
  Pruned scenario in 2.909e-05 seconds.
Scenario constructed in 1.41 seconds.
  Connecting to CARLA on port 2000
  Map loaded in simulator.
  Generated scene in 2 iterations, 0.01481 seconds.
  Beginning simulation of top-level scenario...
  Ran simulation in 16.56 seconds.
Beginning scenario construction...
pygame 2.6.1 (SDL 2.28.4, Python 3.10.12)
Hello from the pygame community. https://www.pygame.org/contribute.html
  Loading cached version of road network...
  Loaded cached network in 0.14 seconds.
  Pruning scenario...
  Pruned scenario in 2.48e-05 seconds.
Scenario constructed in 1.42 seconds.
  Connecting to CARLA on port 2000
  Map loaded in simulator.
  Generated scene in 3 iterations, 0.02029 seconds.
  Beginning simulation of top-level scenario...
  Ran simulation in 20.2 seconds.
Beginning scenario construction...
pygame 2.6.1 (SDL 2.28.4, Python 3.10.12)
Hello from the pygame community. https://www.pygame.org/contribute.html
  Loading cached version of road network...
  Loaded cached network in 0.14 seconds.
  Pruning scenario...
  Pruned scenario in 2.67e-05 seconds.
Scenario constructed in 1.43 seconds.
  Connecting to CARLA on port 2000
  Map loaded in simulator.
  Generated scene in 4 iterations, 0.02554 seconds.
  Beginning simulation of top-level scenario...
  Ran simulation in 18.64 seconds.
Beginning scenario construction...
pygame 2.6.1 (SDL 2.28.4, Python 3.10.12)
Hello from the pygame community. https://www.pygame.org/contribute.html
  Loading cached version of road network...
  Loaded cached network in 0.14 seconds.
  Pruning scenario...
  Pruned scenario in 2.885e-05 seconds.
Scenario constructed in 1.41 seconds.
  Connecting to CARLA on port 2000
  Map loaded in simulator.
  Generated scene in 1 iterations, 0.011 seconds.
  Beginning simulation of top-level scenario...
  Ran simulation in 18.16 seconds.
Beginning scenario construction...
pygame 2.6.1 (SDL 2.28.4, Python 3.10.12)
Hello from the pygame community. https://www.pygame.org/contribute.html
  Loading cached version of road network...
  Loaded cached network in 0.13 seconds.
  Pruning scenario...
  Pruned scenario in 2.265e-05 seconds.
Scenario constructed in 1.39 seconds.
  Connecting to CARLA on port 2000
  Map loaded in simulator.
  Generated scene in 8 iterations, 0.04554 seconds.
  Beginning simulation of top-level scenario...
  Ran simulation in 17.86 seconds.
Beginning scenario construction...
pygame 2.6.1 (SDL 2.28.4, Python 3.10.12)
Hello from the pygame community. https://www.pygame.org/contribute.html
  Loading cached version of road network...
  Loaded cached network in 0.14 seconds.
  Pruning scenario...
  Pruned scenario in 2.909e-05 seconds.
Scenario constructed in 1.43 seconds.
  Connecting to CARLA on port 2000
  Map loaded in simulator.
  Generated scene in 2 iterations, 0.01606 seconds.
  Beginning simulation of top-level scenario...
  Ran simulation in 18.84 seconds.
Beginning scenario construction...
pygame 2.6.1 (SDL 2.28.4, Python 3.10.12)
Hello from the pygame community. https://www.pygame.org/contribute.html
  Loading cached version of road network...
  Loaded cached network in 0.14 seconds.
  Pruning scenario...
  Pruned scenario in 2.575e-05 seconds.
Scenario constructed in 1.41 seconds.
  Connecting to CARLA on port 2000
  Map loaded in simulator.
  Generated scene in 1 iterations, 0.01075 seconds.
  Beginning simulation of top-level scenario...
  Ran simulation in 18.68 seconds.
Beginning scenario construction...
pygame 2.6.1 (SDL 2.28.4, Python 3.10.12)
Hello from the pygame community. https://www.pygame.org/contribute.html
  Loading cached version of road network...
  Loaded cached network in 0.13 seconds.
  Pruning scenario...
  Pruned scenario in 2.551e-05 seconds.
Scenario constructed in 1.40 seconds.
  Connecting to CARLA on port 2000
  Map loaded in simulator.
  Generated scene in 1 iterations, 0.01084 seconds.
  Beginning simulation of top-level scenario...
  Ran simulation in 19.38 seconds.
Beginning scenario construction...
pygame 2.6.1 (SDL 2.28.4, Python 3.10.12)
Hello from the pygame community. https://www.pygame.org/contribute.html
  Loading cached version of road network...
  Loaded cached network in 0.14 seconds.
  Pruning scenario...
  Pruned scenario in 2.337e-05 seconds.
Scenario constructed in 1.40 seconds.
  Connecting to CARLA on port 2000
  Map loaded in simulator.
  Generated scene in 11 iterations, 0.06179 seconds.
  Beginning simulation of top-level scenario...
  Ran simulation in 16.97 seconds.
Beginning scenario construction...
pygame 2.6.1 (SDL 2.28.4, Python 3.10.12)
Hello from the pygame community. https://www.pygame.org/contribute.html
  Loading cached version of road network...
  Loaded cached network in 0.14 seconds.
  Pruning scenario...
  Pruned scenario in 2.933e-05 seconds.
Scenario constructed in 1.42 seconds.
  Connecting to CARLA on port 2000
  Map loaded in simulator.
  Generated scene in 5 iterations, 0.03061 seconds.
  Beginning simulation of top-level scenario...
  Ran simulation in 17.78 seconds.
Beginning scenario construction...
pygame 2.6.1 (SDL 2.28.4, Python 3.10.12)
Hello from the pygame community. https://www.pygame.org/contribute.html
  Loading cached version of road network...
  Loaded cached network in 0.13 seconds.
  Pruning scenario...
  Pruned scenario in 2.48e-05 seconds.
Scenario constructed in 1.41 seconds.
  Connecting to CARLA on port 2000
  Map loaded in simulator.
  Generated scene in 8 iterations, 0.04532 seconds.
  Beginning simulation of top-level scenario...
  Ran simulation in 19.87 seconds.
Beginning scenario construction...
pygame 2.6.1 (SDL 2.28.4, Python 3.10.12)
Hello from the pygame community. https://www.pygame.org/contribute.html
  Loading cached version of road network...
  Loaded cached network in 0.14 seconds.
  Pruning scenario...
  Pruned scenario in 2.67e-05 seconds.
Scenario constructed in 1.41 seconds.
  Connecting to CARLA on port 2000
  Map loaded in simulator.
  Generated scene in 3 iterations, 0.02122 seconds.
  Beginning simulation of top-level scenario...
  Ran simulation in 18.74 seconds.
Beginning scenario construction...
pygame 2.6.1 (SDL 2.28.4, Python 3.10.12)
Hello from the pygame community. https://www.pygame.org/contribute.html
  Loading cached version of road network...
  Loaded cached network in 0.13 seconds.
  Pruning scenario...
  Pruned scenario in 2.503e-05 seconds.
Scenario constructed in 1.40 seconds.
  Connecting to CARLA on port 2000
  Map loaded in simulator.
  Generated scene in 7 iterations, 0.03897 seconds.
  Beginning simulation of top-level scenario...
  Ran simulation in 17.52 seconds.
Beginning scenario construction...
pygame 2.6.1 (SDL 2.28.4, Python 3.10.12)
Hello from the pygame community. https://www.pygame.org/contribute.html
  Loading cached version of road network...
  Loaded cached network in 0.14 seconds.
  Pruning scenario...
  Pruned scenario in 2.599e-05 seconds.
Scenario constructed in 1.42 seconds.
  Connecting to CARLA on port 2000
  Map loaded in simulator.
  Generated scene in 1 iterations, 0.01033 seconds.
  Beginning simulation of top-level scenario...
  Ran simulation in 18.52 seconds.
Beginning scenario construction...
pygame 2.6.1 (SDL 2.28.4, Python 3.10.12)
Hello from the pygame community. https://www.pygame.org/contribute.html
  Loading cached version of road network...
  Loaded cached network in 0.14 seconds.
  Pruning scenario...
  Pruned scenario in 2.766e-05 seconds.
Scenario constructed in 1.40 seconds.
  Connecting to CARLA on port 2000
  Map loaded in simulator.
  Generated scene in 2 iterations, 0.01582 seconds.
  Beginning simulation of top-level scenario...
  Ran simulation in 18.34 seconds.
Beginning scenario construction...
pygame 2.6.1 (SDL 2.28.4, Python 3.10.12)
Hello from the pygame community. https://www.pygame.org/contribute.html
  Loading cached version of road network...
  Loaded cached network in 0.14 seconds.
  Pruning scenario...
  Pruned scenario in 2.694e-05 seconds.
Scenario constructed in 1.42 seconds.
  Connecting to CARLA on port 2000
  Map loaded in simulator.
  Generated scene in 4 iterations, 0.02577 seconds.
  Beginning simulation of top-level scenario...
  Ran simulation in 17.19 seconds.
Beginning scenario construction...
pygame 2.6.1 (SDL 2.28.4, Python 3.10.12)
Hello from the pygame community. https://www.pygame.org/contribute.html
  Loading cached version of road network...
  Loaded cached network in 0.14 seconds.
  Pruning scenario...
  Pruned scenario in 2.48e-05 seconds.
Scenario constructed in 1.41 seconds.
  Connecting to CARLA on port 2000
  Map loaded in simulator.
  Generated scene in 1 iterations, 0.009773 seconds.
  Beginning simulation of top-level scenario...
  Ran simulation in 17.86 seconds.
Beginning scenario construction...
pygame 2.6.1 (SDL 2.28.4, Python 3.10.12)
Hello from the pygame community. https://www.pygame.org/contribute.html
  Loading cached version of road network...
  Loaded cached network in 0.14 seconds.
  Pruning scenario...
  Pruned scenario in 2.933e-05 seconds.
Scenario constructed in 1.41 seconds.
  Connecting to CARLA on port 2000
  Map loaded in simulator.
  Generated scene in 1 iterations, 0.01081 seconds.
  Beginning simulation of top-level scenario...
  Ran simulation in 18.68 seconds.
Beginning scenario construction...
pygame 2.6.1 (SDL 2.28.4, Python 3.10.12)
Hello from the pygame community. https://www.pygame.org/contribute.html
  Loading cached version of road network...
  Loaded cached network in 0.14 seconds.
  Pruning scenario...
  Pruned scenario in 2.885e-05 seconds.
Scenario constructed in 1.42 seconds.
  Connecting to CARLA on port 2000
  Map loaded in simulator.
  Generated scene in 1 iterations, 0.01123 seconds.
  Beginning simulation of top-level scenario...
  Ran simulation in 19.3 seconds.
Beginning scenario construction...
pygame 2.6.1 (SDL 2.28.4, Python 3.10.12)
Hello from the pygame community. https://www.pygame.org/contribute.html
  Loading cached version of road network...
  Loaded cached network in 0.14 seconds.
  Pruning scenario...
  Pruned scenario in 2.599e-05 seconds.
Scenario constructed in 1.43 seconds.
  Connecting to CARLA on port 2000
  Map loaded in simulator.
  Generated scene in 6 iterations, 0.03567 seconds.
  Beginning simulation of top-level scenario...
  Ran simulation in 19.16 seconds.
Beginning scenario construction...
pygame 2.6.1 (SDL 2.28.4, Python 3.10.12)
Hello from the pygame community. https://www.pygame.org/contribute.html
  Loading cached version of road network...
  Loaded cached network in 0.13 seconds.
  Pruning scenario...
  Pruned scenario in 2.742e-05 seconds.
Scenario constructed in 1.40 seconds.
  Connecting to CARLA on port 2000
  Map loaded in simulator.
  Generated scene in 1 iterations, 0.01085 seconds.
  Beginning simulation of top-level scenario...
  Ran simulation in 17.98 seconds.
Beginning scenario construction...
pygame 2.6.1 (SDL 2.28.4, Python 3.10.12)
Hello from the pygame community. https://www.pygame.org/contribute.html
  Loading cached version of road network...
  Loaded cached network in 0.13 seconds.
  Pruning scenario...
  Pruned scenario in 2.909e-05 seconds.
Scenario constructed in 1.41 seconds.
  Connecting to CARLA on port 2000
  Map loaded in simulator.
  Generated scene in 3 iterations, 0.01986 seconds.
  Beginning simulation of top-level scenario...
  Ran simulation in 18.54 seconds.
Beginning scenario construction...
pygame 2.6.1 (SDL 2.28.4, Python 3.10.12)
Hello from the pygame community. https://www.pygame.org/contribute.html
  Loading cached version of road network...
  Loaded cached network in 0.14 seconds.
  Pruning scenario...
  Pruned scenario in 2.623e-05 seconds.
Scenario constructed in 1.40 seconds.
  Connecting to CARLA on port 2000
  Map loaded in simulator.
  Generated scene in 4 iterations, 0.02588 seconds.
  Beginning simulation of top-level scenario...
  Ran simulation in 18.95 seconds.
Beginning scenario construction...
pygame 2.6.1 (SDL 2.28.4, Python 3.10.12)
Hello from the pygame community. https://www.pygame.org/contribute.html
  Loading cached version of road network...
  Loaded cached network in 0.14 seconds.
  Pruning scenario...
  Pruned scenario in 2.646e-05 seconds.
Scenario constructed in 1.43 seconds.
  Connecting to CARLA on port 2000
  Map loaded in simulator.
  Generated scene in 8 iterations, 0.04576 seconds.
  Beginning simulation of top-level scenario...
  Ran simulation in 17.67 seconds.
Beginning scenario construction...
pygame 2.6.1 (SDL 2.28.4, Python 3.10.12)
Hello from the pygame community. https://www.pygame.org/contribute.html
  Loading cached version of road network...
  Loaded cached network in 0.14 seconds.
  Pruning scenario...
  Pruned scenario in 2.98e-05 seconds.
Scenario constructed in 1.41 seconds.
  Connecting to CARLA on port 2000
  Map loaded in simulator.
  Generated scene in 6 iterations, 0.03431 seconds.
  Beginning simulation of top-level scenario...
  Ran simulation in 18.73 seconds.
Beginning scenario construction...
pygame 2.6.1 (SDL 2.28.4, Python 3.10.12)
Hello from the pygame community. https://www.pygame.org/contribute.html
  Loading cached version of road network...
  Loaded cached network in 0.13 seconds.
  Pruning scenario...
  Pruned scenario in 3.362e-05 seconds.
Scenario constructed in 1.41 seconds.
  Connecting to CARLA on port 2000
  Map loaded in simulator.
  Generated scene in 2 iterations, 0.0157 seconds.
  Beginning simulation of top-level scenario...
  Ran simulation in 18.63 seconds.
Beginning scenario construction...
pygame 2.6.1 (SDL 2.28.4, Python 3.10.12)
Hello from the pygame community. https://www.pygame.org/contribute.html
  Loading cached version of road network...
  Loaded cached network in 0.14 seconds.
  Pruning scenario...
  Pruned scenario in 2.766e-05 seconds.
Scenario constructed in 1.40 seconds.
  Connecting to CARLA on port 2000
  Map loaded in simulator.
  Generated scene in 1 iterations, 0.01108 seconds.
  Beginning simulation of top-level scenario...
  Ran simulation in 18.02 seconds.
Beginning scenario construction...
pygame 2.6.1 (SDL 2.28.4, Python 3.10.12)
Hello from the pygame community. https://www.pygame.org/contribute.html
  Loading cached version of road network...
  Loaded cached network in 0.14 seconds.
  Pruning scenario...
  Pruned scenario in 2.646e-05 seconds.
Scenario constructed in 1.42 seconds.
  Connecting to CARLA on port 2000
  Map loaded in simulator.
  Generated scene in 5 iterations, 0.02813 seconds.
  Beginning simulation of top-level scenario...
  Ran simulation in 18.93 seconds.
Beginning scenario construction...
pygame 2.6.1 (SDL 2.28.4, Python 3.10.12)
Hello from the pygame community. https://www.pygame.org/contribute.html
  Loading cached version of road network...
  Loaded cached network in 0.14 seconds.
  Pruning scenario...
  Pruned scenario in 3.052e-05 seconds.
Scenario constructed in 1.40 seconds.
  Connecting to CARLA on port 2000
  Map loaded in simulator.
  Generated scene in 1 iterations, 0.01089 seconds.
  Beginning simulation of top-level scenario...
  Ran simulation in 17.81 seconds.
Beginning scenario construction...
pygame 2.6.1 (SDL 2.28.4, Python 3.10.12)
Hello from the pygame community. https://www.pygame.org/contribute.html
  Loading cached version of road network...
  Loaded cached network in 0.14 seconds.
  Pruning scenario...
  Pruned scenario in 2.956e-05 seconds.
Scenario constructed in 1.42 seconds.
  Connecting to CARLA on port 2000
  Map loaded in simulator.
  Generated scene in 7 iterations, 0.04152 seconds.
  Beginning simulation of top-level scenario...
  Ran simulation in 17.43 seconds.
Beginning scenario construction...
pygame 2.6.1 (SDL 2.28.4, Python 3.10.12)
Hello from the pygame community. https://www.pygame.org/contribute.html
  Loading cached version of road network...
  Loaded cached network in 0.14 seconds.
  Pruning scenario...
  Pruned scenario in 2.909e-05 seconds.
Scenario constructed in 1.41 seconds.
  Connecting to CARLA on port 2000
  Map loaded in simulator.
  Generated scene in 4 iterations, 0.02622 seconds.
  Beginning simulation of top-level scenario...
  Ran simulation in 18.67 seconds.
Beginning scenario construction...
pygame 2.6.1 (SDL 2.28.4, Python 3.10.12)
Hello from the pygame community. https://www.pygame.org/contribute.html
  Loading cached version of road network...
  Loaded cached network in 0.14 seconds.
  Pruning scenario...
  Pruned scenario in 2.766e-05 seconds.
Scenario constructed in 1.41 seconds.
  Connecting to CARLA on port 2000
  Map loaded in simulator.
  Generated scene in 1 iterations, 0.01101 seconds.
  Beginning simulation of top-level scenario...
  Ran simulation in 17.24 seconds.
Beginning scenario construction...
pygame 2.6.1 (SDL 2.28.4, Python 3.10.12)
Hello from the pygame community. https://www.pygame.org/contribute.html
  Loading cached version of road network...
  Loaded cached network in 0.14 seconds.
  Pruning scenario...
  Pruned scenario in 2.67e-05 seconds.
Scenario constructed in 1.42 seconds.
  Connecting to CARLA on port 2000
  Map loaded in simulator.
  Generated scene in 2 iterations, 0.01621 seconds.
  Beginning simulation of top-level scenario...
  Ran simulation in 19.16 seconds.
Beginning scenario construction...
pygame 2.6.1 (SDL 2.28.4, Python 3.10.12)
Hello from the pygame community. https://www.pygame.org/contribute.html
  Loading cached version of road network...
  Loaded cached network in 0.14 seconds.
  Pruning scenario...
  Pruned scenario in 2.67e-05 seconds.
Scenario constructed in 1.40 seconds.
  Connecting to CARLA on port 2000
  Map loaded in simulator.
  Generated scene in 1 iterations, 0.01102 seconds.
  Beginning simulation of top-level scenario...
  Ran simulation in 18.64 seconds.
Beginning scenario construction...
pygame 2.6.1 (SDL 2.28.4, Python 3.10.12)
Hello from the pygame community. https://www.pygame.org/contribute.html
  Loading cached version of road network...
  Loaded cached network in 0.14 seconds.
  Pruning scenario...
  Pruned scenario in 2.766e-05 seconds.
Scenario constructed in 1.40 seconds.
  Connecting to CARLA on port 2000
  Map loaded in simulator.
  Generated scene in 11 iterations, 0.058 seconds.
  Beginning simulation of top-level scenario...
  Ran simulation in 17.86 seconds.
Beginning scenario construction...
pygame 2.6.1 (SDL 2.28.4, Python 3.10.12)
Hello from the pygame community. https://www.pygame.org/contribute.html
  Loading cached version of road network...
  Loaded cached network in 0.14 seconds.
  Pruning scenario...
  Pruned scenario in 2.909e-05 seconds.
Scenario constructed in 1.41 seconds.
  Connecting to CARLA on port 2000
  Map loaded in simulator.
  Generated scene in 16 iterations, 0.08658 seconds.
  Beginning simulation of top-level scenario...
  Ran simulation in 17.79 seconds.
Beginning scenario construction...
pygame 2.6.1 (SDL 2.28.4, Python 3.10.12)
Hello from the pygame community. https://www.pygame.org/contribute.html
  Loading cached version of road network...
  Loaded cached network in 0.14 seconds.
  Pruning scenario...
  Pruned scenario in 2.623e-05 seconds.
Scenario constructed in 1.40 seconds.
  Connecting to CARLA on port 2000
  Map loaded in simulator.
  Generated scene in 2 iterations, 0.01605 seconds.
  Beginning simulation of top-level scenario...
  Ran simulation in 20.98 seconds.
Beginning scenario construction...
pygame 2.6.1 (SDL 2.28.4, Python 3.10.12)
Hello from the pygame community. https://www.pygame.org/contribute.html
  Loading cached version of road network...
  Loaded cached network in 0.14 seconds.
  Pruning scenario...
  Pruned scenario in 2.933e-05 seconds.
Scenario constructed in 1.43 seconds.
  Connecting to CARLA on port 2000
  Map loaded in simulator.
  Generated scene in 6 iterations, 0.03559 seconds.
  Beginning simulation of top-level scenario...
  Ran simulation in 20.16 seconds.
Beginning scenario construction...
pygame 2.6.1 (SDL 2.28.4, Python 3.10.12)
Hello from the pygame community. https://www.pygame.org/contribute.html
  Loading cached version of road network...
  Loaded cached network in 0.14 seconds.
  Pruning scenario...
  Pruned scenario in 2.766e-05 seconds.
Scenario constructed in 1.41 seconds.
  Connecting to CARLA on port 2000
  Map loaded in simulator.
  Generated scene in 4 iterations, 0.02594 seconds.
  Beginning simulation of top-level scenario...
  Ran simulation in 18.15 seconds.
Beginning scenario construction...
pygame 2.6.1 (SDL 2.28.4, Python 3.10.12)
Hello from the pygame community. https://www.pygame.org/contribute.html
  Loading cached version of road network...
  Loaded cached network in 0.14 seconds.
  Pruning scenario...
  Pruned scenario in 2.837e-05 seconds.
Scenario constructed in 1.43 seconds.
  Connecting to CARLA on port 2000
  Map loaded in simulator.
  Generated scene in 2 iterations, 0.01486 seconds.
  Beginning simulation of top-level scenario...
  Ran simulation in 18.22 seconds.
Beginning scenario construction...
pygame 2.6.1 (SDL 2.28.4, Python 3.10.12)
Hello from the pygame community. https://www.pygame.org/contribute.html
  Loading cached version of road network...
  Loaded cached network in 0.14 seconds.
  Pruning scenario...
  Pruned scenario in 2.885e-05 seconds.
Scenario constructed in 1.40 seconds.
  Connecting to CARLA on port 2000
  Map loaded in simulator.
  Generated scene in 2 iterations, 0.01624 seconds.
  Beginning simulation of top-level scenario...
  Ran simulation in 17.95 seconds.
Beginning scenario construction...
pygame 2.6.1 (SDL 2.28.4, Python 3.10.12)
Hello from the pygame community. https://www.pygame.org/contribute.html
  Loading cached version of road network...
  Loaded cached network in 0.14 seconds.
  Pruning scenario...
  Pruned scenario in 2.646e-05 seconds.
Scenario constructed in 1.43 seconds.
  Connecting to CARLA on port 2000
  Map loaded in simulator.
  Generated scene in 4 iterations, 0.02487 seconds.
  Beginning simulation of top-level scenario...
Beginning scenario construction...
pygame 2.6.1 (SDL 2.28.4, Python 3.10.12)
Hello from the pygame community. https://www.pygame.org/contribute.html
  Loading cached version of road network...
  Loaded cached network in 0.14 seconds.
  Pruning scenario...
  Pruned scenario in 2.861e-05 seconds.
Scenario constructed in 1.40 seconds.
  Connecting to CARLA on port 2000
  Map loaded in simulator.
  Generated scene in 7 iterations, 0.04122 seconds.
  Beginning simulation of top-level scenario...
  Ran simulation in 17.42 seconds.
Beginning scenario construction...
pygame 2.6.1 (SDL 2.28.4, Python 3.10.12)
Hello from the pygame community. https://www.pygame.org/contribute.html
  Loading cached version of road network...
  Loaded cached network in 0.14 seconds.
  Pruning scenario...
  Pruned scenario in 3.147e-05 seconds.
Scenario constructed in 1.42 seconds.
  Connecting to CARLA on port 2000
  Map loaded in simulator.
  Generated scene in 2 iterations, 0.01486 seconds.
  Beginning simulation of top-level scenario...
  Ran simulation in 18.49 seconds.
Beginning scenario construction...
pygame 2.6.1 (SDL 2.28.4, Python 3.10.12)
Hello from the pygame community. https://www.pygame.org/contribute.html
  Loading cached version of road network...
  Loaded cached network in 0.13 seconds.
  Pruning scenario...
  Pruned scenario in 2.98e-05 seconds.
Scenario constructed in 1.40 seconds.
  Connecting to CARLA on port 2000
  Map loaded in simulator.
  Generated scene in 1 iterations, 0.01062 seconds.
  Beginning simulation of top-level scenario...
  Ran simulation in 19.91 seconds.
Beginning scenario construction...
pygame 2.6.1 (SDL 2.28.4, Python 3.10.12)
Hello from the pygame community. https://www.pygame.org/contribute.html
  Loading cached version of road network...
  Loaded cached network in 0.14 seconds.
  Pruning scenario...
  Pruned scenario in 2.837e-05 seconds.
Scenario constructed in 1.41 seconds.
  Connecting to CARLA on port 2000
  Map loaded in simulator.
  Generated scene in 5 iterations, 0.03019 seconds.
  Beginning simulation of top-level scenario...
  Ran simulation in 18.03 seconds.
Beginning scenario construction...
pygame 2.6.1 (SDL 2.28.4, Python 3.10.12)
Hello from the pygame community. https://www.pygame.org/contribute.html
  Loading cached version of road network...
  Loaded cached network in 0.14 seconds.
  Pruning scenario...
  Pruned scenario in 3.004e-05 seconds.
Scenario constructed in 1.41 seconds.
  Connecting to CARLA on port 2000
  Map loaded in simulator.
  Generated scene in 4 iterations, 0.0249 seconds.
  Beginning simulation of top-level scenario...
  Ran simulation in 18.36 seconds.
Beginning scenario construction...
pygame 2.6.1 (SDL 2.28.4, Python 3.10.12)
Hello from the pygame community. https://www.pygame.org/contribute.html
  Loading cached version of road network...
  Loaded cached network in 0.14 seconds.
  Pruning scenario...
  Pruned scenario in 2.67e-05 seconds.
Scenario constructed in 1.41 seconds.
  Connecting to CARLA on port 2000
  Map loaded in simulator.
  Generated scene in 10 iterations, 0.0688 seconds.
  Beginning simulation of top-level scenario...
  Ran simulation in 19.02 seconds.
Beginning scenario construction...
pygame 2.6.1 (SDL 2.28.4, Python 3.10.12)
Hello from the pygame community. https://www.pygame.org/contribute.html
  Loading cached version of road network...
  Loaded cached network in 0.14 seconds.
  Pruning scenario...
  Pruned scenario in 2.67e-05 seconds.
Scenario constructed in 1.42 seconds.
  Connecting to CARLA on port 2000
  Map loaded in simulator.
  Generated scene in 1 iterations, 0.01097 seconds.
  Beginning simulation of top-level scenario...
  Ran simulation in 18 seconds.
Beginning scenario construction...
pygame 2.6.1 (SDL 2.28.4, Python 3.10.12)
Hello from the pygame community. https://www.pygame.org/contribute.html
  Loading cached version of road network...
  Loaded cached network in 0.14 seconds.
  Pruning scenario...
  Pruned scenario in 3.147e-05 seconds.
Scenario constructed in 1.42 seconds.
  Connecting to CARLA on port 2000
  Map loaded in simulator.
  Generated scene in 3 iterations, 0.02108 seconds.
  Beginning simulation of top-level scenario...
  Ran simulation in 18.76 seconds.
Beginning scenario construction...
pygame 2.6.1 (SDL 2.28.4, Python 3.10.12)
Hello from the pygame community. https://www.pygame.org/contribute.html
  Loading cached version of road network...
  Loaded cached network in 0.14 seconds.
  Pruning scenario...
  Pruned scenario in 2.789e-05 seconds.
Scenario constructed in 1.41 seconds.
  Connecting to CARLA on port 2000
  Map loaded in simulator.
  Generated scene in 2 iterations, 0.01586 seconds.
  Beginning simulation of top-level scenario...
  Ran simulation in 20.43 seconds.
Beginning scenario construction...
pygame 2.6.1 (SDL 2.28.4, Python 3.10.12)
Hello from the pygame community. https://www.pygame.org/contribute.html
  Loading cached version of road network...
  Loaded cached network in 0.14 seconds.
  Pruning scenario...
  Pruned scenario in 2.956e-05 seconds.
Scenario constructed in 1.42 seconds.
  Connecting to CARLA on port 2000
  Map loaded in simulator.
  Generated scene in 5 iterations, 0.03008 seconds.
  Beginning simulation of top-level scenario...
  Ran simulation in 19.92 seconds.
Beginning scenario construction...
pygame 2.6.1 (SDL 2.28.4, Python 3.10.12)
Hello from the pygame community. https://www.pygame.org/contribute.html
  Loading cached version of road network...
  Loaded cached network in 0.14 seconds.
  Pruning scenario...
  Pruned scenario in 2.789e-05 seconds.
Scenario constructed in 1.39 seconds.
  Connecting to CARLA on port 2000
  Map loaded in simulator.
  Generated scene in 2 iterations, 0.01571 seconds.
  Beginning simulation of top-level scenario...
  Ran simulation in 18.62 seconds.
Beginning scenario construction...
pygame 2.6.1 (SDL 2.28.4, Python 3.10.12)
Hello from the pygame community. https://www.pygame.org/contribute.html
  Loading cached version of road network...
  Loaded cached network in 0.14 seconds.
  Pruning scenario...
  Pruned scenario in 2.766e-05 seconds.
Scenario constructed in 1.41 seconds.
  Connecting to CARLA on port 2000
  Map loaded in simulator.
  Generated scene in 5 iterations, 0.02937 seconds.
  Beginning simulation of top-level scenario...
  Ran simulation in 18.36 seconds.
Beginning scenario construction...
pygame 2.6.1 (SDL 2.28.4, Python 3.10.12)
Hello from the pygame community. https://www.pygame.org/contribute.html
  Loading cached version of road network...
  Loaded cached network in 0.14 seconds.
  Pruning scenario...
  Pruned scenario in 2.813e-05 seconds.
Scenario constructed in 1.41 seconds.
  Connecting to CARLA on port 2000
  Map loaded in simulator.
  Generated scene in 1 iterations, 0.01077 seconds.
  Beginning simulation of top-level scenario...
  Ran simulation in 17.89 seconds.
Beginning scenario construction...
pygame 2.6.1 (SDL 2.28.4, Python 3.10.12)
Hello from the pygame community. https://www.pygame.org/contribute.html
  Loading cached version of road network...
  Loaded cached network in 0.14 seconds.
  Pruning scenario...
  Pruned scenario in 2.694e-05 seconds.
Scenario constructed in 1.44 seconds.
  Connecting to CARLA on port 2000
  Map loaded in simulator.
  Generated scene in 1 iterations, 0.01091 seconds.
  Beginning simulation of top-level scenario...
  Ran simulation in 17.94 seconds.
Beginning scenario construction...
pygame 2.6.1 (SDL 2.28.4, Python 3.10.12)
Hello from the pygame community. https://www.pygame.org/contribute.html
  Loading cached version of road network...
  Loaded cached network in 0.14 seconds.
  Pruning scenario...
  Pruned scenario in 2.67e-05 seconds.
Scenario constructed in 1.40 seconds.
  Connecting to CARLA on port 2000
  Map loaded in simulator.
  Generated scene in 1 iterations, 0.01078 seconds.
  Beginning simulation of top-level scenario...
  Ran simulation in 18.24 seconds.
Beginning scenario construction...
pygame 2.6.1 (SDL 2.28.4, Python 3.10.12)
Hello from the pygame community. https://www.pygame.org/contribute.html
  Loading cached version of road network...
  Loaded cached network in 0.14 seconds.
  Pruning scenario...
  Pruned scenario in 3.028e-05 seconds.
Scenario constructed in 1.40 seconds.
  Connecting to CARLA on port 2000
  Map loaded in simulator.
  Generated scene in 4 iterations, 0.02629 seconds.
  Beginning simulation of top-level scenario...
  Ran simulation in 17.97 seconds.
Beginning scenario construction...
pygame 2.6.1 (SDL 2.28.4, Python 3.10.12)
Hello from the pygame community. https://www.pygame.org/contribute.html
  Loading cached version of road network...
  Loaded cached network in 0.14 seconds.
  Pruning scenario...
  Pruned scenario in 2.503e-05 seconds.
Scenario constructed in 1.42 seconds.
  Connecting to CARLA on port 2000
  Map loaded in simulator.
  Generated scene in 1 iterations, 0.01092 seconds.
  Beginning simulation of top-level scenario...
  Ran simulation in 19.37 seconds.
Beginning scenario construction...
pygame 2.6.1 (SDL 2.28.4, Python 3.10.12)
Hello from the pygame community. https://www.pygame.org/contribute.html
  Loading cached version of road network...
  Loaded cached network in 0.14 seconds.
  Pruning scenario...
  Pruned scenario in 2.933e-05 seconds.
Scenario constructed in 1.43 seconds.
  Connecting to CARLA on port 2000
  Map loaded in simulator.
  Generated scene in 3 iterations, 0.02096 seconds.
  Beginning simulation of top-level scenario...
  Ran simulation in 19.4 seconds.
Beginning scenario construction...
pygame 2.6.1 (SDL 2.28.4, Python 3.10.12)
Hello from the pygame community. https://www.pygame.org/contribute.html
  Loading cached version of road network...
  Loaded cached network in 0.14 seconds.
  Pruning scenario...
  Pruned scenario in 2.575e-05 seconds.
Scenario constructed in 1.41 seconds.
  Connecting to CARLA on port 2000
  Map loaded in simulator.
  Generated scene in 3 iterations, 0.02098 seconds.
  Beginning simulation of top-level scenario...
  Ran simulation in 18.74 seconds.
Beginning scenario construction...
pygame 2.6.1 (SDL 2.28.4, Python 3.10.12)
Hello from the pygame community. https://www.pygame.org/contribute.html
  Loading cached version of road network...
  Loaded cached network in 0.13 seconds.
  Pruning scenario...
  Pruned scenario in 2.575e-05 seconds.
Scenario constructed in 1.41 seconds.
  Connecting to CARLA on port 2000
  Map loaded in simulator.
  Generated scene in 1 iterations, 0.01073 seconds.
  Beginning simulation of top-level scenario...
  Ran simulation in 18.06 seconds.
Beginning scenario construction...
pygame 2.6.1 (SDL 2.28.4, Python 3.10.12)
Hello from the pygame community. https://www.pygame.org/contribute.html
  Loading cached version of road network...
  Loaded cached network in 0.14 seconds.
  Pruning scenario...
  Pruned scenario in 2.837e-05 seconds.
Scenario constructed in 1.40 seconds.
  Connecting to CARLA on port 2000
  Map loaded in simulator.
  Generated scene in 1 iterations, 0.01074 seconds.
  Beginning simulation of top-level scenario...
  Ran simulation in 18.07 seconds.
Beginning scenario construction...
pygame 2.6.1 (SDL 2.28.4, Python 3.10.12)
Hello from the pygame community. https://www.pygame.org/contribute.html
  Loading cached version of road network...
  Loaded cached network in 0.14 seconds.
  Pruning scenario...
  Pruned scenario in 2.694e-05 seconds.
Scenario constructed in 1.41 seconds.
  Connecting to CARLA on port 2000
  Map loaded in simulator.
  Generated scene in 8 iterations, 0.0436 seconds.
  Beginning simulation of top-level scenario...
  Ran simulation in 18.42 seconds.
Beginning scenario construction...
pygame 2.6.1 (SDL 2.28.4, Python 3.10.12)
Hello from the pygame community. https://www.pygame.org/contribute.html
  Loading cached version of road network...
  Loaded cached network in 0.14 seconds.
  Pruning scenario...
  Pruned scenario in 2.456e-05 seconds.
Scenario constructed in 1.43 seconds.
  Connecting to CARLA on port 2000
  Map loaded in simulator.
  Generated scene in 3 iterations, 0.01987 seconds.
  Beginning simulation of top-level scenario...
  Ran simulation in 18.54 seconds.
Beginning scenario construction...
pygame 2.6.1 (SDL 2.28.4, Python 3.10.12)
Hello from the pygame community. https://www.pygame.org/contribute.html
  Loading cached version of road network...
  Loaded cached network in 0.14 seconds.
  Pruning scenario...
  Pruned scenario in 2.861e-05 seconds.
Scenario constructed in 1.42 seconds.
  Connecting to CARLA on port 2000
  Map loaded in simulator.
  Generated scene in 10 iterations, 0.05366 seconds.
  Beginning simulation of top-level scenario...
  Ran simulation in 18.74 seconds.
Beginning scenario construction...
pygame 2.6.1 (SDL 2.28.4, Python 3.10.12)
Hello from the pygame community. https://www.pygame.org/contribute.html
  Loading cached version of road network...
  Loaded cached network in 0.14 seconds.
  Pruning scenario...
  Pruned scenario in 2.813e-05 seconds.
Scenario constructed in 1.40 seconds.
  Connecting to CARLA on port 2000
  Map loaded in simulator.
  Generated scene in 2 iterations, 0.01586 seconds.
  Beginning simulation of top-level scenario...
  Ran simulation in 17.87 seconds.
Beginning scenario construction...
pygame 2.6.1 (SDL 2.28.4, Python 3.10.12)
Hello from the pygame community. https://www.pygame.org/contribute.html
  Loading cached version of road network...
  Loaded cached network in 0.14 seconds.
  Pruning scenario...
  Pruned scenario in 2.789e-05 seconds.
Scenario constructed in 1.42 seconds.
  Connecting to CARLA on port 2000
  Map loaded in simulator.
  Generated scene in 2 iterations, 0.01575 seconds.
  Beginning simulation of top-level scenario...
  Ran simulation in 17.68 seconds.
Beginning scenario construction...
pygame 2.6.1 (SDL 2.28.4, Python 3.10.12)
Hello from the pygame community. https://www.pygame.org/contribute.html
  Loading cached version of road network...
  Loaded cached network in 0.13 seconds.
  Pruning scenario...
  Pruned scenario in 2.623e-05 seconds.
Scenario constructed in 1.40 seconds.
  Connecting to CARLA on port 2000
  Map loaded in simulator.
  Generated scene in 5 iterations, 0.03046 seconds.
  Beginning simulation of top-level scenario...
  Ran simulation in 18.45 seconds.
Beginning scenario construction...
pygame 2.6.1 (SDL 2.28.4, Python 3.10.12)
Hello from the pygame community. https://www.pygame.org/contribute.html
  Loading cached version of road network...
  Loaded cached network in 0.14 seconds.
  Pruning scenario...
  Pruned scenario in 2.694e-05 seconds.
Scenario constructed in 1.40 seconds.
  Connecting to CARLA on port 2000
  Map loaded in simulator.
  Generated scene in 4 iterations, 0.02593 seconds.
  Beginning simulation of top-level scenario...
  Ran simulation in 20.25 seconds.
Beginning scenario construction...
pygame 2.6.1 (SDL 2.28.4, Python 3.10.12)
Hello from the pygame community. https://www.pygame.org/contribute.html
  Loading cached version of road network...
  Loaded cached network in 0.14 seconds.
  Pruning scenario...
  Pruned scenario in 2.813e-05 seconds.
Scenario constructed in 1.60 seconds.
  Connecting to CARLA on port 2000
  Map loaded in simulator.
  Generated scene in 2 iterations, 0.01489 seconds.
  Beginning simulation of top-level scenario...
  Ran simulation in 18.03 seconds.
Beginning scenario construction...
pygame 2.6.1 (SDL 2.28.4, Python 3.10.12)
Hello from the pygame community. https://www.pygame.org/contribute.html
  Loading cached version of road network...
  Loaded cached network in 0.13 seconds.
  Pruning scenario...
  Pruned scenario in 2.384e-05 seconds.
Scenario constructed in 1.41 seconds.
  Connecting to CARLA on port 2000
  Map loaded in simulator.
  Generated scene in 6 iterations, 0.03321 seconds.
  Beginning simulation of top-level scenario...
  Ran simulation in 17.61 seconds.
Beginning scenario construction...
pygame 2.6.1 (SDL 2.28.4, Python 3.10.12)
Hello from the pygame community. https://www.pygame.org/contribute.html
  Loading cached version of road network...
  Loaded cached network in 0.14 seconds.
  Pruning scenario...
  Pruned scenario in 2.885e-05 seconds.
Scenario constructed in 1.40 seconds.
  Connecting to CARLA on port 2000
  Map loaded in simulator.
  Generated scene in 1 iterations, 0.01094 seconds.
  Beginning simulation of top-level scenario...
  Ran simulation in 20.47 seconds.
Beginning scenario construction...
pygame 2.6.1 (SDL 2.28.4, Python 3.10.12)
Hello from the pygame community. https://www.pygame.org/contribute.html
  Loading cached version of road network...
  Loaded cached network in 0.14 seconds.
  Pruning scenario...
  Pruned scenario in 2.623e-05 seconds.
Scenario constructed in 1.40 seconds.
  Connecting to CARLA on port 2000
  Map loaded in simulator.
  Generated scene in 2 iterations, 0.01613 seconds.
  Beginning simulation of top-level scenario...
  Ran simulation in 20.57 seconds.
Beginning scenario construction...
pygame 2.6.1 (SDL 2.28.4, Python 3.10.12)
Hello from the pygame community. https://www.pygame.org/contribute.html
  Loading cached version of road network...
  Loaded cached network in 0.14 seconds.
  Pruning scenario...
  Pruned scenario in 2.623e-05 seconds.
Scenario constructed in 1.41 seconds.
  Connecting to CARLA on port 2000
  Map loaded in simulator.
  Generated scene in 8 iterations, 0.04614 seconds.
  Beginning simulation of top-level scenario...
  Ran simulation in 20.15 seconds.
Beginning scenario construction...
pygame 2.6.1 (SDL 2.28.4, Python 3.10.12)
Hello from the pygame community. https://www.pygame.org/contribute.html
  Loading cached version of road network...
  Loaded cached network in 0.14 seconds.
  Pruning scenario...
  Pruned scenario in 2.694e-05 seconds.
Scenario constructed in 1.43 seconds.
  Connecting to CARLA on port 2000
  Map loaded in simulator.
  Generated scene in 3 iterations, 0.01995 seconds.
  Beginning simulation of top-level scenario...
  Ran simulation in 21.69 seconds.
Beginning scenario construction...
pygame 2.6.1 (SDL 2.28.4, Python 3.10.12)
Hello from the pygame community. https://www.pygame.org/contribute.html
  Loading cached version of road network...
  Loaded cached network in 0.14 seconds.
  Pruning scenario...
  Pruned scenario in 2.837e-05 seconds.
Scenario constructed in 1.41 seconds.
  Connecting to CARLA on port 2000
  Map loaded in simulator.
  Generated scene in 7 iterations, 0.0402 seconds.
  Beginning simulation of top-level scenario...
  Ran simulation in 17.55 seconds.
Beginning scenario construction...
pygame 2.6.1 (SDL 2.28.4, Python 3.10.12)
Hello from the pygame community. https://www.pygame.org/contribute.html
  Loading cached version of road network...
  Loaded cached network in 0.14 seconds.
  Pruning scenario...
  Pruned scenario in 2.646e-05 seconds.
Scenario constructed in 1.42 seconds.
  Connecting to CARLA on port 2000
  Map loaded in simulator.
  Generated scene in 4 iterations, 0.02602 seconds.
  Beginning simulation of top-level scenario...
  Ran simulation in 18.34 seconds.
Beginning scenario construction...
pygame 2.6.1 (SDL 2.28.4, Python 3.10.12)
Hello from the pygame community. https://www.pygame.org/contribute.html
  Loading cached version of road network...
  Loaded cached network in 0.13 seconds.
  Pruning scenario...
  Pruned scenario in 2.551e-05 seconds.
Scenario constructed in 1.40 seconds.
  Connecting to CARLA on port 2000
  Map loaded in simulator.
  Generated scene in 4 iterations, 0.02607 seconds.
  Beginning simulation of top-level scenario...
  Ran simulation in 18.38 seconds.
Beginning scenario construction...
pygame 2.6.1 (SDL 2.28.4, Python 3.10.12)
Hello from the pygame community. https://www.pygame.org/contribute.html
  Loading cached version of road network...
  Loaded cached network in 0.14 seconds.
  Pruning scenario...
  Pruned scenario in 3.052e-05 seconds.
Scenario constructed in 1.42 seconds.
  Connecting to CARLA on port 2000
  Map loaded in simulator.
  Generated scene in 2 iterations, 0.01602 seconds.
  Beginning simulation of top-level scenario...
  Ran simulation in 18.79 seconds.
Beginning scenario construction...
pygame 2.6.1 (SDL 2.28.4, Python 3.10.12)
Hello from the pygame community. https://www.pygame.org/contribute.html
  Loading cached version of road network...
  Loaded cached network in 0.13 seconds.
  Pruning scenario...
  Pruned scenario in 2.837e-05 seconds.
Scenario constructed in 1.39 seconds.
  Connecting to CARLA on port 2000
  Map loaded in simulator.
  Generated scene in 9 iterations, 0.04674 seconds.
  Beginning simulation of top-level scenario...
  Ran simulation in 17.82 seconds.
Beginning scenario construction...
pygame 2.6.1 (SDL 2.28.4, Python 3.10.12)
Hello from the pygame community. https://www.pygame.org/contribute.html
  Loading cached version of road network...
  Loaded cached network in 0.14 seconds.
  Pruning scenario...
  Pruned scenario in 2.742e-05 seconds.
Scenario constructed in 1.44 seconds.
  Connecting to CARLA on port 2000
  Map loaded in simulator.
  Generated scene in 1 iterations, 0.01091 seconds.
  Beginning simulation of top-level scenario...
  Ran simulation in 17.27 seconds.
Beginning scenario construction...
pygame 2.6.1 (SDL 2.28.4, Python 3.10.12)
Hello from the pygame community. https://www.pygame.org/contribute.html
  Loading cached version of road network...
  Loaded cached network in 0.14 seconds.
  Pruning scenario...
  Pruned scenario in 2.909e-05 seconds.
Scenario constructed in 1.41 seconds.
  Connecting to CARLA on port 2000
  Map loaded in simulator.
  Generated scene in 1 iterations, 0.01084 seconds.
  Beginning simulation of top-level scenario...
  Ran simulation in 17.52 seconds.
Beginning scenario construction...
pygame 2.6.1 (SDL 2.28.4, Python 3.10.12)
Hello from the pygame community. https://www.pygame.org/contribute.html
  Loading cached version of road network...
  Loaded cached network in 0.14 seconds.
  Pruning scenario...
  Pruned scenario in 2.742e-05 seconds.
Scenario constructed in 1.41 seconds.
  Connecting to CARLA on port 2000
  Map loaded in simulator.
  Generated scene in 1 iterations, 0.01006 seconds.
  Beginning simulation of top-level scenario...
  Ran simulation in 18 seconds.
Beginning scenario construction...
pygame 2.6.1 (SDL 2.28.4, Python 3.10.12)
Hello from the pygame community. https://www.pygame.org/contribute.html
  Loading cached version of road network...
  Loaded cached network in 0.14 seconds.
  Pruning scenario...
  Pruned scenario in 2.575e-05 seconds.
Scenario constructed in 1.41 seconds.
  Connecting to CARLA on port 2000
  Map loaded in simulator.
  Generated scene in 4 iterations, 0.02529 seconds.
  Beginning simulation of top-level scenario...
  Ran simulation in 17.9 seconds.
Beginning scenario construction...
pygame 2.6.1 (SDL 2.28.4, Python 3.10.12)
Hello from the pygame community. https://www.pygame.org/contribute.html
  Loading cached version of road network...
  Loaded cached network in 0.14 seconds.
  Pruning scenario...
  Pruned scenario in 2.623e-05 seconds.
Scenario constructed in 1.44 seconds.
  Connecting to CARLA on port 2000
  Map loaded in simulator.
  Generated scene in 7 iterations, 0.03876 seconds.
  Beginning simulation of top-level scenario...
  Ran simulation in 18.22 seconds.
Beginning scenario construction...
pygame 2.6.1 (SDL 2.28.4, Python 3.10.12)
Hello from the pygame community. https://www.pygame.org/contribute.html
  Loading cached version of road network...
  Loaded cached network in 0.14 seconds.
  Pruning scenario...
  Pruned scenario in 3.004e-05 seconds.
Scenario constructed in 1.42 seconds.
  Connecting to CARLA on port 2000
  Map loaded in simulator.
  Generated scene in 1 iterations, 0.01055 seconds.
  Beginning simulation of top-level scenario...
  Ran simulation in 18.4 seconds.
Beginning scenario construction...
pygame 2.6.1 (SDL 2.28.4, Python 3.10.12)
Hello from the pygame community. https://www.pygame.org/contribute.html
  Loading cached version of road network...
  Loaded cached network in 0.14 seconds.
  Pruning scenario...
  Pruned scenario in 2.718e-05 seconds.
Scenario constructed in 1.42 seconds.
  Connecting to CARLA on port 2000
  Map loaded in simulator.
  Generated scene in 8 iterations, 0.04365 seconds.
  Beginning simulation of top-level scenario...
  Ran simulation in 17.63 seconds.
Beginning scenario construction...
pygame 2.6.1 (SDL 2.28.4, Python 3.10.12)
Hello from the pygame community. https://www.pygame.org/contribute.html
  Loading cached version of road network...
  Loaded cached network in 0.14 seconds.
  Pruning scenario...
  Pruned scenario in 2.885e-05 seconds.
Scenario constructed in 1.45 seconds.
  Connecting to CARLA on port 2000
  Map loaded in simulator.
  Generated scene in 2 iterations, 0.0162 seconds.
  Beginning simulation of top-level scenario...
  Ran simulation in 19.81 seconds.
Beginning scenario construction...
pygame 2.6.1 (SDL 2.28.4, Python 3.10.12)
Hello from the pygame community. https://www.pygame.org/contribute.html
  Loading cached version of road network...
  Loaded cached network in 0.14 seconds.
  Pruning scenario...
  Pruned scenario in 2.837e-05 seconds.
Scenario constructed in 1.43 seconds.
  Connecting to CARLA on port 2000
  Map loaded in simulator.
  Generated scene in 8 iterations, 0.04541 seconds.
  Beginning simulation of top-level scenario...
  Ran simulation in 17.82 seconds.
Beginning scenario construction...
pygame 2.6.1 (SDL 2.28.4, Python 3.10.12)
Hello from the pygame community. https://www.pygame.org/contribute.html
  Loading cached version of road network...
  Loaded cached network in 0.14 seconds.
  Pruning scenario...
  Pruned scenario in 2.67e-05 seconds.
Scenario constructed in 1.42 seconds.
  Connecting to CARLA on port 2000
  Map loaded in simulator.
  Generated scene in 4 iterations, 0.0259 seconds.
  Beginning simulation of top-level scenario...
  Ran simulation in 20.35 seconds.
Beginning scenario construction...
pygame 2.6.1 (SDL 2.28.4, Python 3.10.12)
Hello from the pygame community. https://www.pygame.org/contribute.html
  Loading cached version of road network...
  Loaded cached network in 0.13 seconds.
  Pruning scenario...
  Pruned scenario in 2.742e-05 seconds.
Scenario constructed in 1.41 seconds.
  Connecting to CARLA on port 2000
  Map loaded in simulator.
  Generated scene in 1 iterations, 0.0108 seconds.
  Beginning simulation of top-level scenario...
  Ran simulation in 18.94 seconds.
Beginning scenario construction...
pygame 2.6.1 (SDL 2.28.4, Python 3.10.12)
Hello from the pygame community. https://www.pygame.org/contribute.html
  Loading cached version of road network...
  Loaded cached network in 0.14 seconds.
  Pruning scenario...
  Pruned scenario in 3.338e-05 seconds.
Scenario constructed in 1.41 seconds.
  Connecting to CARLA on port 2000
  Map loaded in simulator.
  Generated scene in 9 iterations, 0.05173 seconds.
  Beginning simulation of top-level scenario...
  Ran simulation in 18.13 seconds.
Beginning scenario construction...
pygame 2.6.1 (SDL 2.28.4, Python 3.10.12)
Hello from the pygame community. https://www.pygame.org/contribute.html
  Loading cached version of road network...
  Loaded cached network in 0.13 seconds.
  Pruning scenario...
  Pruned scenario in 2.432e-05 seconds.
Scenario constructed in 1.41 seconds.
  Connecting to CARLA on port 2000
  Map loaded in simulator.
  Generated scene in 6 iterations, 0.03483 seconds.
  Beginning simulation of top-level scenario...
  Ran simulation in 17.9 seconds.
Beginning scenario construction...
pygame 2.6.1 (SDL 2.28.4, Python 3.10.12)
Hello from the pygame community. https://www.pygame.org/contribute.html
  Loading cached version of road network...
  Loaded cached network in 0.14 seconds.
  Pruning scenario...
  Pruned scenario in 2.861e-05 seconds.
Scenario constructed in 1.44 seconds.
  Connecting to CARLA on port 2000
  Map loaded in simulator.
  Generated scene in 10 iterations, 0.05231 seconds.
  Beginning simulation of top-level scenario...
  Ran simulation in 19.5 seconds.
Beginning scenario construction...
pygame 2.6.1 (SDL 2.28.4, Python 3.10.12)
Hello from the pygame community. https://www.pygame.org/contribute.html
  Loading cached version of road network...
  Loaded cached network in 0.13 seconds.
  Pruning scenario...
  Pruned scenario in 3.099e-05 seconds.
Scenario constructed in 1.42 seconds.
  Connecting to CARLA on port 2000
  Map loaded in simulator.
  Generated scene in 5 iterations, 0.02958 seconds.
  Beginning simulation of top-level scenario...
  Ran simulation in 5.459 seconds.
Beginning scenario construction...
pygame 2.6.1 (SDL 2.28.4, Python 3.10.12)
Hello from the pygame community. https://www.pygame.org/contribute.html
  Loading cached version of road network...
  Loaded cached network in 0.14 seconds.
  Pruning scenario...
  Pruned scenario in 2.384e-05 seconds.
Scenario constructed in 1.42 seconds.
  Connecting to CARLA on port 2000
  Map loaded in simulator.
  Generated scene in 6 iterations, 0.03453 seconds.
  Beginning simulation of top-level scenario...
  Ran simulation in 20.03 seconds.
Beginning scenario construction...
pygame 2.6.1 (SDL 2.28.4, Python 3.10.12)
Hello from the pygame community. https://www.pygame.org/contribute.html
  Loading cached version of road network...
  Loaded cached network in 0.14 seconds.
  Pruning scenario...
  Pruned scenario in 2.766e-05 seconds.
Scenario constructed in 1.40 seconds.
  Connecting to CARLA on port 2000
  Map loaded in simulator.
  Generated scene in 9 iterations, 0.05213 seconds.
  Beginning simulation of top-level scenario...
  Ran simulation in 17.99 seconds.
Beginning scenario construction...
pygame 2.6.1 (SDL 2.28.4, Python 3.10.12)
Hello from the pygame community. https://www.pygame.org/contribute.html
  Loading cached version of road network...
  Loaded cached network in 0.13 seconds.
  Pruning scenario...
  Pruned scenario in 2.813e-05 seconds.
Scenario constructed in 1.41 seconds.
  Connecting to CARLA on port 2000
  Map loaded in simulator.
  Generated scene in 2 iterations, 0.01591 seconds.
  Beginning simulation of top-level scenario...
  Ran simulation in 17.79 seconds.
Beginning scenario construction...
pygame 2.6.1 (SDL 2.28.4, Python 3.10.12)
Hello from the pygame community. https://www.pygame.org/contribute.html
  Loading cached version of road network...
  Loaded cached network in 0.14 seconds.
  Pruning scenario...
  Pruned scenario in 2.909e-05 seconds.
Scenario constructed in 1.44 seconds.
  Connecting to CARLA on port 2000
  Map loaded in simulator.
  Generated scene in 1 iterations, 0.01094 seconds.
  Beginning simulation of top-level scenario...
  Ran simulation in 17.9 seconds.
Beginning scenario construction...
pygame 2.6.1 (SDL 2.28.4, Python 3.10.12)
Hello from the pygame community. https://www.pygame.org/contribute.html
  Loading cached version of road network...
  Loaded cached network in 0.14 seconds.
  Pruning scenario...
  Pruned scenario in 2.718e-05 seconds.
Scenario constructed in 1.41 seconds.
  Connecting to CARLA on port 2000
  Map loaded in simulator.
  Generated scene in 8 iterations, 0.04405 seconds.
  Beginning simulation of top-level scenario...
  Ran simulation in 17.86 seconds.
Beginning scenario construction...
pygame 2.6.1 (SDL 2.28.4, Python 3.10.12)
Hello from the pygame community. https://www.pygame.org/contribute.html
  Loading cached version of road network...
  Loaded cached network in 0.14 seconds.
  Pruning scenario...
  Pruned scenario in 2.789e-05 seconds.
Scenario constructed in 1.42 seconds.
  Connecting to CARLA on port 2000
  Map loaded in simulator.
  Generated scene in 3 iterations, 0.02107 seconds.
  Beginning simulation of top-level scenario...
  Ran simulation in 21.42 seconds.
Beginning scenario construction...
pygame 2.6.1 (SDL 2.28.4, Python 3.10.12)
Hello from the pygame community. https://www.pygame.org/contribute.html
  Loading cached version of road network...
  Loaded cached network in 0.14 seconds.
  Pruning scenario...
  Pruned scenario in 2.789e-05 seconds.
Scenario constructed in 1.42 seconds.
  Connecting to CARLA on port 2000
  Map loaded in simulator.
  Generated scene in 6 iterations, 0.0358 seconds.
  Beginning simulation of top-level scenario...
  Ran simulation in 21.09 seconds.
Beginning scenario construction...
pygame 2.6.1 (SDL 2.28.4, Python 3.10.12)
Hello from the pygame community. https://www.pygame.org/contribute.html
  Loading cached version of road network...
  Loaded cached network in 0.14 seconds.
  Pruning scenario...
  Pruned scenario in 2.98e-05 seconds.
Scenario constructed in 1.43 seconds.
  Connecting to CARLA on port 2000
  Map loaded in simulator.
  Generated scene in 1 iterations, 0.0108 seconds.
  Beginning simulation of top-level scenario...
  Ran simulation in 19.94 seconds.
Beginning scenario construction...
pygame 2.6.1 (SDL 2.28.4, Python 3.10.12)
Hello from the pygame community. https://www.pygame.org/contribute.html
  Loading cached version of road network...
  Loaded cached network in 0.14 seconds.
  Pruning scenario...
  Pruned scenario in 2.909e-05 seconds.
Scenario constructed in 1.44 seconds.
  Connecting to CARLA on port 2000
  Map loaded in simulator.
  Generated scene in 7 iterations, 0.03956 seconds.
  Beginning simulation of top-level scenario...
  Ran simulation in 18.63 seconds.
Beginning scenario construction...
pygame 2.6.1 (SDL 2.28.4, Python 3.10.12)
Hello from the pygame community. https://www.pygame.org/contribute.html
  Loading cached version of road network...
  Loaded cached network in 0.13 seconds.
  Pruning scenario...
  Pruned scenario in 2.933e-05 seconds.
Scenario constructed in 1.42 seconds.
  Connecting to CARLA on port 2000
  Map loaded in simulator.
  Generated scene in 3 iterations, 0.0204 seconds.
  Beginning simulation of top-level scenario...
  Ran simulation in 18.5 seconds.
Beginning scenario construction...
pygame 2.6.1 (SDL 2.28.4, Python 3.10.12)
Hello from the pygame community. https://www.pygame.org/contribute.html
  Loading cached version of road network...
  Loaded cached network in 0.14 seconds.
  Pruning scenario...
  Pruned scenario in 2.885e-05 seconds.
Scenario constructed in 1.40 seconds.
  Connecting to CARLA on port 2000
  Map loaded in simulator.
  Generated scene in 6 iterations, 0.0325 seconds.
  Beginning simulation of top-level scenario...
  Ran simulation in 18.75 seconds.
Beginning scenario construction...
pygame 2.6.1 (SDL 2.28.4, Python 3.10.12)
Hello from the pygame community. https://www.pygame.org/contribute.html
  Loading cached version of road network...
  Loaded cached network in 0.14 seconds.
  Pruning scenario...
  Pruned scenario in 2.742e-05 seconds.
Scenario constructed in 1.43 seconds.
  Connecting to CARLA on port 2000
  Map loaded in simulator.
  Generated scene in 1 iterations, 0.009797 seconds.
  Beginning simulation of top-level scenario...
  Ran simulation in 19.14 seconds.
Beginning scenario construction...
pygame 2.6.1 (SDL 2.28.4, Python 3.10.12)
Hello from the pygame community. https://www.pygame.org/contribute.html
  Loading cached version of road network...
  Loaded cached network in 0.14 seconds.
  Pruning scenario...
  Pruned scenario in 2.67e-05 seconds.
Scenario constructed in 1.42 seconds.
  Connecting to CARLA on port 2000
  Map loaded in simulator.
  Generated scene in 6 iterations, 0.03559 seconds.
  Beginning simulation of top-level scenario...
  Ran simulation in 17.93 seconds.
Beginning scenario construction...
pygame 2.6.1 (SDL 2.28.4, Python 3.10.12)
Hello from the pygame community. https://www.pygame.org/contribute.html
  Loading cached version of road network...
  Loaded cached network in 0.14 seconds.
  Pruning scenario...
  Pruned scenario in 2.813e-05 seconds.
Scenario constructed in 1.44 seconds.
  Connecting to CARLA on port 2000
  Map loaded in simulator.
  Generated scene in 5 iterations, 0.03063 seconds.
  Beginning simulation of top-level scenario...
  Ran simulation in 18.5 seconds.
Beginning scenario construction...
pygame 2.6.1 (SDL 2.28.4, Python 3.10.12)
Hello from the pygame community. https://www.pygame.org/contribute.html
  Loading cached version of road network...
  Loaded cached network in 0.14 seconds.
  Pruning scenario...
  Pruned scenario in 3.171e-05 seconds.
Scenario constructed in 1.41 seconds.
  Connecting to CARLA on port 2000
  Map loaded in simulator.
  Generated scene in 3 iterations, 0.02024 seconds.
  Beginning simulation of top-level scenario...
  Ran simulation in 18.53 seconds.
Beginning scenario construction...
pygame 2.6.1 (SDL 2.28.4, Python 3.10.12)
Hello from the pygame community. https://www.pygame.org/contribute.html
  Loading cached version of road network...
  Loaded cached network in 0.14 seconds.
  Pruning scenario...
  Pruned scenario in 2.694e-05 seconds.
Scenario constructed in 1.45 seconds.
  Connecting to CARLA on port 2000
  Map loaded in simulator.
  Generated scene in 4 iterations, 0.02619 seconds.
  Beginning simulation of top-level scenario...
  Ran simulation in 19.07 seconds.
Beginning scenario construction...
pygame 2.6.1 (SDL 2.28.4, Python 3.10.12)
Hello from the pygame community. https://www.pygame.org/contribute.html
  Loading cached version of road network...
  Loaded cached network in 0.14 seconds.
  Pruning scenario...
  Pruned scenario in 3.052e-05 seconds.
Scenario constructed in 1.42 seconds.
  Connecting to CARLA on port 2000
  Map loaded in simulator.
  Generated scene in 10 iterations, 0.0535 seconds.
  Beginning simulation of top-level scenario...
  Ran simulation in 19.66 seconds.
Beginning scenario construction...
pygame 2.6.1 (SDL 2.28.4, Python 3.10.12)
Hello from the pygame community. https://www.pygame.org/contribute.html
  Loading cached version of road network...
  Loaded cached network in 0.14 seconds.
  Pruning scenario...
  Pruned scenario in 3.123e-05 seconds.
Scenario constructed in 1.42 seconds.
  Connecting to CARLA on port 2000
  Map loaded in simulator.
  Generated scene in 2 iterations, 0.01603 seconds.
  Beginning simulation of top-level scenario...
  Ran simulation in 18.11 seconds.
Beginning scenario construction...
pygame 2.6.1 (SDL 2.28.4, Python 3.10.12)
Hello from the pygame community. https://www.pygame.org/contribute.html
  Loading cached version of road network...
  Loaded cached network in 0.13 seconds.
  Pruning scenario...
  Pruned scenario in 2.956e-05 seconds.
Scenario constructed in 1.46 seconds.
  Connecting to CARLA on port 2000
  Map loaded in simulator.
  Generated scene in 3 iterations, 0.02031 seconds.
  Beginning simulation of top-level scenario...
  Ran simulation in 20.02 seconds.
Beginning scenario construction...
pygame 2.6.1 (SDL 2.28.4, Python 3.10.12)
Hello from the pygame community. https://www.pygame.org/contribute.html
  Loading cached version of road network...
  Loaded cached network in 0.14 seconds.
  Pruning scenario...
  Pruned scenario in 2.885e-05 seconds.
Scenario constructed in 1.41 seconds.
  Connecting to CARLA on port 2000
  Map loaded in simulator.
  Generated scene in 3 iterations, 0.02044 seconds.
  Beginning simulation of top-level scenario...
  Ran simulation in 18.32 seconds.
Beginning scenario construction...
pygame 2.6.1 (SDL 2.28.4, Python 3.10.12)
Hello from the pygame community. https://www.pygame.org/contribute.html
  Loading cached version of road network...
  Loaded cached network in 0.14 seconds.
  Pruning scenario...
  Pruned scenario in 2.837e-05 seconds.
Scenario constructed in 1.41 seconds.
  Connecting to CARLA on port 2000
  Map loaded in simulator.
  Generated scene in 1 iterations, 0.01081 seconds.
  Beginning simulation of top-level scenario...
  Ran simulation in 21.08 seconds.
Beginning scenario construction...
pygame 2.6.1 (SDL 2.28.4, Python 3.10.12)
Hello from the pygame community. https://www.pygame.org/contribute.html
  Loading cached version of road network...
  Loaded cached network in 0.14 seconds.
  Pruning scenario...
  Pruned scenario in 2.933e-05 seconds.
Scenario constructed in 1.42 seconds.
  Connecting to CARLA on port 2000
  Map loaded in simulator.
  Generated scene in 1 iterations, 0.009639 seconds.
  Beginning simulation of top-level scenario...
  Ran simulation in 20.81 seconds.
Beginning scenario construction...
pygame 2.6.1 (SDL 2.28.4, Python 3.10.12)
Hello from the pygame community. https://www.pygame.org/contribute.html
  Loading cached version of road network...
  Loaded cached network in 0.14 seconds.
  Pruning scenario...
  Pruned scenario in 2.742e-05 seconds.
Scenario constructed in 1.45 seconds.
  Connecting to CARLA on port 2000
  Map loaded in simulator.
  Generated scene in 2 iterations, 0.01627 seconds.
  Beginning simulation of top-level scenario...
  Ran simulation in 17.32 seconds.
Beginning scenario construction...
pygame 2.6.1 (SDL 2.28.4, Python 3.10.12)
Hello from the pygame community. https://www.pygame.org/contribute.html
  Loading cached version of road network...
  Loaded cached network in 0.14 seconds.
  Pruning scenario...
  Pruned scenario in 2.718e-05 seconds.
Scenario constructed in 1.42 seconds.
  Connecting to CARLA on port 2000
  Map loaded in simulator.
  Generated scene in 1 iterations, 0.01086 seconds.
  Beginning simulation of top-level scenario...
  Ran simulation in 20.77 seconds.
Beginning scenario construction...
pygame 2.6.1 (SDL 2.28.4, Python 3.10.12)
Hello from the pygame community. https://www.pygame.org/contribute.html
  Loading cached version of road network...
  Loaded cached network in 0.14 seconds.
  Pruning scenario...
  Pruned scenario in 2.909e-05 seconds.
Scenario constructed in 1.44 seconds.
  Connecting to CARLA on port 2000
  Map loaded in simulator.
  Generated scene in 3 iterations, 0.02015 seconds.
  Beginning simulation of top-level scenario...
  Ran simulation in 18.14 seconds.
Beginning scenario construction...
pygame 2.6.1 (SDL 2.28.4, Python 3.10.12)
Hello from the pygame community. https://www.pygame.org/contribute.html
  Loading cached version of road network...
  Loaded cached network in 0.14 seconds.
  Pruning scenario...
  Pruned scenario in 2.718e-05 seconds.
Scenario constructed in 1.43 seconds.
  Connecting to CARLA on port 2000
  Map loaded in simulator.
  Generated scene in 7 iterations, 0.03997 seconds.
  Beginning simulation of top-level scenario...
  Ran simulation in 10.5 seconds.
Beginning scenario construction...
pygame 2.6.1 (SDL 2.28.4, Python 3.10.12)
Hello from the pygame community. https://www.pygame.org/contribute.html
  Loading cached version of road network...
  Loaded cached network in 0.14 seconds.
  Pruning scenario...
  Pruned scenario in 2.694e-05 seconds.
Scenario constructed in 1.43 seconds.
  Connecting to CARLA on port 2000
  Map loaded in simulator.
  Generated scene in 4 iterations, 0.0258 seconds.
  Beginning simulation of top-level scenario...
  Ran simulation in 18.54 seconds.
Beginning scenario construction...
pygame 2.6.1 (SDL 2.28.4, Python 3.10.12)
Hello from the pygame community. https://www.pygame.org/contribute.html
  Loading cached version of road network...
  Loaded cached network in 0.14 seconds.
  Pruning scenario...
  Pruned scenario in 2.694e-05 seconds.
Scenario constructed in 1.43 seconds.
  Connecting to CARLA on port 2000
  Map loaded in simulator.
  Generated scene in 4 iterations, 0.02514 seconds.
  Beginning simulation of top-level scenario...
  Ran simulation in 18.36 seconds.
Beginning scenario construction...
pygame 2.6.1 (SDL 2.28.4, Python 3.10.12)
Hello from the pygame community. https://www.pygame.org/contribute.html
  Loading cached version of road network...
  Loaded cached network in 0.14 seconds.
  Pruning scenario...
  Pruned scenario in 2.694e-05 seconds.
Scenario constructed in 1.42 seconds.
  Connecting to CARLA on port 2000
  Map loaded in simulator.
  Generated scene in 10 iterations, 0.05709 seconds.
  Beginning simulation of top-level scenario...
  Ran simulation in 18.86 seconds.
Beginning scenario construction...
pygame 2.6.1 (SDL 2.28.4, Python 3.10.12)
Hello from the pygame community. https://www.pygame.org/contribute.html
  Loading cached version of road network...
  Loaded cached network in 0.14 seconds.
  Pruning scenario...
  Pruned scenario in 2.599e-05 seconds.
Scenario constructed in 1.42 seconds.
  Connecting to CARLA on port 2000
  Map loaded in simulator.
  Generated scene in 3 iterations, 0.02023 seconds.
  Beginning simulation of top-level scenario...
  Ran simulation in 19.13 seconds.
Beginning scenario construction...
pygame 2.6.1 (SDL 2.28.4, Python 3.10.12)
Hello from the pygame community. https://www.pygame.org/contribute.html
  Loading cached version of road network...
  Loaded cached network in 0.13 seconds.
  Pruning scenario...
  Pruned scenario in 2.861e-05 seconds.
Scenario constructed in 1.42 seconds.
  Connecting to CARLA on port 2000
  Map loaded in simulator.
  Generated scene in 13 iterations, 0.07214 seconds.
  Beginning simulation of top-level scenario...
  Ran simulation in 19.71 seconds.
Beginning scenario construction...
pygame 2.6.1 (SDL 2.28.4, Python 3.10.12)
Hello from the pygame community. https://www.pygame.org/contribute.html
  Loading cached version of road network...
  Loaded cached network in 0.14 seconds.
  Pruning scenario...
  Pruned scenario in 2.861e-05 seconds.
Scenario constructed in 1.42 seconds.
  Connecting to CARLA on port 2000
  Map loaded in simulator.
  Generated scene in 4 iterations, 0.0255 seconds.
  Beginning simulation of top-level scenario...
  Ran simulation in 19.03 seconds.
Beginning scenario construction...
pygame 2.6.1 (SDL 2.28.4, Python 3.10.12)
Hello from the pygame community. https://www.pygame.org/contribute.html
  Loading cached version of road network...
  Loaded cached network in 0.14 seconds.
  Pruning scenario...
  Pruned scenario in 2.67e-05 seconds.
Scenario constructed in 1.43 seconds.
  Connecting to CARLA on port 2000
  Map loaded in simulator.
  Generated scene in 12 iterations, 0.06736 seconds.
  Beginning simulation of top-level scenario...
  Ran simulation in 18.39 seconds.
Beginning scenario construction...
pygame 2.6.1 (SDL 2.28.4, Python 3.10.12)
Hello from the pygame community. https://www.pygame.org/contribute.html
  Loading cached version of road network...
  Loaded cached network in 0.14 seconds.
  Pruning scenario...
  Pruned scenario in 2.837e-05 seconds.
Scenario constructed in 1.43 seconds.
  Connecting to CARLA on port 2000
  Map loaded in simulator.
  Generated scene in 5 iterations, 0.02978 seconds.
  Beginning simulation of top-level scenario...
  Ran simulation in 18.54 seconds.
Beginning scenario construction...
pygame 2.6.1 (SDL 2.28.4, Python 3.10.12)
Hello from the pygame community. https://www.pygame.org/contribute.html
  Loading cached version of road network...
  Loaded cached network in 0.14 seconds.
  Pruning scenario...
  Pruned scenario in 2.551e-05 seconds.
Scenario constructed in 1.42 seconds.
  Connecting to CARLA on port 2000
  Map loaded in simulator.
  Generated scene in 2 iterations, 0.01549 seconds.
  Beginning simulation of top-level scenario...
  Ran simulation in 20.77 seconds.
Beginning scenario construction...
pygame 2.6.1 (SDL 2.28.4, Python 3.10.12)
Hello from the pygame community. https://www.pygame.org/contribute.html
  Loading cached version of road network...
  Loaded cached network in 0.14 seconds.
  Pruning scenario...
  Pruned scenario in 2.909e-05 seconds.
Scenario constructed in 1.43 seconds.
  Connecting to CARLA on port 2000
  Map loaded in simulator.
  Generated scene in 1 iterations, 0.01068 seconds.
  Beginning simulation of top-level scenario...
  Ran simulation in 17.11 seconds.
Beginning scenario construction...
pygame 2.6.1 (SDL 2.28.4, Python 3.10.12)
Hello from the pygame community. https://www.pygame.org/contribute.html
  Loading cached version of road network...
  Loaded cached network in 0.14 seconds.
  Pruning scenario...
  Pruned scenario in 2.789e-05 seconds.
Scenario constructed in 1.42 seconds.
  Connecting to CARLA on port 2000
  Map loaded in simulator.
  Generated scene in 2 iterations, 0.01604 seconds.
  Beginning simulation of top-level scenario...
  Ran simulation in 18.68 seconds.
Beginning scenario construction...
pygame 2.6.1 (SDL 2.28.4, Python 3.10.12)
Hello from the pygame community. https://www.pygame.org/contribute.html
  Loading cached version of road network...
  Loaded cached network in 0.14 seconds.
  Pruning scenario...
  Pruned scenario in 2.885e-05 seconds.
Scenario constructed in 1.41 seconds.
  Connecting to CARLA on port 2000
  Map loaded in simulator.
  Generated scene in 2 iterations, 0.01602 seconds.
  Beginning simulation of top-level scenario...
  Ran simulation in 18.5 seconds.
Beginning scenario construction...
pygame 2.6.1 (SDL 2.28.4, Python 3.10.12)
Hello from the pygame community. https://www.pygame.org/contribute.html
  Loading cached version of road network...
  Loaded cached network in 0.14 seconds.
  Pruning scenario...
  Pruned scenario in 2.718e-05 seconds.
Scenario constructed in 1.43 seconds.
  Connecting to CARLA on port 2000
  Map loaded in simulator.
  Generated scene in 1 iterations, 0.01043 seconds.
  Beginning simulation of top-level scenario...
  Ran simulation in 17.21 seconds.
Beginning scenario construction...
pygame 2.6.1 (SDL 2.28.4, Python 3.10.12)
Hello from the pygame community. https://www.pygame.org/contribute.html
  Loading cached version of road network...
  Loaded cached network in 0.14 seconds.
  Pruning scenario...
  Pruned scenario in 2.837e-05 seconds.
Scenario constructed in 1.44 seconds.
  Connecting to CARLA on port 2000
  Map loaded in simulator.
  Generated scene in 1 iterations, 0.01069 seconds.
  Beginning simulation of top-level scenario...
  Ran simulation in 19.07 seconds.
Beginning scenario construction...
pygame 2.6.1 (SDL 2.28.4, Python 3.10.12)
Hello from the pygame community. https://www.pygame.org/contribute.html
  Loading cached version of road network...
  Loaded cached network in 0.14 seconds.
  Pruning scenario...
  Pruned scenario in 2.837e-05 seconds.
Scenario constructed in 1.42 seconds.
  Connecting to CARLA on port 2000
  Map loaded in simulator.
  Generated scene in 2 iterations, 0.01511 seconds.
  Beginning simulation of top-level scenario...
  Ran simulation in 18.58 seconds.
Beginning scenario construction...
pygame 2.6.1 (SDL 2.28.4, Python 3.10.12)
Hello from the pygame community. https://www.pygame.org/contribute.html
  Loading cached version of road network...
  Loaded cached network in 0.13 seconds.
  Pruning scenario...
  Pruned scenario in 2.67e-05 seconds.
Scenario constructed in 1.42 seconds.
  Connecting to CARLA on port 2000
  Map loaded in simulator.
  Generated scene in 1 iterations, 0.01094 seconds.
  Beginning simulation of top-level scenario...
  Ran simulation in 17.66 seconds.
Beginning scenario construction...
pygame 2.6.1 (SDL 2.28.4, Python 3.10.12)
Hello from the pygame community. https://www.pygame.org/contribute.html
  Loading cached version of road network...
  Loaded cached network in 0.14 seconds.
  Pruning scenario...
  Pruned scenario in 3.171e-05 seconds.
Scenario constructed in 1.42 seconds.
  Connecting to CARLA on port 2000
  Map loaded in simulator.
  Generated scene in 1 iterations, 0.01092 seconds.
  Beginning simulation of top-level scenario...
  Ran simulation in 18.2 seconds.
Beginning scenario construction...
pygame 2.6.1 (SDL 2.28.4, Python 3.10.12)
Hello from the pygame community. https://www.pygame.org/contribute.html
  Loading cached version of road network...
  Loaded cached network in 0.14 seconds.
  Pruning scenario...
  Pruned scenario in 2.861e-05 seconds.
Scenario constructed in 1.44 seconds.
  Connecting to CARLA on port 2000
  Map loaded in simulator.
  Generated scene in 4 iterations, 0.02613 seconds.
  Beginning simulation of top-level scenario...
  Ran simulation in 17.38 seconds.
Beginning scenario construction...
pygame 2.6.1 (SDL 2.28.4, Python 3.10.12)
Hello from the pygame community. https://www.pygame.org/contribute.html
  Loading cached version of road network...
  Loaded cached network in 0.14 seconds.
  Pruning scenario...
  Pruned scenario in 3.147e-05 seconds.
Scenario constructed in 1.42 seconds.
  Connecting to CARLA on port 2000
  Map loaded in simulator.
  Generated scene in 1 iterations, 0.0111 seconds.
  Beginning simulation of top-level scenario...
  Ran simulation in 17.81 seconds.
Beginning scenario construction...
pygame 2.6.1 (SDL 2.28.4, Python 3.10.12)
Hello from the pygame community. https://www.pygame.org/contribute.html
  Loading cached version of road network...
  Loaded cached network in 0.14 seconds.
  Pruning scenario...
  Pruned scenario in 2.718e-05 seconds.
Scenario constructed in 1.41 seconds.
  Connecting to CARLA on port 2000
  Map loaded in simulator.
  Generated scene in 3 iterations, 0.02057 seconds.
  Beginning simulation of top-level scenario...
  Ran simulation in 18.39 seconds.
Beginning scenario construction...
pygame 2.6.1 (SDL 2.28.4, Python 3.10.12)
Hello from the pygame community. https://www.pygame.org/contribute.html
  Loading cached version of road network...
  Loaded cached network in 0.14 seconds.
  Pruning scenario...
  Pruned scenario in 2.933e-05 seconds.
Scenario constructed in 1.41 seconds.
  Connecting to CARLA on port 2000
  Map loaded in simulator.
  Generated scene in 6 iterations, 0.03565 seconds.
  Beginning simulation of top-level scenario...
  Ran simulation in 18.68 seconds.
Beginning scenario construction...
pygame 2.6.1 (SDL 2.28.4, Python 3.10.12)
Hello from the pygame community. https://www.pygame.org/contribute.html
  Loading cached version of road network...
  Loaded cached network in 0.14 seconds.
  Pruning scenario...
  Pruned scenario in 2.694e-05 seconds.
Scenario constructed in 1.43 seconds.
  Connecting to CARLA on port 2000
  Map loaded in simulator.
  Generated scene in 3 iterations, 0.02016 seconds.
  Beginning simulation of top-level scenario...
  Ran simulation in 19.12 seconds.
Beginning scenario construction...
pygame 2.6.1 (SDL 2.28.4, Python 3.10.12)
Hello from the pygame community. https://www.pygame.org/contribute.html
  Loading cached version of road network...
  Loaded cached network in 0.14 seconds.
  Pruning scenario...
  Pruned scenario in 2.885e-05 seconds.
Scenario constructed in 1.41 seconds.
  Connecting to CARLA on port 2000
  Map loaded in simulator.
  Generated scene in 2 iterations, 0.01598 seconds.
  Beginning simulation of top-level scenario...
  Ran simulation in 17.99 seconds.
Beginning scenario construction...
pygame 2.6.1 (SDL 2.28.4, Python 3.10.12)
Hello from the pygame community. https://www.pygame.org/contribute.html
  Loading cached version of road network...
  Loaded cached network in 0.14 seconds.
  Pruning scenario...
  Pruned scenario in 2.718e-05 seconds.
Scenario constructed in 1.43 seconds.
  Connecting to CARLA on port 2000
  Map loaded in simulator.
  Generated scene in 3 iterations, 0.02107 seconds.
  Beginning simulation of top-level scenario...
  Ran simulation in 18.78 seconds.
Beginning scenario construction...
pygame 2.6.1 (SDL 2.28.4, Python 3.10.12)
Hello from the pygame community. https://www.pygame.org/contribute.html
  Loading cached version of road network...
  Loaded cached network in 0.14 seconds.
  Pruning scenario...
  Pruned scenario in 2.623e-05 seconds.
Scenario constructed in 1.41 seconds.
  Connecting to CARLA on port 2000
  Map loaded in simulator.
  Generated scene in 15 iterations, 0.07822 seconds.
  Beginning simulation of top-level scenario...
  Ran simulation in 17.95 seconds.
Beginning scenario construction...
pygame 2.6.1 (SDL 2.28.4, Python 3.10.12)
Hello from the pygame community. https://www.pygame.org/contribute.html
  Loading cached version of road network...
  Loaded cached network in 0.14 seconds.
  Pruning scenario...
  Pruned scenario in 2.813e-05 seconds.
Scenario constructed in 1.44 seconds.
  Connecting to CARLA on port 2000
  Map loaded in simulator.
  Generated scene in 3 iterations, 0.02043 seconds.
  Beginning simulation of top-level scenario...
  Ran simulation in 17.76 seconds.
Beginning scenario construction...
pygame 2.6.1 (SDL 2.28.4, Python 3.10.12)
Hello from the pygame community. https://www.pygame.org/contribute.html
  Loading cached version of road network...
  Loaded cached network in 0.14 seconds.
  Pruning scenario...
  Pruned scenario in 2.503e-05 seconds.
Scenario constructed in 1.42 seconds.
  Connecting to CARLA on port 2000
  Map loaded in simulator.
  Generated scene in 2 iterations, 0.01574 seconds.
  Beginning simulation of top-level scenario...
  Ran simulation in 19.72 seconds.
Beginning scenario construction...
pygame 2.6.1 (SDL 2.28.4, Python 3.10.12)
Hello from the pygame community. https://www.pygame.org/contribute.html
  Loading cached version of road network...
  Loaded cached network in 0.14 seconds.
  Pruning scenario...
  Pruned scenario in 2.646e-05 seconds.
Scenario constructed in 1.43 seconds.
  Connecting to CARLA on port 2000
  Map loaded in simulator.
  Generated scene in 1 iterations, 0.0109 seconds.
  Beginning simulation of top-level scenario...
  Ran simulation in 12.05 seconds.
Beginning scenario construction...
pygame 2.6.1 (SDL 2.28.4, Python 3.10.12)
Hello from the pygame community. https://www.pygame.org/contribute.html
  Loading cached version of road network...
  Loaded cached network in 0.14 seconds.
  Pruning scenario...
  Pruned scenario in 2.742e-05 seconds.
Scenario constructed in 1.41 seconds.
  Connecting to CARLA on port 2000
  Map loaded in simulator.
  Generated scene in 4 iterations, 0.02581 seconds.
  Beginning simulation of top-level scenario...
  Ran simulation in 17.31 seconds.
Beginning scenario construction...
pygame 2.6.1 (SDL 2.28.4, Python 3.10.12)
Hello from the pygame community. https://www.pygame.org/contribute.html
  Loading cached version of road network...
  Loaded cached network in 0.14 seconds.
  Pruning scenario...
  Pruned scenario in 2.766e-05 seconds.
Scenario constructed in 1.46 seconds.
  Connecting to CARLA on port 2000
  Map loaded in simulator.
  Generated scene in 1 iterations, 0.01088 seconds.
  Beginning simulation of top-level scenario...
  Ran simulation in 19.34 seconds.
Beginning scenario construction...
pygame 2.6.1 (SDL 2.28.4, Python 3.10.12)
Hello from the pygame community. https://www.pygame.org/contribute.html
  Loading cached version of road network...
  Loaded cached network in 0.14 seconds.
  Pruning scenario...
  Pruned scenario in 2.432e-05 seconds.
Scenario constructed in 1.41 seconds.
  Connecting to CARLA on port 2000
  Map loaded in simulator.
  Generated scene in 2 iterations, 0.01623 seconds.
  Beginning simulation of top-level scenario...
  Ran simulation in 17.73 seconds.
Beginning scenario construction...
pygame 2.6.1 (SDL 2.28.4, Python 3.10.12)
Hello from the pygame community. https://www.pygame.org/contribute.html
  Loading cached version of road network...
  Loaded cached network in 0.14 seconds.
  Pruning scenario...
  Pruned scenario in 3.386e-05 seconds.
Scenario constructed in 1.46 seconds.
  Connecting to CARLA on port 2000
  Map loaded in simulator.
  Generated scene in 1 iterations, 0.01115 seconds.
  Beginning simulation of top-level scenario...
  Ran simulation in 19.02 seconds.
Beginning scenario construction...
pygame 2.6.1 (SDL 2.28.4, Python 3.10.12)
Hello from the pygame community. https://www.pygame.org/contribute.html
  Loading cached version of road network...
  Loaded cached network in 0.14 seconds.
  Pruning scenario...
  Pruned scenario in 2.742e-05 seconds.
Scenario constructed in 1.42 seconds.
  Connecting to CARLA on port 2000
  Map loaded in simulator.
  Generated scene in 1 iterations, 0.01087 seconds.
  Beginning simulation of top-level scenario...
  Ran simulation in 20.25 seconds.
Beginning scenario construction...
pygame 2.6.1 (SDL 2.28.4, Python 3.10.12)
Hello from the pygame community. https://www.pygame.org/contribute.html
  Loading cached version of road network...
  Loaded cached network in 0.14 seconds.
  Pruning scenario...
  Pruned scenario in 2.766e-05 seconds.
Scenario constructed in 1.45 seconds.
  Connecting to CARLA on port 2000
  Map loaded in simulator.
  Generated scene in 1 iterations, 0.01084 seconds.
  Beginning simulation of top-level scenario...
  Ran simulation in 17.46 seconds.
Beginning scenario construction...
pygame 2.6.1 (SDL 2.28.4, Python 3.10.12)
Hello from the pygame community. https://www.pygame.org/contribute.html
  Loading cached version of road network...
  Loaded cached network in 0.14 seconds.
  Pruning scenario...
  Pruned scenario in 2.718e-05 seconds.
Scenario constructed in 1.42 seconds.
  Connecting to CARLA on port 2000
  Map loaded in simulator.
  Generated scene in 8 iterations, 0.04308 seconds.
  Beginning simulation of top-level scenario...
  Ran simulation in 18.28 seconds.
Beginning scenario construction...
pygame 2.6.1 (SDL 2.28.4, Python 3.10.12)
Hello from the pygame community. https://www.pygame.org/contribute.html
  Loading cached version of road network...
  Loaded cached network in 0.14 seconds.
  Pruning scenario...
  Pruned scenario in 2.718e-05 seconds.
Scenario constructed in 1.42 seconds.
  Connecting to CARLA on port 2000
  Map loaded in simulator.
  Generated scene in 8 iterations, 0.04453 seconds.
  Beginning simulation of top-level scenario...
  Ran simulation in 19.58 seconds.
Beginning scenario construction...
pygame 2.6.1 (SDL 2.28.4, Python 3.10.12)
Hello from the pygame community. https://www.pygame.org/contribute.html
  Loading cached version of road network...
  Loaded cached network in 0.14 seconds.
  Pruning scenario...
  Pruned scenario in 2.742e-05 seconds.
Scenario constructed in 1.42 seconds.
  Connecting to CARLA on port 2000
  Map loaded in simulator.
  Generated scene in 17 iterations, 0.08777 seconds.
  Beginning simulation of top-level scenario...
  Ran simulation in 19.28 seconds.
Beginning scenario construction...
pygame 2.6.1 (SDL 2.28.4, Python 3.10.12)
Hello from the pygame community. https://www.pygame.org/contribute.html
  Loading cached version of road network...
  Loaded cached network in 0.14 seconds.
  Pruning scenario...
  Pruned scenario in 2.789e-05 seconds.
Scenario constructed in 1.45 seconds.
  Connecting to CARLA on port 2000
  Map loaded in simulator.
  Generated scene in 2 iterations, 0.0158 seconds.
  Beginning simulation of top-level scenario...
  Ran simulation in 21.53 seconds.
Beginning scenario construction...
pygame 2.6.1 (SDL 2.28.4, Python 3.10.12)
Hello from the pygame community. https://www.pygame.org/contribute.html
  Loading cached version of road network...
  Loaded cached network in 0.14 seconds.
  Pruning scenario...
  Pruned scenario in 3.028e-05 seconds.
Scenario constructed in 1.41 seconds.
  Connecting to CARLA on port 2000
  Map loaded in simulator.
  Generated scene in 3 iterations, 0.02135 seconds.
  Beginning simulation of top-level scenario...
  Ran simulation in 18.08 seconds.
Beginning scenario construction...
pygame 2.6.1 (SDL 2.28.4, Python 3.10.12)
Hello from the pygame community. https://www.pygame.org/contribute.html
  Loading cached version of road network...
  Loaded cached network in 0.14 seconds.
  Pruning scenario...
  Pruned scenario in 2.551e-05 seconds.
Scenario constructed in 1.44 seconds.
  Connecting to CARLA on port 2000
  Map loaded in simulator.
  Generated scene in 6 iterations, 0.03525 seconds.
  Beginning simulation of top-level scenario...
  Ran simulation in 19.14 seconds.
Beginning scenario construction...
pygame 2.6.1 (SDL 2.28.4, Python 3.10.12)
Hello from the pygame community. https://www.pygame.org/contribute.html
  Loading cached version of road network...
  Loaded cached network in 0.14 seconds.
  Pruning scenario...
  Pruned scenario in 2.551e-05 seconds.
Scenario constructed in 1.41 seconds.
  Connecting to CARLA on port 2000
  Map loaded in simulator.
  Generated scene in 17 iterations, 0.09239 seconds.
  Beginning simulation of top-level scenario...
  Ran simulation in 17.66 seconds.
Beginning scenario construction...
pygame 2.6.1 (SDL 2.28.4, Python 3.10.12)
Hello from the pygame community. https://www.pygame.org/contribute.html
  Loading cached version of road network...
  Loaded cached network in 0.14 seconds.
  Pruning scenario...
  Pruned scenario in 2.503e-05 seconds.
Scenario constructed in 1.43 seconds.
  Connecting to CARLA on port 2000
  Map loaded in simulator.
  Generated scene in 4 iterations, 0.0244 seconds.
  Beginning simulation of top-level scenario...
  Ran simulation in 18.37 seconds.
Beginning scenario construction...
pygame 2.6.1 (SDL 2.28.4, Python 3.10.12)
Hello from the pygame community. https://www.pygame.org/contribute.html
  Loading cached version of road network...
  Loaded cached network in 0.14 seconds.
  Pruning scenario...
  Pruned scenario in 3.171e-05 seconds.
Scenario constructed in 1.42 seconds.
  Connecting to CARLA on port 2000
  Map loaded in simulator.
  Generated scene in 13 iterations, 0.07163 seconds.
  Beginning simulation of top-level scenario...
  Ran simulation in 18.73 seconds.
Beginning scenario construction...
pygame 2.6.1 (SDL 2.28.4, Python 3.10.12)
Hello from the pygame community. https://www.pygame.org/contribute.html
  Loading cached version of road network...
  Loaded cached network in 0.14 seconds.
  Pruning scenario...
  Pruned scenario in 2.909e-05 seconds.
Scenario constructed in 1.44 seconds.
  Connecting to CARLA on port 2000
  Map loaded in simulator.
  Generated scene in 1 iterations, 0.01103 seconds.
  Beginning simulation of top-level scenario...
  Ran simulation in 17.31 seconds.
Beginning scenario construction...
pygame 2.6.1 (SDL 2.28.4, Python 3.10.12)
Hello from the pygame community. https://www.pygame.org/contribute.html
  Loading cached version of road network...
  Loaded cached network in 0.14 seconds.
  Pruning scenario...
  Pruned scenario in 2.861e-05 seconds.
Scenario constructed in 1.42 seconds.
  Connecting to CARLA on port 2000
  Map loaded in simulator.
  Generated scene in 2 iterations, 0.01603 seconds.
  Beginning simulation of top-level scenario...
  Ran simulation in 17.68 seconds.
Beginning scenario construction...
pygame 2.6.1 (SDL 2.28.4, Python 3.10.12)
Hello from the pygame community. https://www.pygame.org/contribute.html
  Loading cached version of road network...
  Loaded cached network in 0.14 seconds.
  Pruning scenario...
  Pruned scenario in 3.123e-05 seconds.
Scenario constructed in 1.44 seconds.
  Connecting to CARLA on port 2000
  Map loaded in simulator.
  Generated scene in 1 iterations, 0.01056 seconds.
  Beginning simulation of top-level scenario...
  Ran simulation in 18.25 seconds.
Beginning scenario construction...
pygame 2.6.1 (SDL 2.28.4, Python 3.10.12)
Hello from the pygame community. https://www.pygame.org/contribute.html
  Loading cached version of road network...
  Loaded cached network in 0.14 seconds.
  Pruning scenario...
  Pruned scenario in 2.789e-05 seconds.
Scenario constructed in 1.44 seconds.
  Connecting to CARLA on port 2000
  Map loaded in simulator.
  Generated scene in 5 iterations, 0.02893 seconds.
  Beginning simulation of top-level scenario...
  Ran simulation in 19.01 seconds.
Beginning scenario construction...
pygame 2.6.1 (SDL 2.28.4, Python 3.10.12)
Hello from the pygame community. https://www.pygame.org/contribute.html
  Loading cached version of road network...
  Loaded cached network in 0.14 seconds.
  Pruning scenario...
  Pruned scenario in 2.742e-05 seconds.
Scenario constructed in 1.44 seconds.
  Connecting to CARLA on port 2000
  Map loaded in simulator.
  Generated scene in 2 iterations, 0.01465 seconds.
  Beginning simulation of top-level scenario...
  Ran simulation in 18.12 seconds.
Beginning scenario construction...
pygame 2.6.1 (SDL 2.28.4, Python 3.10.12)
Hello from the pygame community. https://www.pygame.org/contribute.html
  Loading cached version of road network...
  Loaded cached network in 0.13 seconds.
  Pruning scenario...
  Pruned scenario in 3.052e-05 seconds.
Scenario constructed in 1.41 seconds.
  Connecting to CARLA on port 2000
  Map loaded in simulator.
  Generated scene in 3 iterations, 0.02157 seconds.
  Beginning simulation of top-level scenario...
  Ran simulation in 17.97 seconds.
Beginning scenario construction...
pygame 2.6.1 (SDL 2.28.4, Python 3.10.12)
Hello from the pygame community. https://www.pygame.org/contribute.html
  Loading cached version of road network...
  Loaded cached network in 0.14 seconds.
  Pruning scenario...
  Pruned scenario in 3.028e-05 seconds.
Scenario constructed in 1.45 seconds.
  Connecting to CARLA on port 2000
  Map loaded in simulator.
  Generated scene in 6 iterations, 0.03427 seconds.
  Beginning simulation of top-level scenario...
  Ran simulation in 19.35 seconds.
Beginning scenario construction...
pygame 2.6.1 (SDL 2.28.4, Python 3.10.12)
Hello from the pygame community. https://www.pygame.org/contribute.html
  Loading cached version of road network...
  Loaded cached network in 0.13 seconds.
  Pruning scenario...
  Pruned scenario in 3.266e-05 seconds.
Scenario constructed in 1.40 seconds.
  Connecting to CARLA on port 2000
  Map loaded in simulator.
  Generated scene in 8 iterations, 0.04595 seconds.
  Beginning simulation of top-level scenario...
  Ran simulation in 19.11 seconds.
Beginning scenario construction...
pygame 2.6.1 (SDL 2.28.4, Python 3.10.12)
Hello from the pygame community. https://www.pygame.org/contribute.html
  Loading cached version of road network...
  Loaded cached network in 0.14 seconds.
  Pruning scenario...
  Pruned scenario in 2.837e-05 seconds.
Scenario constructed in 1.43 seconds.
  Connecting to CARLA on port 2000
  Map loaded in simulator.
  Generated scene in 1 iterations, 0.01094 seconds.
  Beginning simulation of top-level scenario...
  Ran simulation in 18.29 seconds.
Beginning scenario construction...
pygame 2.6.1 (SDL 2.28.4, Python 3.10.12)
Hello from the pygame community. https://www.pygame.org/contribute.html
  Loading cached version of road network...
  Loaded cached network in 0.14 seconds.
  Pruning scenario...
  Pruned scenario in 2.67e-05 seconds.
Scenario constructed in 1.41 seconds.
  Connecting to CARLA on port 2000
  Map loaded in simulator.
  Generated scene in 7 iterations, 0.03841 seconds.
  Beginning simulation of top-level scenario...
  Ran simulation in 17.9 seconds.
Beginning scenario construction...
pygame 2.6.1 (SDL 2.28.4, Python 3.10.12)
Hello from the pygame community. https://www.pygame.org/contribute.html
  Loading cached version of road network...
  Loaded cached network in 0.14 seconds.
  Pruning scenario...
  Pruned scenario in 2.67e-05 seconds.
Scenario constructed in 1.45 seconds.
  Connecting to CARLA on port 2000
  Map loaded in simulator.
  Generated scene in 1 iterations, 0.01087 seconds.
  Beginning simulation of top-level scenario...
  Ran simulation in 18.18 seconds.
Beginning scenario construction...
pygame 2.6.1 (SDL 2.28.4, Python 3.10.12)
Hello from the pygame community. https://www.pygame.org/contribute.html
  Loading cached version of road network...
  Loaded cached network in 0.13 seconds.
  Pruning scenario...
  Pruned scenario in 2.551e-05 seconds.
Scenario constructed in 1.40 seconds.
  Connecting to CARLA on port 2000
  Map loaded in simulator.
  Generated scene in 4 iterations, 0.02501 seconds.
  Beginning simulation of top-level scenario...
  Ran simulation in 18.65 seconds.
Beginning scenario construction...
pygame 2.6.1 (SDL 2.28.4, Python 3.10.12)
Hello from the pygame community. https://www.pygame.org/contribute.html
  Loading cached version of road network...
  Loaded cached network in 0.14 seconds.
  Pruning scenario...
  Pruned scenario in 3.099e-05 seconds.
Scenario constructed in 1.44 seconds.
  Connecting to CARLA on port 2000
  Map loaded in simulator.
  Generated scene in 2 iterations, 0.01582 seconds.
  Beginning simulation of top-level scenario...
  Ran simulation in 19.12 seconds.
Beginning scenario construction...
pygame 2.6.1 (SDL 2.28.4, Python 3.10.12)
Hello from the pygame community. https://www.pygame.org/contribute.html
  Loading cached version of road network...
  Loaded cached network in 0.14 seconds.
  Pruning scenario...
  Pruned scenario in 2.861e-05 seconds.
Scenario constructed in 1.44 seconds.
  Connecting to CARLA on port 2000
  Map loaded in simulator.
  Generated scene in 2 iterations, 0.01491 seconds.
  Beginning simulation of top-level scenario...
  Ran simulation in 21.4 seconds.
Beginning scenario construction...
pygame 2.6.1 (SDL 2.28.4, Python 3.10.12)
Hello from the pygame community. https://www.pygame.org/contribute.html
  Loading cached version of road network...
  Loaded cached network in 0.14 seconds.
  Pruning scenario...
  Pruned scenario in 3.004e-05 seconds.
Scenario constructed in 1.45 seconds.
  Connecting to CARLA on port 2000
  Map loaded in simulator.
  Generated scene in 1 iterations, 0.01083 seconds.
  Beginning simulation of top-level scenario...
  Ran simulation in 18.71 seconds.
Beginning scenario construction...
pygame 2.6.1 (SDL 2.28.4, Python 3.10.12)
Hello from the pygame community. https://www.pygame.org/contribute.html
  Loading cached version of road network...
  Loaded cached network in 0.14 seconds.
  Pruning scenario...
  Pruned scenario in 2.742e-05 seconds.
Scenario constructed in 1.43 seconds.
  Connecting to CARLA on port 2000
  Map loaded in simulator.
  Generated scene in 5 iterations, 0.02858 seconds.
  Beginning simulation of top-level scenario...
  Ran simulation in 19.01 seconds.
Beginning scenario construction...
pygame 2.6.1 (SDL 2.28.4, Python 3.10.12)
Hello from the pygame community. https://www.pygame.org/contribute.html
  Loading cached version of road network...
  Loaded cached network in 0.13 seconds.
  Pruning scenario...
  Pruned scenario in 3.147e-05 seconds.
Scenario constructed in 1.42 seconds.
  Connecting to CARLA on port 2000
  Map loaded in simulator.
  Generated scene in 6 iterations, 0.03548 seconds.
  Beginning simulation of top-level scenario...
  Ran simulation in 17.88 seconds.
Beginning scenario construction...
pygame 2.6.1 (SDL 2.28.4, Python 3.10.12)
Hello from the pygame community. https://www.pygame.org/contribute.html
  Loading cached version of road network...
  Loaded cached network in 0.14 seconds.
  Pruning scenario...
  Pruned scenario in 2.813e-05 seconds.
Scenario constructed in 1.44 seconds.
  Connecting to CARLA on port 2000
  Map loaded in simulator.
  Generated scene in 2 iterations, 0.01614 seconds.
  Beginning simulation of top-level scenario...
  Ran simulation in 18.33 seconds.
Beginning scenario construction...
pygame 2.6.1 (SDL 2.28.4, Python 3.10.12)
Hello from the pygame community. https://www.pygame.org/contribute.html
  Loading cached version of road network...
  Loaded cached network in 0.14 seconds.
  Pruning scenario...
  Pruned scenario in 2.742e-05 seconds.
Scenario constructed in 1.45 seconds.
  Connecting to CARLA on port 2000
  Map loaded in simulator.
  Generated scene in 3 iterations, 0.02038 seconds.
  Beginning simulation of top-level scenario...
  Ran simulation in 18.38 seconds.
Beginning scenario construction...
pygame 2.6.1 (SDL 2.28.4, Python 3.10.12)
Hello from the pygame community. https://www.pygame.org/contribute.html
  Loading cached version of road network...
  Loaded cached network in 0.14 seconds.
  Pruning scenario...
  Pruned scenario in 2.837e-05 seconds.
Scenario constructed in 1.44 seconds.
  Connecting to CARLA on port 2000
  Map loaded in simulator.
  Generated scene in 5 iterations, 0.02988 seconds.
  Beginning simulation of top-level scenario...
  Ran simulation in 18.53 seconds.
Beginning scenario construction...
pygame 2.6.1 (SDL 2.28.4, Python 3.10.12)
Hello from the pygame community. https://www.pygame.org/contribute.html
  Loading cached version of road network...
  Loaded cached network in 0.14 seconds.
  Pruning scenario...
  Pruned scenario in 2.885e-05 seconds.
Scenario constructed in 1.45 seconds.
  Connecting to CARLA on port 2000
  Map loaded in simulator.
  Generated scene in 3 iterations, 0.02108 seconds.
  Beginning simulation of top-level scenario...
  Ran simulation in 17.8 seconds.
Beginning scenario construction...
pygame 2.6.1 (SDL 2.28.4, Python 3.10.12)
Hello from the pygame community. https://www.pygame.org/contribute.html
  Loading cached version of road network...
  Loaded cached network in 0.14 seconds.
  Pruning scenario...
  Pruned scenario in 2.956e-05 seconds.
Scenario constructed in 1.45 seconds.
  Connecting to CARLA on port 2000
  Map loaded in simulator.
  Generated scene in 6 iterations, 0.03297 seconds.
  Beginning simulation of top-level scenario...
  Ran simulation in 18.03 seconds.
Beginning scenario construction...
pygame 2.6.1 (SDL 2.28.4, Python 3.10.12)
Hello from the pygame community. https://www.pygame.org/contribute.html
  Loading cached version of road network...
  Loaded cached network in 0.14 seconds.
  Pruning scenario...
  Pruned scenario in 2.861e-05 seconds.
Scenario constructed in 1.45 seconds.
  Connecting to CARLA on port 2000
  Map loaded in simulator.
  Generated scene in 9 iterations, 0.04986 seconds.
  Beginning simulation of top-level scenario...
  Ran simulation in 20.74 seconds.
Beginning scenario construction...
pygame 2.6.1 (SDL 2.28.4, Python 3.10.12)
Hello from the pygame community. https://www.pygame.org/contribute.html
  Loading cached version of road network...
  Loaded cached network in 0.14 seconds.
  Pruning scenario...
  Pruned scenario in 2.766e-05 seconds.
Scenario constructed in 1.44 seconds.
  Connecting to CARLA on port 2000
  Map loaded in simulator.
  Generated scene in 9 iterations, 0.04821 seconds.
  Beginning simulation of top-level scenario...
  Ran simulation in 18.1 seconds.
Beginning scenario construction...
pygame 2.6.1 (SDL 2.28.4, Python 3.10.12)
Hello from the pygame community. https://www.pygame.org/contribute.html
  Loading cached version of road network...
  Loaded cached network in 0.14 seconds.
  Pruning scenario...
  Pruned scenario in 2.456e-05 seconds.
Scenario constructed in 1.44 seconds.
  Connecting to CARLA on port 2000
  Map loaded in simulator.
  Generated scene in 13 iterations, 0.07269 seconds.
  Beginning simulation of top-level scenario...
  Ran simulation in 19.28 seconds.
Beginning scenario construction...
pygame 2.6.1 (SDL 2.28.4, Python 3.10.12)
Hello from the pygame community. https://www.pygame.org/contribute.html
  Loading cached version of road network...
  Loaded cached network in 0.14 seconds.
  Pruning scenario...
  Pruned scenario in 2.861e-05 seconds.
Scenario constructed in 1.42 seconds.
  Connecting to CARLA on port 2000
  Map loaded in simulator.
  Generated scene in 2 iterations, 0.0147 seconds.
  Beginning simulation of top-level scenario...
  Ran simulation in 19.62 seconds.
Beginning scenario construction...
pygame 2.6.1 (SDL 2.28.4, Python 3.10.12)
Hello from the pygame community. https://www.pygame.org/contribute.html
  Loading cached version of road network...
  Loaded cached network in 0.14 seconds.
  Pruning scenario...
  Pruned scenario in 2.551e-05 seconds.
Scenario constructed in 1.43 seconds.
  Connecting to CARLA on port 2000
  Map loaded in simulator.
  Generated scene in 6 iterations, 0.03564 seconds.
  Beginning simulation of top-level scenario...
  Ran simulation in 18.66 seconds.
Beginning scenario construction...
pygame 2.6.1 (SDL 2.28.4, Python 3.10.12)
Hello from the pygame community. https://www.pygame.org/contribute.html
  Loading cached version of road network...
  Loaded cached network in 0.14 seconds.
  Pruning scenario...
  Pruned scenario in 2.837e-05 seconds.
Scenario constructed in 1.43 seconds.
  Connecting to CARLA on port 2000
  Map loaded in simulator.
  Generated scene in 2 iterations, 0.01591 seconds.
  Beginning simulation of top-level scenario...
  Ran simulation in 18.48 seconds.
Beginning scenario construction...
pygame 2.6.1 (SDL 2.28.4, Python 3.10.12)
Hello from the pygame community. https://www.pygame.org/contribute.html
  Loading cached version of road network...
  Loaded cached network in 0.13 seconds.
  Pruning scenario...
  Pruned scenario in 2.599e-05 seconds.
Scenario constructed in 1.43 seconds.
  Connecting to CARLA on port 2000
  Map loaded in simulator.
  Generated scene in 2 iterations, 0.01629 seconds.
  Beginning simulation of top-level scenario...
  Ran simulation in 18.31 seconds.
Beginning scenario construction...
pygame 2.6.1 (SDL 2.28.4, Python 3.10.12)
Hello from the pygame community. https://www.pygame.org/contribute.html
  Loading cached version of road network...
  Loaded cached network in 0.14 seconds.
  Pruning scenario...
  Pruned scenario in 2.694e-05 seconds.
Scenario constructed in 1.45 seconds.
  Connecting to CARLA on port 2000
  Map loaded in simulator.
  Generated scene in 2 iterations, 0.01605 seconds.
  Beginning simulation of top-level scenario...
  Ran simulation in 17.93 seconds.
Beginning scenario construction...
pygame 2.6.1 (SDL 2.28.4, Python 3.10.12)
Hello from the pygame community. https://www.pygame.org/contribute.html
  Loading cached version of road network...
  Loaded cached network in 0.14 seconds.
  Pruning scenario...
  Pruned scenario in 2.956e-05 seconds.
Scenario constructed in 1.42 seconds.
  Connecting to CARLA on port 2000
  Map loaded in simulator.
  Generated scene in 5 iterations, 0.02981 seconds.
  Beginning simulation of top-level scenario...
  Ran simulation in 18.29 seconds.
Beginning scenario construction...
pygame 2.6.1 (SDL 2.28.4, Python 3.10.12)
Hello from the pygame community. https://www.pygame.org/contribute.html
  Loading cached version of road network...
  Loaded cached network in 0.14 seconds.
  Pruning scenario...
  Pruned scenario in 3.028e-05 seconds.
Scenario constructed in 1.44 seconds.
  Connecting to CARLA on port 2000
  Map loaded in simulator.
  Generated scene in 5 iterations, 0.03035 seconds.
  Beginning simulation of top-level scenario...
  Ran simulation in 18.63 seconds.
Beginning scenario construction...
pygame 2.6.1 (SDL 2.28.4, Python 3.10.12)
Hello from the pygame community. https://www.pygame.org/contribute.html
  Loading cached version of road network...
  Loaded cached network in 0.14 seconds.
  Pruning scenario...
  Pruned scenario in 2.909e-05 seconds.
Scenario constructed in 1.43 seconds.
  Connecting to CARLA on port 2000
  Map loaded in simulator.
  Generated scene in 10 iterations, 0.05264 seconds.
  Beginning simulation of top-level scenario...
  Ran simulation in 17.85 seconds.
Beginning scenario construction...
pygame 2.6.1 (SDL 2.28.4, Python 3.10.12)
Hello from the pygame community. https://www.pygame.org/contribute.html
  Loading cached version of road network...
  Loaded cached network in 0.14 seconds.
  Pruning scenario...
  Pruned scenario in 2.48e-05 seconds.
Scenario constructed in 1.44 seconds.
  Connecting to CARLA on port 2000
  Map loaded in simulator.
  Generated scene in 2 iterations, 0.01575 seconds.
  Beginning simulation of top-level scenario...
  Ran simulation in 17.68 seconds.
Beginning scenario construction...
pygame 2.6.1 (SDL 2.28.4, Python 3.10.12)
Hello from the pygame community. https://www.pygame.org/contribute.html
  Loading cached version of road network...
  Loaded cached network in 0.14 seconds.
  Pruning scenario...
  Pruned scenario in 2.766e-05 seconds.
Scenario constructed in 1.46 seconds.
  Connecting to CARLA on port 2000
  Map loaded in simulator.
  Generated scene in 4 iterations, 0.02509 seconds.
  Beginning simulation of top-level scenario...
  Ran simulation in 19.11 seconds.
Beginning scenario construction...
pygame 2.6.1 (SDL 2.28.4, Python 3.10.12)
Hello from the pygame community. https://www.pygame.org/contribute.html
  Loading cached version of road network...
  Loaded cached network in 0.14 seconds.
  Pruning scenario...
  Pruned scenario in 2.599e-05 seconds.
Scenario constructed in 1.42 seconds.
  Connecting to CARLA on port 2000
  Map loaded in simulator.
  Generated scene in 2 iterations, 0.01433 seconds.
  Beginning simulation of top-level scenario...
  Ran simulation in 17.33 seconds.
Beginning scenario construction...
pygame 2.6.1 (SDL 2.28.4, Python 3.10.12)
Hello from the pygame community. https://www.pygame.org/contribute.html
  Loading cached version of road network...
  Loaded cached network in 0.14 seconds.
  Pruning scenario...
  Pruned scenario in 2.837e-05 seconds.
Scenario constructed in 1.44 seconds.
  Connecting to CARLA on port 2000
  Map loaded in simulator.
  Generated scene in 5 iterations, 0.02902 seconds.
  Beginning simulation of top-level scenario...
  Ran simulation in 18.41 seconds.
Beginning scenario construction...
pygame 2.6.1 (SDL 2.28.4, Python 3.10.12)
Hello from the pygame community. https://www.pygame.org/contribute.html
  Loading cached version of road network...
  Loaded cached network in 0.14 seconds.
  Pruning scenario...
  Pruned scenario in 2.67e-05 seconds.
Scenario constructed in 1.43 seconds.
  Connecting to CARLA on port 2000
  Map loaded in simulator.
  Generated scene in 1 iterations, 0.009912 seconds.
  Beginning simulation of top-level scenario...
  Ran simulation in 17.71 seconds.
Beginning scenario construction...
pygame 2.6.1 (SDL 2.28.4, Python 3.10.12)
Hello from the pygame community. https://www.pygame.org/contribute.html
  Loading cached version of road network...
  Loaded cached network in 0.14 seconds.
  Pruning scenario...
  Pruned scenario in 2.646e-05 seconds.
Scenario constructed in 1.42 seconds.
  Connecting to CARLA on port 2000
  Map loaded in simulator.
  Generated scene in 7 iterations, 0.03888 seconds.
  Beginning simulation of top-level scenario...
  Ran simulation in 17.1 seconds.
Beginning scenario construction...
pygame 2.6.1 (SDL 2.28.4, Python 3.10.12)
Hello from the pygame community. https://www.pygame.org/contribute.html
  Loading cached version of road network...
  Loaded cached network in 0.14 seconds.
  Pruning scenario...
  Pruned scenario in 2.98e-05 seconds.
Scenario constructed in 1.42 seconds.
  Connecting to CARLA on port 2000
  Map loaded in simulator.
  Generated scene in 8 iterations, 0.04374 seconds.
  Beginning simulation of top-level scenario...
  Ran simulation in 18.33 seconds.
Beginning scenario construction...
pygame 2.6.1 (SDL 2.28.4, Python 3.10.12)
Hello from the pygame community. https://www.pygame.org/contribute.html
  Loading cached version of road network...
  Loaded cached network in 0.14 seconds.
  Pruning scenario...
  Pruned scenario in 2.408e-05 seconds.
Scenario constructed in 1.43 seconds.
  Connecting to CARLA on port 2000
  Map loaded in simulator.
  Generated scene in 4 iterations, 0.02465 seconds.
  Beginning simulation of top-level scenario...
  Ran simulation in 17.95 seconds.
Beginning scenario construction...
pygame 2.6.1 (SDL 2.28.4, Python 3.10.12)
Hello from the pygame community. https://www.pygame.org/contribute.html
  Loading cached version of road network...
  Loaded cached network in 0.14 seconds.
  Pruning scenario...
  Pruned scenario in 2.503e-05 seconds.
Scenario constructed in 1.43 seconds.
  Connecting to CARLA on port 2000
  Map loaded in simulator.
  Generated scene in 5 iterations, 0.03005 seconds.
  Beginning simulation of top-level scenario...
  Ran simulation in 18.09 seconds.
Beginning scenario construction...
pygame 2.6.1 (SDL 2.28.4, Python 3.10.12)
Hello from the pygame community. https://www.pygame.org/contribute.html
  Loading cached version of road network...
  Loaded cached network in 0.14 seconds.
  Pruning scenario...
  Pruned scenario in 3.028e-05 seconds.
Scenario constructed in 1.43 seconds.
  Connecting to CARLA on port 2000
  Map loaded in simulator.
  Generated scene in 4 iterations, 0.02465 seconds.
  Beginning simulation of top-level scenario...
  Ran simulation in 17.3 seconds.
Beginning scenario construction...
pygame 2.6.1 (SDL 2.28.4, Python 3.10.12)
Hello from the pygame community. https://www.pygame.org/contribute.html
  Loading cached version of road network...
  Loaded cached network in 0.14 seconds.
  Pruning scenario...
  Pruned scenario in 2.718e-05 seconds.
Scenario constructed in 1.44 seconds.
  Connecting to CARLA on port 2000
  Map loaded in simulator.
  Generated scene in 2 iterations, 0.01573 seconds.
  Beginning simulation of top-level scenario...
  Ran simulation in 19.52 seconds.
Beginning scenario construction...
pygame 2.6.1 (SDL 2.28.4, Python 3.10.12)
Hello from the pygame community. https://www.pygame.org/contribute.html
  Loading cached version of road network...
  Loaded cached network in 0.14 seconds.
  Pruning scenario...
  Pruned scenario in 2.575e-05 seconds.
Scenario constructed in 1.44 seconds.
  Connecting to CARLA on port 2000
  Map loaded in simulator.
  Generated scene in 6 iterations, 0.03313 seconds.
  Beginning simulation of top-level scenario...
  Ran simulation in 19.47 seconds.
Beginning scenario construction...
pygame 2.6.1 (SDL 2.28.4, Python 3.10.12)
Hello from the pygame community. https://www.pygame.org/contribute.html
  Loading cached version of road network...
  Loaded cached network in 0.14 seconds.
  Pruning scenario...
  Pruned scenario in 2.551e-05 seconds.
Scenario constructed in 1.42 seconds.
  Connecting to CARLA on port 2000
  Map loaded in simulator.
  Generated scene in 1 iterations, 0.01091 seconds.
  Beginning simulation of top-level scenario...
  Ran simulation in 17.97 seconds.
Beginning scenario construction...
pygame 2.6.1 (SDL 2.28.4, Python 3.10.12)
Hello from the pygame community. https://www.pygame.org/contribute.html
  Loading cached version of road network...
  Loaded cached network in 0.14 seconds.
  Pruning scenario...
  Pruned scenario in 2.956e-05 seconds.
Scenario constructed in 1.44 seconds.
  Connecting to CARLA on port 2000
  Map loaded in simulator.
  Generated scene in 1 iterations, 0.01089 seconds.
  Beginning simulation of top-level scenario...
  Ran simulation in 19.45 seconds.
Beginning scenario construction...
pygame 2.6.1 (SDL 2.28.4, Python 3.10.12)
Hello from the pygame community. https://www.pygame.org/contribute.html
  Loading cached version of road network...
  Loaded cached network in 0.14 seconds.
  Pruning scenario...
  Pruned scenario in 2.789e-05 seconds.
Scenario constructed in 1.42 seconds.
  Connecting to CARLA on port 2000
  Map loaded in simulator.
  Generated scene in 6 iterations, 0.03594 seconds.
  Beginning simulation of top-level scenario...
  Ran simulation in 19.13 seconds.
Beginning scenario construction...
pygame 2.6.1 (SDL 2.28.4, Python 3.10.12)
Hello from the pygame community. https://www.pygame.org/contribute.html
  Loading cached version of road network...
  Loaded cached network in 0.14 seconds.
  Pruning scenario...
  Pruned scenario in 2.837e-05 seconds.
Scenario constructed in 1.43 seconds.
  Connecting to CARLA on port 2000
  Map loaded in simulator.
  Generated scene in 5 iterations, 0.02957 seconds.
  Beginning simulation of top-level scenario...
  Ran simulation in 18.97 seconds.
Beginning scenario construction...
pygame 2.6.1 (SDL 2.28.4, Python 3.10.12)
Hello from the pygame community. https://www.pygame.org/contribute.html
  Loading cached version of road network...
  Loaded cached network in 0.14 seconds.
  Pruning scenario...
  Pruned scenario in 2.789e-05 seconds.
Scenario constructed in 1.43 seconds.
  Connecting to CARLA on port 2000
  Map loaded in simulator.
  Generated scene in 2 iterations, 0.01592 seconds.
  Beginning simulation of top-level scenario...
  Ran simulation in 18.64 seconds.
Beginning scenario construction...
pygame 2.6.1 (SDL 2.28.4, Python 3.10.12)
Hello from the pygame community. https://www.pygame.org/contribute.html
  Loading cached version of road network...
  Loaded cached network in 0.14 seconds.
  Pruning scenario...
  Pruned scenario in 2.837e-05 seconds.
Scenario constructed in 1.43 seconds.
  Connecting to CARLA on port 2000
  Map loaded in simulator.
  Generated scene in 14 iterations, 0.07262 seconds.
  Beginning simulation of top-level scenario...
  Ran simulation in 18.72 seconds.
Beginning scenario construction...
pygame 2.6.1 (SDL 2.28.4, Python 3.10.12)
Hello from the pygame community. https://www.pygame.org/contribute.html
  Loading cached version of road network...
  Loaded cached network in 0.14 seconds.
  Pruning scenario...
  Pruned scenario in 2.742e-05 seconds.
Scenario constructed in 1.43 seconds.
  Connecting to CARLA on port 2000
  Map loaded in simulator.
  Generated scene in 1 iterations, 0.01079 seconds.
  Beginning simulation of top-level scenario...
  Ran simulation in 17.96 seconds.
Beginning scenario construction...
pygame 2.6.1 (SDL 2.28.4, Python 3.10.12)
Hello from the pygame community. https://www.pygame.org/contribute.html
  Loading cached version of road network...
  Loaded cached network in 0.14 seconds.
  Pruning scenario...
  Pruned scenario in 2.623e-05 seconds.
Scenario constructed in 1.43 seconds.
  Connecting to CARLA on port 2000
  Map loaded in simulator.
  Generated scene in 4 iterations, 0.02629 seconds.
  Beginning simulation of top-level scenario...
  Ran simulation in 21.84 seconds.
Beginning scenario construction...
pygame 2.6.1 (SDL 2.28.4, Python 3.10.12)
Hello from the pygame community. https://www.pygame.org/contribute.html
  Loading cached version of road network...
  Loaded cached network in 0.14 seconds.
  Pruning scenario...
  Pruned scenario in 2.837e-05 seconds.
Scenario constructed in 1.42 seconds.
  Connecting to CARLA on port 2000
  Map loaded in simulator.
  Generated scene in 1 iterations, 0.01072 seconds.
  Beginning simulation of top-level scenario...
  Ran simulation in 18.36 seconds.
Beginning scenario construction...
pygame 2.6.1 (SDL 2.28.4, Python 3.10.12)
Hello from the pygame community. https://www.pygame.org/contribute.html
  Loading cached version of road network...
  Loaded cached network in 0.14 seconds.
  Pruning scenario...
  Pruned scenario in 2.694e-05 seconds.
Scenario constructed in 1.43 seconds.
  Connecting to CARLA on port 2000
  Map loaded in simulator.
  Generated scene in 9 iterations, 0.0498 seconds.
  Beginning simulation of top-level scenario...
  Ran simulation in 17.49 seconds.
Beginning scenario construction...
pygame 2.6.1 (SDL 2.28.4, Python 3.10.12)
Hello from the pygame community. https://www.pygame.org/contribute.html
  Loading cached version of road network...
  Loaded cached network in 0.14 seconds.
  Pruning scenario...
  Pruned scenario in 3.052e-05 seconds.
Scenario constructed in 1.43 seconds.
  Connecting to CARLA on port 2000
  Map loaded in simulator.
  Generated scene in 1 iterations, 0.01045 seconds.
  Beginning simulation of top-level scenario...
  Ran simulation in 16.54 seconds.
Beginning scenario construction...
pygame 2.6.1 (SDL 2.28.4, Python 3.10.12)
Hello from the pygame community. https://www.pygame.org/contribute.html
  Loading cached version of road network...
  Loaded cached network in 0.14 seconds.
  Pruning scenario...
  Pruned scenario in 2.766e-05 seconds.
Scenario constructed in 1.42 seconds.
  Connecting to CARLA on port 2000
  Map loaded in simulator.
  Generated scene in 7 iterations, 0.0404 seconds.
  Beginning simulation of top-level scenario...
  Ran simulation in 19.19 seconds.
Beginning scenario construction...
pygame 2.6.1 (SDL 2.28.4, Python 3.10.12)
Hello from the pygame community. https://www.pygame.org/contribute.html
  Loading cached version of road network...
  Loaded cached network in 0.13 seconds.
  Pruning scenario...
  Pruned scenario in 3.171e-05 seconds.
Scenario constructed in 1.42 seconds.
  Connecting to CARLA on port 2000
  Map loaded in simulator.
  Generated scene in 2 iterations, 0.01602 seconds.
  Beginning simulation of top-level scenario...
  Ran simulation in 19.25 seconds.
Beginning scenario construction...
pygame 2.6.1 (SDL 2.28.4, Python 3.10.12)
Hello from the pygame community. https://www.pygame.org/contribute.html
  Loading cached version of road network...
  Loaded cached network in 0.14 seconds.
  Pruning scenario...
  Pruned scenario in 2.742e-05 seconds.
Scenario constructed in 1.43 seconds.
  Connecting to CARLA on port 2000
  Map loaded in simulator.
  Generated scene in 4 iterations, 0.02585 seconds.
  Beginning simulation of top-level scenario...
  Ran simulation in 17.64 seconds.
Beginning scenario construction...
pygame 2.6.1 (SDL 2.28.4, Python 3.10.12)
Hello from the pygame community. https://www.pygame.org/contribute.html
  Loading cached version of road network...
  Loaded cached network in 0.14 seconds.
  Pruning scenario...
  Pruned scenario in 2.646e-05 seconds.
Scenario constructed in 1.43 seconds.
  Connecting to CARLA on port 2000
  Map loaded in simulator.
  Generated scene in 2 iterations, 0.01593 seconds.
  Beginning simulation of top-level scenario...
  Ran simulation in 17.47 seconds.
Beginning scenario construction...
pygame 2.6.1 (SDL 2.28.4, Python 3.10.12)
Hello from the pygame community. https://www.pygame.org/contribute.html
  Loading cached version of road network...
  Loaded cached network in 0.14 seconds.
  Pruning scenario...
  Pruned scenario in 2.766e-05 seconds.
Scenario constructed in 1.44 seconds.
  Connecting to CARLA on port 2000
  Map loaded in simulator.
  Generated scene in 4 iterations, 0.02585 seconds.
  Beginning simulation of top-level scenario...
  Ran simulation in 4.253 seconds.
Beginning scenario construction...
pygame 2.6.1 (SDL 2.28.4, Python 3.10.12)
Hello from the pygame community. https://www.pygame.org/contribute.html
  Loading cached version of road network...
  Loaded cached network in 0.14 seconds.
  Pruning scenario...
  Pruned scenario in 2.861e-05 seconds.
Scenario constructed in 1.41 seconds.
  Connecting to CARLA on port 2000
  Map loaded in simulator.
  Generated scene in 1 iterations, 0.011 seconds.
  Beginning simulation of top-level scenario...
  Ran simulation in 18.89 seconds.
Beginning scenario construction...
pygame 2.6.1 (SDL 2.28.4, Python 3.10.12)
Hello from the pygame community. https://www.pygame.org/contribute.html
  Loading cached version of road network...
  Loaded cached network in 0.14 seconds.
  Pruning scenario...
  Pruned scenario in 2.885e-05 seconds.
Scenario constructed in 1.42 seconds.
  Connecting to CARLA on port 2000
  Map loaded in simulator.
  Generated scene in 3 iterations, 0.02122 seconds.
  Beginning simulation of top-level scenario...
  Ran simulation in 18.75 seconds.
Beginning scenario construction...
pygame 2.6.1 (SDL 2.28.4, Python 3.10.12)
Hello from the pygame community. https://www.pygame.org/contribute.html
  Loading cached version of road network...
  Loaded cached network in 0.14 seconds.
  Pruning scenario...
  Pruned scenario in 2.742e-05 seconds.
Scenario constructed in 1.45 seconds.
  Connecting to CARLA on port 2000
  Map loaded in simulator.
  Generated scene in 6 iterations, 0.03345 seconds.
  Beginning simulation of top-level scenario...
  Ran simulation in 19.5 seconds.
Beginning scenario construction...
pygame 2.6.1 (SDL 2.28.4, Python 3.10.12)
Hello from the pygame community. https://www.pygame.org/contribute.html
  Loading cached version of road network...
  Loaded cached network in 0.14 seconds.
  Pruning scenario...
  Pruned scenario in 2.98e-05 seconds.
Scenario constructed in 1.43 seconds.
  Connecting to CARLA on port 2000
  Map loaded in simulator.
  Generated scene in 2 iterations, 0.01531 seconds.
  Beginning simulation of top-level scenario...
  Ran simulation in 3.949 seconds.
Beginning scenario construction...
pygame 2.6.1 (SDL 2.28.4, Python 3.10.12)
Hello from the pygame community. https://www.pygame.org/contribute.html
  Loading cached version of road network...
  Loaded cached network in 0.14 seconds.
  Pruning scenario...
  Pruned scenario in 2.599e-05 seconds.
Scenario constructed in 1.44 seconds.
  Connecting to CARLA on port 2000
  Map loaded in simulator.
  Generated scene in 1 iterations, 0.01095 seconds.
  Beginning simulation of top-level scenario...
  Ran simulation in 20.06 seconds.
Beginning scenario construction...
pygame 2.6.1 (SDL 2.28.4, Python 3.10.12)
Hello from the pygame community. https://www.pygame.org/contribute.html
  Loading cached version of road network...
  Loaded cached network in 0.14 seconds.
  Pruning scenario...
  Pruned scenario in 2.766e-05 seconds.
Scenario constructed in 1.44 seconds.
  Connecting to CARLA on port 2000
  Map loaded in simulator.
  Generated scene in 1 iterations, 0.01091 seconds.
  Beginning simulation of top-level scenario...
  Ran simulation in 5.16 seconds.
Beginning scenario construction...
pygame 2.6.1 (SDL 2.28.4, Python 3.10.12)
Hello from the pygame community. https://www.pygame.org/contribute.html
  Loading cached version of road network...
  Loaded cached network in 0.14 seconds.
  Pruning scenario...
  Pruned scenario in 2.694e-05 seconds.
Scenario constructed in 1.42 seconds.
  Connecting to CARLA on port 2000
  Map loaded in simulator.
  Generated scene in 10 iterations, 0.05756 seconds.
  Beginning simulation of top-level scenario...
  Ran simulation in 18.59 seconds.
Beginning scenario construction...
pygame 2.6.1 (SDL 2.28.4, Python 3.10.12)
Hello from the pygame community. https://www.pygame.org/contribute.html
  Loading cached version of road network...
  Loaded cached network in 0.14 seconds.
  Pruning scenario...
  Pruned scenario in 2.98e-05 seconds.
Scenario constructed in 1.42 seconds.
  Connecting to CARLA on port 2000
  Map loaded in simulator.
  Generated scene in 2 iterations, 0.01612 seconds.
  Beginning simulation of top-level scenario...
  Ran simulation in 19.12 seconds.
Beginning scenario construction...
pygame 2.6.1 (SDL 2.28.4, Python 3.10.12)
Hello from the pygame community. https://www.pygame.org/contribute.html
  Loading cached version of road network...
  Loaded cached network in 0.14 seconds.
  Pruning scenario...
  Pruned scenario in 3.242e-05 seconds.
Scenario constructed in 1.43 seconds.
  Connecting to CARLA on port 2000
  Map loaded in simulator.
  Generated scene in 3 iterations, 0.02025 seconds.
  Beginning simulation of top-level scenario...
  Ran simulation in 18.56 seconds.
Beginning scenario construction...
pygame 2.6.1 (SDL 2.28.4, Python 3.10.12)
Hello from the pygame community. https://www.pygame.org/contribute.html
  Loading cached version of road network...
  Loaded cached network in 0.14 seconds.
  Pruning scenario...
  Pruned scenario in 2.933e-05 seconds.
Scenario constructed in 1.42 seconds.
  Connecting to CARLA on port 2000
  Map loaded in simulator.
  Generated scene in 4 iterations, 0.02585 seconds.
  Beginning simulation of top-level scenario...
  Ran simulation in 18.78 seconds.
Beginning scenario construction...
pygame 2.6.1 (SDL 2.28.4, Python 3.10.12)
Hello from the pygame community. https://www.pygame.org/contribute.html
  Loading cached version of road network...
  Loaded cached network in 0.14 seconds.
  Pruning scenario...
  Pruned scenario in 2.766e-05 seconds.
Scenario constructed in 1.44 seconds.
  Connecting to CARLA on port 2000
  Map loaded in simulator.
  Generated scene in 5 iterations, 0.02999 seconds.
  Beginning simulation of top-level scenario...
  Ran simulation in 19.09 seconds.
Beginning scenario construction...
pygame 2.6.1 (SDL 2.28.4, Python 3.10.12)
Hello from the pygame community. https://www.pygame.org/contribute.html
  Loading cached version of road network...
  Loaded cached network in 0.14 seconds.
  Pruning scenario...
  Pruned scenario in 2.837e-05 seconds.
Scenario constructed in 1.45 seconds.
  Connecting to CARLA on port 2000
  Map loaded in simulator.
  Generated scene in 2 iterations, 0.01622 seconds.
  Beginning simulation of top-level scenario...
  Ran simulation in 19.55 seconds.
Beginning scenario construction...
pygame 2.6.1 (SDL 2.28.4, Python 3.10.12)
Hello from the pygame community. https://www.pygame.org/contribute.html
  Loading cached version of road network...
  Loaded cached network in 0.14 seconds.
  Pruning scenario...
  Pruned scenario in 2.861e-05 seconds.
Scenario constructed in 1.41 seconds.
  Connecting to CARLA on port 2000
  Map loaded in simulator.
  Generated scene in 8 iterations, 0.04513 seconds.
  Beginning simulation of top-level scenario...
  Ran simulation in 18.83 seconds.
Beginning scenario construction...
pygame 2.6.1 (SDL 2.28.4, Python 3.10.12)
Hello from the pygame community. https://www.pygame.org/contribute.html
  Loading cached version of road network...
  Loaded cached network in 0.14 seconds.
  Pruning scenario...
  Pruned scenario in 2.408e-05 seconds.
Scenario constructed in 1.46 seconds.
  Connecting to CARLA on port 2000
  Map loaded in simulator.
  Generated scene in 4 iterations, 0.02459 seconds.
  Beginning simulation of top-level scenario...
  Ran simulation in 20.29 seconds.
Beginning scenario construction...
pygame 2.6.1 (SDL 2.28.4, Python 3.10.12)
Hello from the pygame community. https://www.pygame.org/contribute.html
  Loading cached version of road network...
  Loaded cached network in 0.14 seconds.
  Pruning scenario...
  Pruned scenario in 2.766e-05 seconds.
Scenario constructed in 1.41 seconds.
  Connecting to CARLA on port 2000
  Map loaded in simulator.
  Generated scene in 9 iterations, 0.05049 seconds.
  Beginning simulation of top-level scenario...
  Ran simulation in 18.89 seconds.
Beginning scenario construction...
pygame 2.6.1 (SDL 2.28.4, Python 3.10.12)
Hello from the pygame community. https://www.pygame.org/contribute.html
  Loading cached version of road network...
  Loaded cached network in 0.14 seconds.
  Pruning scenario...
  Pruned scenario in 3.219e-05 seconds.
Scenario constructed in 1.43 seconds.
  Connecting to CARLA on port 2000
  Map loaded in simulator.
  Generated scene in 2 iterations, 0.01614 seconds.
  Beginning simulation of top-level scenario...
  Ran simulation in 20.93 seconds.
Beginning scenario construction...
pygame 2.6.1 (SDL 2.28.4, Python 3.10.12)
Hello from the pygame community. https://www.pygame.org/contribute.html
  Loading cached version of road network...
  Loaded cached network in 0.14 seconds.
  Pruning scenario...
  Pruned scenario in 2.67e-05 seconds.
Scenario constructed in 1.44 seconds.
  Connecting to CARLA on port 2000
  Map loaded in simulator.
  Generated scene in 2 iterations, 0.01612 seconds.
  Beginning simulation of top-level scenario...
  Ran simulation in 18.6 seconds.
Beginning scenario construction...
pygame 2.6.1 (SDL 2.28.4, Python 3.10.12)
Hello from the pygame community. https://www.pygame.org/contribute.html
  Loading cached version of road network...
  Loaded cached network in 0.14 seconds.
  Pruning scenario...
  Pruned scenario in 3.004e-05 seconds.
Scenario constructed in 1.44 seconds.
  Connecting to CARLA on port 2000
  Map loaded in simulator.
  Generated scene in 9 iterations, 0.05156 seconds.
  Beginning simulation of top-level scenario...
  Ran simulation in 18.02 seconds.
Beginning scenario construction...
pygame 2.6.1 (SDL 2.28.4, Python 3.10.12)
Hello from the pygame community. https://www.pygame.org/contribute.html
  Loading cached version of road network...
  Loaded cached network in 0.14 seconds.
  Pruning scenario...
  Pruned scenario in 2.909e-05 seconds.
Scenario constructed in 1.44 seconds.
  Connecting to CARLA on port 2000
  Map loaded in simulator.
  Generated scene in 2 iterations, 0.01604 seconds.
  Beginning simulation of top-level scenario...
  Ran simulation in 18.31 seconds.
Beginning scenario construction...
pygame 2.6.1 (SDL 2.28.4, Python 3.10.12)
Hello from the pygame community. https://www.pygame.org/contribute.html
  Loading cached version of road network...
  Loaded cached network in 0.14 seconds.
  Pruning scenario...
  Pruned scenario in 2.789e-05 seconds.
Scenario constructed in 1.43 seconds.
  Connecting to CARLA on port 2000
  Map loaded in simulator.
  Generated scene in 3 iterations, 0.01917 seconds.
  Beginning simulation of top-level scenario...
  Ran simulation in 18.79 seconds.
Beginning scenario construction...
pygame 2.6.1 (SDL 2.28.4, Python 3.10.12)
Hello from the pygame community. https://www.pygame.org/contribute.html
  Loading cached version of road network...
  Loaded cached network in 0.14 seconds.
  Pruning scenario...
  Pruned scenario in 2.575e-05 seconds.
Scenario constructed in 1.42 seconds.
  Connecting to CARLA on port 2000
  Map loaded in simulator.
  Generated scene in 6 iterations, 0.03498 seconds.
  Beginning simulation of top-level scenario...
  Ran simulation in 18.11 seconds.
Beginning scenario construction...
pygame 2.6.1 (SDL 2.28.4, Python 3.10.12)
Hello from the pygame community. https://www.pygame.org/contribute.html
  Loading cached version of road network...
  Loaded cached network in 0.14 seconds.
  Pruning scenario...
  Pruned scenario in 2.694e-05 seconds.
Scenario constructed in 1.43 seconds.
  Connecting to CARLA on port 2000
  Map loaded in simulator.
  Generated scene in 1 iterations, 0.0108 seconds.
  Beginning simulation of top-level scenario...
  Ran simulation in 18.45 seconds.
Beginning scenario construction...
pygame 2.6.1 (SDL 2.28.4, Python 3.10.12)
Hello from the pygame community. https://www.pygame.org/contribute.html
  Loading cached version of road network...
  Loaded cached network in 0.14 seconds.
  Pruning scenario...
  Pruned scenario in 2.861e-05 seconds.
Scenario constructed in 1.42 seconds.
  Connecting to CARLA on port 2000
  Map loaded in simulator.
  Generated scene in 1 iterations, 0.01097 seconds.
  Beginning simulation of top-level scenario...
  Ran simulation in 18.59 seconds.
Beginning scenario construction...
pygame 2.6.1 (SDL 2.28.4, Python 3.10.12)
Hello from the pygame community. https://www.pygame.org/contribute.html
  Loading cached version of road network...
  Loaded cached network in 0.14 seconds.
  Pruning scenario...
  Pruned scenario in 2.456e-05 seconds.
Scenario constructed in 1.43 seconds.
  Connecting to CARLA on port 2000
  Map loaded in simulator.
  Generated scene in 1 iterations, 0.009932 seconds.
  Beginning simulation of top-level scenario...
  Ran simulation in 17.56 seconds.
Beginning scenario construction...
pygame 2.6.1 (SDL 2.28.4, Python 3.10.12)
Hello from the pygame community. https://www.pygame.org/contribute.html
  Loading cached version of road network...
  Loaded cached network in 0.14 seconds.
  Pruning scenario...
  Pruned scenario in 2.694e-05 seconds.
Scenario constructed in 1.45 seconds.
  Connecting to CARLA on port 2000
  Map loaded in simulator.
  Generated scene in 3 iterations, 0.02079 seconds.
  Beginning simulation of top-level scenario...
  Ran simulation in 19.1 seconds.
Beginning scenario construction...
pygame 2.6.1 (SDL 2.28.4, Python 3.10.12)
Hello from the pygame community. https://www.pygame.org/contribute.html
  Loading cached version of road network...
  Loaded cached network in 0.14 seconds.
  Pruning scenario...
  Pruned scenario in 2.766e-05 seconds.
Scenario constructed in 1.43 seconds.
  Connecting to CARLA on port 2000
  Map loaded in simulator.
  Generated scene in 2 iterations, 0.01646 seconds.
  Beginning simulation of top-level scenario...
  Ran simulation in 18.95 seconds.
Beginning scenario construction...
pygame 2.6.1 (SDL 2.28.4, Python 3.10.12)
Hello from the pygame community. https://www.pygame.org/contribute.html
  Loading cached version of road network...
  Loaded cached network in 0.14 seconds.
  Pruning scenario...
  Pruned scenario in 3.076e-05 seconds.
Scenario constructed in 1.42 seconds.
  Connecting to CARLA on port 2000
  Map loaded in simulator.
  Generated scene in 2 iterations, 0.01639 seconds.
  Beginning simulation of top-level scenario...
  Ran simulation in 18.41 seconds.
Beginning scenario construction...
pygame 2.6.1 (SDL 2.28.4, Python 3.10.12)
Hello from the pygame community. https://www.pygame.org/contribute.html
  Loading cached version of road network...
  Loaded cached network in 0.14 seconds.
  Pruning scenario...
  Pruned scenario in 2.837e-05 seconds.
Scenario constructed in 1.44 seconds.
  Connecting to CARLA on port 2000
  Map loaded in simulator.
  Generated scene in 3 iterations, 0.02011 seconds.
  Beginning simulation of top-level scenario...
  Ran simulation in 17.84 seconds.
Beginning scenario construction...
pygame 2.6.1 (SDL 2.28.4, Python 3.10.12)
Hello from the pygame community. https://www.pygame.org/contribute.html
  Loading cached version of road network...
  Loaded cached network in 0.14 seconds.
  Pruning scenario...
  Pruned scenario in 2.956e-05 seconds.
Scenario constructed in 1.44 seconds.
  Connecting to CARLA on port 2000
  Map loaded in simulator.
  Generated scene in 1 iterations, 0.01096 seconds.
  Beginning simulation of top-level scenario...
  Ran simulation in 18.6 seconds.
Beginning scenario construction...
pygame 2.6.1 (SDL 2.28.4, Python 3.10.12)
Hello from the pygame community. https://www.pygame.org/contribute.html
  Loading cached version of road network...
  Loaded cached network in 0.14 seconds.
  Pruning scenario...
  Pruned scenario in 2.766e-05 seconds.
Scenario constructed in 1.42 seconds.
  Connecting to CARLA on port 2000
  Map loaded in simulator.
  Generated scene in 3 iterations, 0.02131 seconds.
  Beginning simulation of top-level scenario...
  Ran simulation in 18.62 seconds.
Beginning scenario construction...
pygame 2.6.1 (SDL 2.28.4, Python 3.10.12)
Hello from the pygame community. https://www.pygame.org/contribute.html
  Loading cached version of road network...
  Loaded cached network in 0.14 seconds.
  Pruning scenario...
  Pruned scenario in 3.099e-05 seconds.
Scenario constructed in 1.43 seconds.
  Connecting to CARLA on port 2000
  Map loaded in simulator.
  Generated scene in 5 iterations, 0.02976 seconds.
  Beginning simulation of top-level scenario...
  Ran simulation in 18.27 seconds.
Beginning scenario construction...
pygame 2.6.1 (SDL 2.28.4, Python 3.10.12)
Hello from the pygame community. https://www.pygame.org/contribute.html
  Loading cached version of road network...
  Loaded cached network in 0.14 seconds.
  Pruning scenario...
  Pruned scenario in 2.861e-05 seconds.
Scenario constructed in 1.46 seconds.
  Connecting to CARLA on port 2000
  Map loaded in simulator.
  Generated scene in 2 iterations, 0.01605 seconds.
  Beginning simulation of top-level scenario...
  Ran simulation in 19.56 seconds.
Beginning scenario construction...
pygame 2.6.1 (SDL 2.28.4, Python 3.10.12)
Hello from the pygame community. https://www.pygame.org/contribute.html
  Loading cached version of road network...
  Loaded cached network in 0.14 seconds.
  Pruning scenario...
  Pruned scenario in 2.575e-05 seconds.
Scenario constructed in 1.41 seconds.
  Connecting to CARLA on port 2000
  Map loaded in simulator.
  Generated scene in 2 iterations, 0.01597 seconds.
  Beginning simulation of top-level scenario...
  Ran simulation in 18.14 seconds.
Beginning scenario construction...
pygame 2.6.1 (SDL 2.28.4, Python 3.10.12)
Hello from the pygame community. https://www.pygame.org/contribute.html
  Loading cached version of road network...
  Loaded cached network in 0.14 seconds.
  Pruning scenario...
  Pruned scenario in 2.861e-05 seconds.
Scenario constructed in 1.44 seconds.
  Connecting to CARLA on port 2000
  Map loaded in simulator.
  Generated scene in 4 iterations, 0.02531 seconds.
  Beginning simulation of top-level scenario...
  Ran simulation in 18.3 seconds.
Beginning scenario construction...
pygame 2.6.1 (SDL 2.28.4, Python 3.10.12)
Hello from the pygame community. https://www.pygame.org/contribute.html
  Loading cached version of road network...
  Loaded cached network in 0.14 seconds.
  Pruning scenario...
  Pruned scenario in 3.052e-05 seconds.
Scenario constructed in 1.41 seconds.
  Connecting to CARLA on port 2000
  Map loaded in simulator.
  Generated scene in 2 iterations, 0.01597 seconds.
  Beginning simulation of top-level scenario...
  Ran simulation in 21.16 seconds.
Beginning scenario construction...
pygame 2.6.1 (SDL 2.28.4, Python 3.10.12)
Hello from the pygame community. https://www.pygame.org/contribute.html
  Loading cached version of road network...
  Loaded cached network in 0.14 seconds.
  Pruning scenario...
  Pruned scenario in 2.766e-05 seconds.
Scenario constructed in 1.43 seconds.
  Connecting to CARLA on port 2000
  Map loaded in simulator.
  Generated scene in 13 iterations, 0.06918 seconds.
  Beginning simulation of top-level scenario...
  Ran simulation in 19.75 seconds.
Beginning scenario construction...
pygame 2.6.1 (SDL 2.28.4, Python 3.10.12)
Hello from the pygame community. https://www.pygame.org/contribute.html
  Loading cached version of road network...
  Loaded cached network in 0.14 seconds.
  Pruning scenario...
  Pruned scenario in 3.099e-05 seconds.
Scenario constructed in 1.43 seconds.
  Connecting to CARLA on port 2000
  Map loaded in simulator.
  Generated scene in 1 iterations, 0.009622 seconds.
  Beginning simulation of top-level scenario...
  Ran simulation in 18.25 seconds.
Beginning scenario construction...
pygame 2.6.1 (SDL 2.28.4, Python 3.10.12)
Hello from the pygame community. https://www.pygame.org/contribute.html
  Loading cached version of road network...
  Loaded cached network in 0.14 seconds.
  Pruning scenario...
  Pruned scenario in 2.575e-05 seconds.
Scenario constructed in 1.43 seconds.
  Connecting to CARLA on port 2000
  Map loaded in simulator.
  Generated scene in 1 iterations, 0.0108 seconds.
  Beginning simulation of top-level scenario...
  Ran simulation in 21.14 seconds.
Beginning scenario construction...
pygame 2.6.1 (SDL 2.28.4, Python 3.10.12)
Hello from the pygame community. https://www.pygame.org/contribute.html
  Loading cached version of road network...
  Loaded cached network in 0.14 seconds.
  Pruning scenario...
  Pruned scenario in 2.718e-05 seconds.
Scenario constructed in 1.41 seconds.
  Connecting to CARLA on port 2000
  Map loaded in simulator.
  Generated scene in 1 iterations, 0.01078 seconds.
  Beginning simulation of top-level scenario...
  Ran simulation in 19.19 seconds.
Beginning scenario construction...
pygame 2.6.1 (SDL 2.28.4, Python 3.10.12)
Hello from the pygame community. https://www.pygame.org/contribute.html
  Loading cached version of road network...
  Loaded cached network in 0.14 seconds.
  Pruning scenario...
  Pruned scenario in 2.67e-05 seconds.
Scenario constructed in 1.43 seconds.
  Connecting to CARLA on port 2000
  Map loaded in simulator.
  Generated scene in 3 iterations, 0.02034 seconds.
  Beginning simulation of top-level scenario...
  Ran simulation in 18.11 seconds.
Beginning scenario construction...
pygame 2.6.1 (SDL 2.28.4, Python 3.10.12)
Hello from the pygame community. https://www.pygame.org/contribute.html
  Loading cached version of road network...
  Loaded cached network in 0.14 seconds.
  Pruning scenario...
  Pruned scenario in 2.885e-05 seconds.
Scenario constructed in 1.44 seconds.
  Connecting to CARLA on port 2000
  Map loaded in simulator.
  Generated scene in 8 iterations, 0.04388 seconds.
  Beginning simulation of top-level scenario...
  Ran simulation in 18.51 seconds.
Beginning scenario construction...
pygame 2.6.1 (SDL 2.28.4, Python 3.10.12)
Hello from the pygame community. https://www.pygame.org/contribute.html
  Loading cached version of road network...
  Loaded cached network in 0.14 seconds.
  Pruning scenario...
  Pruned scenario in 2.67e-05 seconds.
Scenario constructed in 1.42 seconds.
  Connecting to CARLA on port 2000
  Map loaded in simulator.
  Generated scene in 3 iterations, 0.02139 seconds.
  Beginning simulation of top-level scenario...
  Ran simulation in 21.53 seconds.
Beginning scenario construction...
pygame 2.6.1 (SDL 2.28.4, Python 3.10.12)
Hello from the pygame community. https://www.pygame.org/contribute.html
  Loading cached version of road network...
  Loaded cached network in 0.14 seconds.
  Pruning scenario...
  Pruned scenario in 2.527e-05 seconds.
Scenario constructed in 1.44 seconds.
  Connecting to CARLA on port 2000
  Map loaded in simulator.
  Generated scene in 6 iterations, 0.03528 seconds.
  Beginning simulation of top-level scenario...
  Ran simulation in 17.5 seconds.
Beginning scenario construction...
pygame 2.6.1 (SDL 2.28.4, Python 3.10.12)
Hello from the pygame community. https://www.pygame.org/contribute.html
  Loading cached version of road network...
  Loaded cached network in 0.14 seconds.
  Pruning scenario...
  Pruned scenario in 3.076e-05 seconds.
Scenario constructed in 1.43 seconds.
  Connecting to CARLA on port 2000
  Map loaded in simulator.
  Generated scene in 4 iterations, 0.0258 seconds.
  Beginning simulation of top-level scenario...
  Ran simulation in 18.35 seconds.
Beginning scenario construction...
pygame 2.6.1 (SDL 2.28.4, Python 3.10.12)
Hello from the pygame community. https://www.pygame.org/contribute.html
  Loading cached version of road network...
  Loaded cached network in 0.14 seconds.
  Pruning scenario...
  Pruned scenario in 2.885e-05 seconds.
Scenario constructed in 1.42 seconds.
  Connecting to CARLA on port 2000
  Map loaded in simulator.
  Generated scene in 6 iterations, 0.03576 seconds.
  Beginning simulation of top-level scenario...
  Ran simulation in 18.09 seconds.
Beginning scenario construction...
pygame 2.6.1 (SDL 2.28.4, Python 3.10.12)
Hello from the pygame community. https://www.pygame.org/contribute.html
  Loading cached version of road network...
  Loaded cached network in 0.14 seconds.
  Pruning scenario...
  Pruned scenario in 2.67e-05 seconds.
Scenario constructed in 1.42 seconds.
  Connecting to CARLA on port 2000
  Map loaded in simulator.
  Generated scene in 11 iterations, 0.0609 seconds.
  Beginning simulation of top-level scenario...
  Ran simulation in 21.4 seconds.
Beginning scenario construction...
pygame 2.6.1 (SDL 2.28.4, Python 3.10.12)
Hello from the pygame community. https://www.pygame.org/contribute.html
  Loading cached version of road network...
  Loaded cached network in 0.14 seconds.
  Pruning scenario...
  Pruned scenario in 2.694e-05 seconds.
Scenario constructed in 1.43 seconds.
  Connecting to CARLA on port 2000
  Map loaded in simulator.
  Generated scene in 6 iterations, 0.03429 seconds.
  Beginning simulation of top-level scenario...
  Ran simulation in 17.99 seconds.
Beginning scenario construction...
pygame 2.6.1 (SDL 2.28.4, Python 3.10.12)
Hello from the pygame community. https://www.pygame.org/contribute.html
  Loading cached version of road network...
  Loaded cached network in 0.13 seconds.
  Pruning scenario...
  Pruned scenario in 3.028e-05 seconds.
Scenario constructed in 1.41 seconds.
  Connecting to CARLA on port 2000
  Map loaded in simulator.
  Generated scene in 4 iterations, 0.02579 seconds.
  Beginning simulation of top-level scenario...
  Ran simulation in 18.1 seconds.
Beginning scenario construction...
pygame 2.6.1 (SDL 2.28.4, Python 3.10.12)
Hello from the pygame community. https://www.pygame.org/contribute.html
  Loading cached version of road network...
  Loaded cached network in 0.14 seconds.
  Pruning scenario...
  Pruned scenario in 2.861e-05 seconds.
Scenario constructed in 1.41 seconds.
  Connecting to CARLA on port 2000
  Map loaded in simulator.
  Generated scene in 1 iterations, 0.01079 seconds.
  Beginning simulation of top-level scenario...
  Ran simulation in 18.63 seconds.
Beginning scenario construction...
pygame 2.6.1 (SDL 2.28.4, Python 3.10.12)
Hello from the pygame community. https://www.pygame.org/contribute.html
  Loading cached version of road network...
  Loaded cached network in 0.14 seconds.
  Pruning scenario...
  Pruned scenario in 2.813e-05 seconds.
Scenario constructed in 1.43 seconds.
  Connecting to CARLA on port 2000
  Map loaded in simulator.
  Generated scene in 1 iterations, 0.0108 seconds.
  Beginning simulation of top-level scenario...
  Ran simulation in 17.53 seconds.
Beginning scenario construction...
pygame 2.6.1 (SDL 2.28.4, Python 3.10.12)
Hello from the pygame community. https://www.pygame.org/contribute.html
  Loading cached version of road network...
  Loaded cached network in 0.14 seconds.
  Pruning scenario...
  Pruned scenario in 2.766e-05 seconds.
Scenario constructed in 1.43 seconds.
  Connecting to CARLA on port 2000
  Map loaded in simulator.
  Generated scene in 1 iterations, 0.01059 seconds.
  Beginning simulation of top-level scenario...
  Ran simulation in 18.37 seconds.
Beginning scenario construction...
pygame 2.6.1 (SDL 2.28.4, Python 3.10.12)
Hello from the pygame community. https://www.pygame.org/contribute.html
  Loading cached version of road network...
  Loaded cached network in 0.14 seconds.
  Pruning scenario...
  Pruned scenario in 2.885e-05 seconds.
Scenario constructed in 1.44 seconds.
  Connecting to CARLA on port 2000
  Map loaded in simulator.
  Generated scene in 3 iterations, 0.02125 seconds.
  Beginning simulation of top-level scenario...
  Ran simulation in 20.97 seconds.
Beginning scenario construction...
pygame 2.6.1 (SDL 2.28.4, Python 3.10.12)
Hello from the pygame community. https://www.pygame.org/contribute.html
  Loading cached version of road network...
  Loaded cached network in 0.14 seconds.
  Pruning scenario...
  Pruned scenario in 2.813e-05 seconds.
Scenario constructed in 1.42 seconds.
  Connecting to CARLA on port 2000
  Map loaded in simulator.
  Generated scene in 7 iterations, 0.04067 seconds.
  Beginning simulation of top-level scenario...
  Ran simulation in 19.43 seconds.
Beginning scenario construction...
pygame 2.6.1 (SDL 2.28.4, Python 3.10.12)
Hello from the pygame community. https://www.pygame.org/contribute.html
  Loading cached version of road network...
  Loaded cached network in 0.14 seconds.
  Pruning scenario...
  Pruned scenario in 2.885e-05 seconds.
Scenario constructed in 1.42 seconds.
  Connecting to CARLA on port 2000
  Map loaded in simulator.
  Generated scene in 5 iterations, 0.03029 seconds.
  Beginning simulation of top-level scenario...
  Ran simulation in 21.32 seconds.
Beginning scenario construction...
pygame 2.6.1 (SDL 2.28.4, Python 3.10.12)
Hello from the pygame community. https://www.pygame.org/contribute.html
  Loading cached version of road network...
  Loaded cached network in 0.14 seconds.
  Pruning scenario...
  Pruned scenario in 2.646e-05 seconds.
Scenario constructed in 1.43 seconds.
  Connecting to CARLA on port 2000
  Map loaded in simulator.
  Generated scene in 1 iterations, 0.01101 seconds.
  Beginning simulation of top-level scenario...
  Ran simulation in 21.21 seconds.
Beginning scenario construction...
pygame 2.6.1 (SDL 2.28.4, Python 3.10.12)
Hello from the pygame community. https://www.pygame.org/contribute.html
  Loading cached version of road network...
  Loaded cached network in 0.14 seconds.
  Pruning scenario...
  Pruned scenario in 2.933e-05 seconds.
Scenario constructed in 1.45 seconds.
  Connecting to CARLA on port 2000
  Map loaded in simulator.
  Generated scene in 2 iterations, 0.01608 seconds.
  Beginning simulation of top-level scenario...
  Ran simulation in 18.29 seconds.
Beginning scenario construction...
pygame 2.6.1 (SDL 2.28.4, Python 3.10.12)
Hello from the pygame community. https://www.pygame.org/contribute.html
  Loading cached version of road network...
  Loaded cached network in 0.14 seconds.
  Pruning scenario...
  Pruned scenario in 2.909e-05 seconds.
Scenario constructed in 1.43 seconds.
  Connecting to CARLA on port 2000
  Map loaded in simulator.
  Generated scene in 9 iterations, 0.05214 seconds.
  Beginning simulation of top-level scenario...
  Ran simulation in 19.69 seconds.
Beginning scenario construction...
pygame 2.6.1 (SDL 2.28.4, Python 3.10.12)
Hello from the pygame community. https://www.pygame.org/contribute.html
  Loading cached version of road network...
  Loaded cached network in 0.14 seconds.
  Pruning scenario...
  Pruned scenario in 2.837e-05 seconds.
Scenario constructed in 1.43 seconds.
  Connecting to CARLA on port 2000
  Map loaded in simulator.
  Generated scene in 1 iterations, 0.01087 seconds.
  Beginning simulation of top-level scenario...
  Ran simulation in 19.73 seconds.
Beginning scenario construction...
pygame 2.6.1 (SDL 2.28.4, Python 3.10.12)
Hello from the pygame community. https://www.pygame.org/contribute.html
  Loading cached version of road network...
  Loaded cached network in 0.14 seconds.
  Pruning scenario...
  Pruned scenario in 2.718e-05 seconds.
Scenario constructed in 1.42 seconds.
  Connecting to CARLA on port 2000
  Map loaded in simulator.
  Generated scene in 1 iterations, 0.01035 seconds.
  Beginning simulation of top-level scenario...
  Ran simulation in 18.94 seconds.
Beginning scenario construction...
pygame 2.6.1 (SDL 2.28.4, Python 3.10.12)
Hello from the pygame community. https://www.pygame.org/contribute.html
  Loading cached version of road network...
  Loaded cached network in 0.14 seconds.
  Pruning scenario...
  Pruned scenario in 2.861e-05 seconds.
Scenario constructed in 1.45 seconds.
  Connecting to CARLA on port 2000
  Map loaded in simulator.
  Generated scene in 1 iterations, 0.01079 seconds.
  Beginning simulation of top-level scenario...
  Ran simulation in 18.14 seconds.
Beginning scenario construction...
pygame 2.6.1 (SDL 2.28.4, Python 3.10.12)
Hello from the pygame community. https://www.pygame.org/contribute.html
  Loading cached version of road network...
  Loaded cached network in 0.14 seconds.
  Pruning scenario...
  Pruned scenario in 2.837e-05 seconds.
Scenario constructed in 1.42 seconds.
  Connecting to CARLA on port 2000
  Map loaded in simulator.
  Generated scene in 1 iterations, 0.01096 seconds.
  Beginning simulation of top-level scenario...
  Ran simulation in 19.23 seconds.
Beginning scenario construction...
pygame 2.6.1 (SDL 2.28.4, Python 3.10.12)
Hello from the pygame community. https://www.pygame.org/contribute.html
  Loading cached version of road network...
  Loaded cached network in 0.14 seconds.
  Pruning scenario...
  Pruned scenario in 3.004e-05 seconds.
Scenario constructed in 1.43 seconds.
  Connecting to CARLA on port 2000
  Map loaded in simulator.
  Generated scene in 4 iterations, 0.02616 seconds.
  Beginning simulation of top-level scenario...
  Ran simulation in 5.65 seconds.
Beginning scenario construction...
pygame 2.6.1 (SDL 2.28.4, Python 3.10.12)
Hello from the pygame community. https://www.pygame.org/contribute.html
  Loading cached version of road network...
  Loaded cached network in 0.14 seconds.
  Pruning scenario...
  Pruned scenario in 2.456e-05 seconds.
Scenario constructed in 1.42 seconds.
  Connecting to CARLA on port 2000
  Map loaded in simulator.
  Generated scene in 1 iterations, 0.01095 seconds.
  Beginning simulation of top-level scenario...
  Ran simulation in 18.14 seconds.
Beginning scenario construction...
pygame 2.6.1 (SDL 2.28.4, Python 3.10.12)
Hello from the pygame community. https://www.pygame.org/contribute.html
  Loading cached version of road network...
  Loaded cached network in 0.14 seconds.
  Pruning scenario...
  Pruned scenario in 3.028e-05 seconds.
Scenario constructed in 1.43 seconds.
  Connecting to CARLA on port 2000
  Map loaded in simulator.
  Generated scene in 2 iterations, 0.01599 seconds.
  Beginning simulation of top-level scenario...
  Ran simulation in 18.12 seconds.
Beginning scenario construction...
pygame 2.6.1 (SDL 2.28.4, Python 3.10.12)
Hello from the pygame community. https://www.pygame.org/contribute.html
  Loading cached version of road network...
  Loaded cached network in 0.14 seconds.
  Pruning scenario...
  Pruned scenario in 2.766e-05 seconds.
Scenario constructed in 1.42 seconds.
  Connecting to CARLA on port 2000
  Map loaded in simulator.
  Generated scene in 4 iterations, 0.026 seconds.
  Beginning simulation of top-level scenario...
  Ran simulation in 19.26 seconds.
Beginning scenario construction...
pygame 2.6.1 (SDL 2.28.4, Python 3.10.12)
Hello from the pygame community. https://www.pygame.org/contribute.html
  Loading cached version of road network...
  Loaded cached network in 0.14 seconds.
  Pruning scenario...
  Pruned scenario in 2.789e-05 seconds.
Scenario constructed in 1.45 seconds.
  Connecting to CARLA on port 2000
  Map loaded in simulator.
  Generated scene in 1 iterations, 0.01081 seconds.
  Beginning simulation of top-level scenario...
  Ran simulation in 17.71 seconds.
Beginning scenario construction...
pygame 2.6.1 (SDL 2.28.4, Python 3.10.12)
Hello from the pygame community. https://www.pygame.org/contribute.html
  Loading cached version of road network...
  Loaded cached network in 0.14 seconds.
  Pruning scenario...
  Pruned scenario in 2.575e-05 seconds.
Scenario constructed in 1.43 seconds.
  Connecting to CARLA on port 2000
  Map loaded in simulator.
  Generated scene in 8 iterations, 0.04425 seconds.
  Beginning simulation of top-level scenario...
  Ran simulation in 19.08 seconds.
Beginning scenario construction...
pygame 2.6.1 (SDL 2.28.4, Python 3.10.12)
Hello from the pygame community. https://www.pygame.org/contribute.html
  Loading cached version of road network...
  Loaded cached network in 0.14 seconds.
  Pruning scenario...
  Pruned scenario in 2.599e-05 seconds.
Scenario constructed in 1.41 seconds.
  Connecting to CARLA on port 2000
  Map loaded in simulator.
  Generated scene in 4 iterations, 0.02597 seconds.
  Beginning simulation of top-level scenario...
  Ran simulation in 18.61 seconds.
Beginning scenario construction...
pygame 2.6.1 (SDL 2.28.4, Python 3.10.12)
Hello from the pygame community. https://www.pygame.org/contribute.html
  Loading cached version of road network...
  Loaded cached network in 0.13 seconds.
  Pruning scenario...
  Pruned scenario in 2.646e-05 seconds.
Scenario constructed in 1.43 seconds.
  Connecting to CARLA on port 2000
  Map loaded in simulator.
  Generated scene in 10 iterations, 0.04999 seconds.
  Beginning simulation of top-level scenario...
  Ran simulation in 18.5 seconds.
Beginning scenario construction...
pygame 2.6.1 (SDL 2.28.4, Python 3.10.12)
Hello from the pygame community. https://www.pygame.org/contribute.html
  Loading cached version of road network...
  Loaded cached network in 0.14 seconds.
  Pruning scenario...
  Pruned scenario in 2.67e-05 seconds.
Scenario constructed in 1.42 seconds.
  Connecting to CARLA on port 2000
  Map loaded in simulator.
  Generated scene in 4 iterations, 0.02519 seconds.
  Beginning simulation of top-level scenario...
  Ran simulation in 20.12 seconds.
Beginning scenario construction...
pygame 2.6.1 (SDL 2.28.4, Python 3.10.12)
Hello from the pygame community. https://www.pygame.org/contribute.html
  Loading cached version of road network...
  Loaded cached network in 0.13 seconds.
  Pruning scenario...
  Pruned scenario in 2.646e-05 seconds.
Scenario constructed in 1.42 seconds.
  Connecting to CARLA on port 2000
  Map loaded in simulator.
  Generated scene in 1 iterations, 0.00964 seconds.
  Beginning simulation of top-level scenario...
  Ran simulation in 19.03 seconds.
Beginning scenario construction...
pygame 2.6.1 (SDL 2.28.4, Python 3.10.12)
Hello from the pygame community. https://www.pygame.org/contribute.html
  Loading cached version of road network...
  Loaded cached network in 0.14 seconds.
  Pruning scenario...
  Pruned scenario in 2.885e-05 seconds.
Scenario constructed in 1.42 seconds.
  Connecting to CARLA on port 2000
  Map loaded in simulator.
  Generated scene in 5 iterations, 0.03025 seconds.
  Beginning simulation of top-level scenario...
  Ran simulation in 17.45 seconds.
Beginning scenario construction...
pygame 2.6.1 (SDL 2.28.4, Python 3.10.12)
Hello from the pygame community. https://www.pygame.org/contribute.html
  Loading cached version of road network...
  Loaded cached network in 0.14 seconds.
  Pruning scenario...
  Pruned scenario in 2.956e-05 seconds.
Scenario constructed in 1.43 seconds.
  Connecting to CARLA on port 2000
  Map loaded in simulator.
  Generated scene in 1 iterations, 0.009699 seconds.
  Beginning simulation of top-level scenario...
  Ran simulation in 18.07 seconds.
Beginning scenario construction...
pygame 2.6.1 (SDL 2.28.4, Python 3.10.12)
Hello from the pygame community. https://www.pygame.org/contribute.html
  Loading cached version of road network...
  Loaded cached network in 0.14 seconds.
  Pruning scenario...
  Pruned scenario in 2.861e-05 seconds.
Scenario constructed in 1.43 seconds.
  Connecting to CARLA on port 2000
  Map loaded in simulator.
  Generated scene in 1 iterations, 0.01084 seconds.
  Beginning simulation of top-level scenario...
  Ran simulation in 19.25 seconds.
Beginning scenario construction...
pygame 2.6.1 (SDL 2.28.4, Python 3.10.12)
Hello from the pygame community. https://www.pygame.org/contribute.html
  Loading cached version of road network...
  Loaded cached network in 0.13 seconds.
  Pruning scenario...
  Pruned scenario in 2.67e-05 seconds.
Scenario constructed in 1.42 seconds.
  Connecting to CARLA on port 2000
  Map loaded in simulator.
  Generated scene in 6 iterations, 0.03546 seconds.
  Beginning simulation of top-level scenario...
  Ran simulation in 18.5 seconds.
Beginning scenario construction...
pygame 2.6.1 (SDL 2.28.4, Python 3.10.12)
Hello from the pygame community. https://www.pygame.org/contribute.html
  Loading cached version of road network...
  Loaded cached network in 0.14 seconds.
  Pruning scenario...
  Pruned scenario in 2.885e-05 seconds.
Scenario constructed in 1.43 seconds.
  Connecting to CARLA on port 2000
  Map loaded in simulator.
  Generated scene in 2 iterations, 0.01613 seconds.
  Beginning simulation of top-level scenario...
  Ran simulation in 18.12 seconds.
Beginning scenario construction...
pygame 2.6.1 (SDL 2.28.4, Python 3.10.12)
Hello from the pygame community. https://www.pygame.org/contribute.html
  Loading cached version of road network...
  Loaded cached network in 0.13 seconds.
  Pruning scenario...
  Pruned scenario in 2.599e-05 seconds.
Scenario constructed in 1.42 seconds.
  Connecting to CARLA on port 2000
  Map loaded in simulator.
  Generated scene in 2 iterations, 0.01585 seconds.
  Beginning simulation of top-level scenario...
Beginning scenario construction...
pygame 2.6.1 (SDL 2.28.4, Python 3.10.12)
Hello from the pygame community. https://www.pygame.org/contribute.html
  Loading cached version of road network...
  Loaded cached network in 0.14 seconds.
  Pruning scenario...
  Pruned scenario in 2.837e-05 seconds.
Scenario constructed in 1.44 seconds.
  Connecting to CARLA on port 2000
  Map loaded in simulator.
  Generated scene in 8 iterations, 0.04241 seconds.
  Beginning simulation of top-level scenario...
  Ran simulation in 18.69 seconds.
Beginning scenario construction...
pygame 2.6.1 (SDL 2.28.4, Python 3.10.12)
Hello from the pygame community. https://www.pygame.org/contribute.html
  Loading cached version of road network...
  Loaded cached network in 0.13 seconds.
  Pruning scenario...
  Pruned scenario in 2.527e-05 seconds.
Scenario constructed in 1.40 seconds.
  Connecting to CARLA on port 2000
  Map loaded in simulator.
  Generated scene in 1 iterations, 0.01089 seconds.
  Beginning simulation of top-level scenario...
  Ran simulation in 18.54 seconds.
Beginning scenario construction...
pygame 2.6.1 (SDL 2.28.4, Python 3.10.12)
Hello from the pygame community. https://www.pygame.org/contribute.html
  Loading cached version of road network...
  Loaded cached network in 0.14 seconds.
  Pruning scenario...
  Pruned scenario in 2.575e-05 seconds.
Scenario constructed in 1.43 seconds.
  Connecting to CARLA on port 2000
  Map loaded in simulator.
  Generated scene in 8 iterations, 0.04416 seconds.
  Beginning simulation of top-level scenario...
  Ran simulation in 17.91 seconds.
Beginning scenario construction...
pygame 2.6.1 (SDL 2.28.4, Python 3.10.12)
Hello from the pygame community. https://www.pygame.org/contribute.html
  Loading cached version of road network...
  Loaded cached network in 0.14 seconds.
  Pruning scenario...
  Pruned scenario in 3.099e-05 seconds.
Scenario constructed in 1.43 seconds.
  Connecting to CARLA on port 2000
  Map loaded in simulator.
  Generated scene in 3 iterations, 0.02137 seconds.
  Beginning simulation of top-level scenario...
  Ran simulation in 19.39 seconds.
Beginning scenario construction...
pygame 2.6.1 (SDL 2.28.4, Python 3.10.12)
Hello from the pygame community. https://www.pygame.org/contribute.html
  Loading cached version of road network...
  Loaded cached network in 0.14 seconds.
  Pruning scenario...
  Pruned scenario in 2.503e-05 seconds.
Scenario constructed in 1.45 seconds.
  Connecting to CARLA on port 2000
  Map loaded in simulator.
  Generated scene in 12 iterations, 0.06306 seconds.
  Beginning simulation of top-level scenario...
  Ran simulation in 17.96 seconds.
Beginning scenario construction...
pygame 2.6.1 (SDL 2.28.4, Python 3.10.12)
Hello from the pygame community. https://www.pygame.org/contribute.html
  Loading cached version of road network...
  Loaded cached network in 0.14 seconds.
  Pruning scenario...
  Pruned scenario in 2.646e-05 seconds.
Scenario constructed in 1.43 seconds.
  Connecting to CARLA on port 2000
  Map loaded in simulator.
  Generated scene in 8 iterations, 0.04523 seconds.
  Beginning simulation of top-level scenario...
  Ran simulation in 18.05 seconds.
Beginning scenario construction...
pygame 2.6.1 (SDL 2.28.4, Python 3.10.12)
Hello from the pygame community. https://www.pygame.org/contribute.html
  Loading cached version of road network...
  Loaded cached network in 0.14 seconds.
  Pruning scenario...
  Pruned scenario in 2.551e-05 seconds.
Scenario constructed in 1.44 seconds.
  Connecting to CARLA on port 2000
  Map loaded in simulator.
  Generated scene in 1 iterations, 0.01093 seconds.
  Beginning simulation of top-level scenario...
  Ran simulation in 19.3 seconds.
Beginning scenario construction...
pygame 2.6.1 (SDL 2.28.4, Python 3.10.12)
Hello from the pygame community. https://www.pygame.org/contribute.html
  Loading cached version of road network...
  Loaded cached network in 0.14 seconds.
  Pruning scenario...
  Pruned scenario in 2.837e-05 seconds.
Scenario constructed in 1.43 seconds.
  Connecting to CARLA on port 2000
  Map loaded in simulator.
  Generated scene in 3 iterations, 0.0211 seconds.
  Beginning simulation of top-level scenario...
  Ran simulation in 21.24 seconds.
Beginning scenario construction...
pygame 2.6.1 (SDL 2.28.4, Python 3.10.12)
Hello from the pygame community. https://www.pygame.org/contribute.html
  Loading cached version of road network...
  Loaded cached network in 0.14 seconds.
  Pruning scenario...
  Pruned scenario in 2.813e-05 seconds.
Scenario constructed in 1.43 seconds.
  Connecting to CARLA on port 2000
  Map loaded in simulator.
  Generated scene in 4 iterations, 0.026 seconds.
  Beginning simulation of top-level scenario...
  Ran simulation in 18.23 seconds.
Beginning scenario construction...
pygame 2.6.1 (SDL 2.28.4, Python 3.10.12)
Hello from the pygame community. https://www.pygame.org/contribute.html
  Loading cached version of road network...
  Loaded cached network in 0.14 seconds.
  Pruning scenario...
  Pruned scenario in 3.004e-05 seconds.
Scenario constructed in 1.42 seconds.
  Connecting to CARLA on port 2000
  Map loaded in simulator.
  Generated scene in 1 iterations, 0.01092 seconds.
  Beginning simulation of top-level scenario...
  Ran simulation in 18.79 seconds.
Beginning scenario construction...
pygame 2.6.1 (SDL 2.28.4, Python 3.10.12)
Hello from the pygame community. https://www.pygame.org/contribute.html
  Loading cached version of road network...
  Loaded cached network in 0.13 seconds.
  Pruning scenario...
  Pruned scenario in 2.885e-05 seconds.
Scenario constructed in 1.43 seconds.
  Connecting to CARLA on port 2000
  Map loaded in simulator.
  Generated scene in 1 iterations, 0.01107 seconds.
  Beginning simulation of top-level scenario...
  Ran simulation in 18.29 seconds.
Beginning scenario construction...
pygame 2.6.1 (SDL 2.28.4, Python 3.10.12)
Hello from the pygame community. https://www.pygame.org/contribute.html
  Loading cached version of road network...
  Loaded cached network in 0.14 seconds.
  Pruning scenario...
  Pruned scenario in 2.551e-05 seconds.
Scenario constructed in 1.40 seconds.
  Connecting to CARLA on port 2000
  Map loaded in simulator.
  Generated scene in 2 iterations, 0.01573 seconds.
  Beginning simulation of top-level scenario...
  Ran simulation in 19.32 seconds.
Beginning scenario construction...
pygame 2.6.1 (SDL 2.28.4, Python 3.10.12)
Hello from the pygame community. https://www.pygame.org/contribute.html
  Loading cached version of road network...
  Loaded cached network in 0.13 seconds.
  Pruning scenario...
  Pruned scenario in 2.623e-05 seconds.
Scenario constructed in 1.42 seconds.
  Connecting to CARLA on port 2000
  Map loaded in simulator.
  Generated scene in 20 iterations, 0.1075 seconds.
  Beginning simulation of top-level scenario...
  Ran simulation in 19.39 seconds.
Beginning scenario construction...
pygame 2.6.1 (SDL 2.28.4, Python 3.10.12)
Hello from the pygame community. https://www.pygame.org/contribute.html
  Loading cached version of road network...
  Loaded cached network in 0.14 seconds.
  Pruning scenario...
  Pruned scenario in 2.956e-05 seconds.
Scenario constructed in 1.42 seconds.
  Connecting to CARLA on port 2000
  Map loaded in simulator.
  Generated scene in 3 iterations, 0.01995 seconds.
  Beginning simulation of top-level scenario...
  Ran simulation in 19.43 seconds.
Beginning scenario construction...
pygame 2.6.1 (SDL 2.28.4, Python 3.10.12)
Hello from the pygame community. https://www.pygame.org/contribute.html
  Loading cached version of road network...
  Loaded cached network in 0.14 seconds.
  Pruning scenario...
  Pruned scenario in 2.503e-05 seconds.
Scenario constructed in 1.44 seconds.
  Connecting to CARLA on port 2000
  Map loaded in simulator.
  Generated scene in 1 iterations, 0.01093 seconds.
  Beginning simulation of top-level scenario...
  Ran simulation in 18.65 seconds.
Beginning scenario construction...
pygame 2.6.1 (SDL 2.28.4, Python 3.10.12)
Hello from the pygame community. https://www.pygame.org/contribute.html
  Loading cached version of road network...
  Loaded cached network in 0.14 seconds.
  Pruning scenario...
  Pruned scenario in 3.004e-05 seconds.
Scenario constructed in 1.43 seconds.
  Connecting to CARLA on port 2000
  Map loaded in simulator.
  Generated scene in 8 iterations, 0.04532 seconds.
  Beginning simulation of top-level scenario...
  Ran simulation in 19.57 seconds.
Beginning scenario construction...
pygame 2.6.1 (SDL 2.28.4, Python 3.10.12)
Hello from the pygame community. https://www.pygame.org/contribute.html
  Loading cached version of road network...
  Loaded cached network in 0.14 seconds.
  Pruning scenario...
  Pruned scenario in 2.742e-05 seconds.
Scenario constructed in 1.41 seconds.
  Connecting to CARLA on port 2000
  Map loaded in simulator.
  Generated scene in 8 iterations, 0.04376 seconds.
  Beginning simulation of top-level scenario...
  Ran simulation in 18.36 seconds.
Beginning scenario construction...
pygame 2.6.1 (SDL 2.28.4, Python 3.10.12)
Hello from the pygame community. https://www.pygame.org/contribute.html
  Loading cached version of road network...
  Loaded cached network in 0.14 seconds.
  Pruning scenario...
  Pruned scenario in 2.933e-05 seconds.
Scenario constructed in 1.42 seconds.
  Connecting to CARLA on port 2000
  Map loaded in simulator.
  Generated scene in 1 iterations, 0.01098 seconds.
  Beginning simulation of top-level scenario...
  Ran simulation in 18.42 seconds.
Beginning scenario construction...
pygame 2.6.1 (SDL 2.28.4, Python 3.10.12)
Hello from the pygame community. https://www.pygame.org/contribute.html
  Loading cached version of road network...
  Loaded cached network in 0.14 seconds.
  Pruning scenario...
  Pruned scenario in 2.837e-05 seconds.
Scenario constructed in 1.44 seconds.
  Connecting to CARLA on port 2000
  Map loaded in simulator.
  Generated scene in 5 iterations, 0.03078 seconds.
  Beginning simulation of top-level scenario...
  Ran simulation in 18.25 seconds.
Beginning scenario construction...
pygame 2.6.1 (SDL 2.28.4, Python 3.10.12)
Hello from the pygame community. https://www.pygame.org/contribute.html
  Loading cached version of road network...
  Loaded cached network in 0.14 seconds.
  Pruning scenario...
  Pruned scenario in 3.028e-05 seconds.
Scenario constructed in 1.43 seconds.
  Connecting to CARLA on port 2000
  Map loaded in simulator.
  Generated scene in 6 iterations, 0.03526 seconds.
  Beginning simulation of top-level scenario...
  Ran simulation in 18.55 seconds.
Beginning scenario construction...
pygame 2.6.1 (SDL 2.28.4, Python 3.10.12)
Hello from the pygame community. https://www.pygame.org/contribute.html
  Loading cached version of road network...
  Loaded cached network in 0.14 seconds.
  Pruning scenario...
  Pruned scenario in 2.861e-05 seconds.
Scenario constructed in 1.46 seconds.
  Connecting to CARLA on port 2000
  Map loaded in simulator.
  Generated scene in 2 iterations, 0.01634 seconds.
  Beginning simulation of top-level scenario...
  Ran simulation in 18.15 seconds.
Beginning scenario construction...
pygame 2.6.1 (SDL 2.28.4, Python 3.10.12)
Hello from the pygame community. https://www.pygame.org/contribute.html
  Loading cached version of road network...
  Loaded cached network in 0.14 seconds.
  Pruning scenario...
  Pruned scenario in 2.909e-05 seconds.
Scenario constructed in 1.44 seconds.
  Connecting to CARLA on port 2000
  Map loaded in simulator.
  Generated scene in 3 iterations, 0.02035 seconds.
  Beginning simulation of top-level scenario...
  Ran simulation in 18.91 seconds.
Beginning scenario construction...
pygame 2.6.1 (SDL 2.28.4, Python 3.10.12)
Hello from the pygame community. https://www.pygame.org/contribute.html
  Loading cached version of road network...
  Loaded cached network in 0.14 seconds.
  Pruning scenario...
  Pruned scenario in 2.837e-05 seconds.
Scenario constructed in 1.45 seconds.
  Connecting to CARLA on port 2000
  Map loaded in simulator.
  Generated scene in 3 iterations, 0.02128 seconds.
  Beginning simulation of top-level scenario...
  Ran simulation in 17.99 seconds.
Beginning scenario construction...
pygame 2.6.1 (SDL 2.28.4, Python 3.10.12)
Hello from the pygame community. https://www.pygame.org/contribute.html
  Loading cached version of road network...
  Loaded cached network in 0.13 seconds.
  Pruning scenario...
  Pruned scenario in 2.885e-05 seconds.
Scenario constructed in 1.42 seconds.
  Connecting to CARLA on port 2000
  Map loaded in simulator.
  Generated scene in 1 iterations, 0.01071 seconds.
  Beginning simulation of top-level scenario...
  Ran simulation in 19.58 seconds.
Beginning scenario construction...
pygame 2.6.1 (SDL 2.28.4, Python 3.10.12)
Hello from the pygame community. https://www.pygame.org/contribute.html
  Loading cached version of road network...
  Loaded cached network in 0.14 seconds.
  Pruning scenario...
  Pruned scenario in 2.933e-05 seconds.
Scenario constructed in 1.44 seconds.
  Connecting to CARLA on port 2000
  Map loaded in simulator.
  Generated scene in 1 iterations, 0.01087 seconds.
  Beginning simulation of top-level scenario...
  Ran simulation in 16.96 seconds.
Beginning scenario construction...
pygame 2.6.1 (SDL 2.28.4, Python 3.10.12)
Hello from the pygame community. https://www.pygame.org/contribute.html
  Loading cached version of road network...
  Loaded cached network in 0.14 seconds.
  Pruning scenario...
  Pruned scenario in 2.861e-05 seconds.
Scenario constructed in 1.43 seconds.
  Connecting to CARLA on port 2000
  Map loaded in simulator.
  Generated scene in 7 iterations, 0.03839 seconds.
  Beginning simulation of top-level scenario...
  Ran simulation in 18.23 seconds.
Beginning scenario construction...
pygame 2.6.1 (SDL 2.28.4, Python 3.10.12)
Hello from the pygame community. https://www.pygame.org/contribute.html
  Loading cached version of road network...
  Loaded cached network in 0.14 seconds.
  Pruning scenario...
  Pruned scenario in 2.718e-05 seconds.
Scenario constructed in 1.46 seconds.
  Connecting to CARLA on port 2000
  Map loaded in simulator.
  Generated scene in 8 iterations, 0.04642 seconds.
  Beginning simulation of top-level scenario...
  Ran simulation in 17.59 seconds.
Beginning scenario construction...
pygame 2.6.1 (SDL 2.28.4, Python 3.10.12)
Hello from the pygame community. https://www.pygame.org/contribute.html
  Loading cached version of road network...
  Loaded cached network in 0.14 seconds.
  Pruning scenario...
  Pruned scenario in 2.909e-05 seconds.
Scenario constructed in 1.44 seconds.
  Connecting to CARLA on port 2000
  Map loaded in simulator.
  Generated scene in 2 iterations, 0.01594 seconds.
  Beginning simulation of top-level scenario...
  Ran simulation in 18.65 seconds.
Beginning scenario construction...
pygame 2.6.1 (SDL 2.28.4, Python 3.10.12)
Hello from the pygame community. https://www.pygame.org/contribute.html
  Loading cached version of road network...
  Loaded cached network in 0.14 seconds.
  Pruning scenario...
  Pruned scenario in 2.742e-05 seconds.
Scenario constructed in 1.44 seconds.
  Connecting to CARLA on port 2000
  Map loaded in simulator.
  Generated scene in 1 iterations, 0.01082 seconds.
  Beginning simulation of top-level scenario...
  Ran simulation in 17.44 seconds.
Beginning scenario construction...
pygame 2.6.1 (SDL 2.28.4, Python 3.10.12)
Hello from the pygame community. https://www.pygame.org/contribute.html
  Loading cached version of road network...
  Loaded cached network in 0.14 seconds.
  Pruning scenario...
  Pruned scenario in 2.575e-05 seconds.
Scenario constructed in 1.43 seconds.
  Connecting to CARLA on port 2000
  Map loaded in simulator.
  Generated scene in 1 iterations, 0.01097 seconds.
  Beginning simulation of top-level scenario...
  Ran simulation in 21.38 seconds.
Beginning scenario construction...
pygame 2.6.1 (SDL 2.28.4, Python 3.10.12)
Hello from the pygame community. https://www.pygame.org/contribute.html
  Loading cached version of road network...
  Loaded cached network in 0.14 seconds.
  Pruning scenario...
  Pruned scenario in 2.551e-05 seconds.
Scenario constructed in 1.42 seconds.
  Connecting to CARLA on port 2000
  Map loaded in simulator.
  Generated scene in 5 iterations, 0.03053 seconds.
  Beginning simulation of top-level scenario...
  Ran simulation in 19.63 seconds.
Beginning scenario construction...
pygame 2.6.1 (SDL 2.28.4, Python 3.10.12)
Hello from the pygame community. https://www.pygame.org/contribute.html
  Loading cached version of road network...
  Loaded cached network in 0.14 seconds.
  Pruning scenario...
  Pruned scenario in 2.456e-05 seconds.
Scenario constructed in 1.42 seconds.
  Connecting to CARLA on port 2000
  Map loaded in simulator.
  Generated scene in 8 iterations, 0.0423 seconds.
  Beginning simulation of top-level scenario...
  Ran simulation in 19 seconds.
Beginning scenario construction...
pygame 2.6.1 (SDL 2.28.4, Python 3.10.12)
Hello from the pygame community. https://www.pygame.org/contribute.html
  Loading cached version of road network...
  Loaded cached network in 0.14 seconds.
  Pruning scenario...
  Pruned scenario in 2.813e-05 seconds.
Scenario constructed in 1.45 seconds.
  Connecting to CARLA on port 2000
  Map loaded in simulator.
  Generated scene in 5 iterations, 0.02962 seconds.
  Beginning simulation of top-level scenario...
  Ran simulation in 18.61 seconds.
Beginning scenario construction...
pygame 2.6.1 (SDL 2.28.4, Python 3.10.12)
Hello from the pygame community. https://www.pygame.org/contribute.html
  Loading cached version of road network...
  Loaded cached network in 0.14 seconds.
  Pruning scenario...
  Pruned scenario in 2.742e-05 seconds.
Scenario constructed in 1.41 seconds.
  Connecting to CARLA on port 2000
  Map loaded in simulator.
  Generated scene in 4 iterations, 0.02583 seconds.
  Beginning simulation of top-level scenario...
  Ran simulation in 17.84 seconds.
Beginning scenario construction...
pygame 2.6.1 (SDL 2.28.4, Python 3.10.12)
Hello from the pygame community. https://www.pygame.org/contribute.html
  Loading cached version of road network...
  Loaded cached network in 0.14 seconds.
  Pruning scenario...
  Pruned scenario in 2.646e-05 seconds.
Scenario constructed in 1.43 seconds.
  Connecting to CARLA on port 2000
  Map loaded in simulator.
  Generated scene in 1 iterations, 0.01103 seconds.
  Beginning simulation of top-level scenario...
  Ran simulation in 6.122 seconds.
Executing sim 0
Simulation 0 failed. Retrying...
Executing sim 1
Executing sim 2
Executing sim 3
Executing sim 4
Executing sim 5
Executing sim 6
Executing sim 7
Executing sim 8
Executing sim 9
Executing sim 10
Executing sim 11
Executing sim 12
Executing sim 13
Executing sim 14
Executing sim 15
Executing sim 16
Executing sim 17
Executing sim 18
Executing sim 19
Executing sim 20
Executing sim 21
Executing sim 22
Executing sim 23
Executing sim 24
Executing sim 25
Executing sim 26
Executing sim 27
Executing sim 28
Executing sim 29
Executing sim 30
Executing sim 31
Executing sim 32
Executing sim 33
Executing sim 34
Executing sim 35
Executing sim 36
Executing sim 37
Executing sim 38
Executing sim 39
Executing sim 40
Executing sim 41
Executing sim 42
Executing sim 43
Executing sim 44
Executing sim 45
Executing sim 46
Executing sim 47
Executing sim 48
Executing sim 49
Executing sim 50
Executing sim 51
Executing sim 52
Executing sim 53
Executing sim 54
Executing sim 55
Executing sim 56
Executing sim 57
Executing sim 58
Executing sim 59
Executing sim 60
Executing sim 61
Executing sim 62
Executing sim 63
Executing sim 64
Executing sim 65
Executing sim 66
Executing sim 67
Executing sim 68
Executing sim 69
Executing sim 70
Executing sim 71
Executing sim 72
Executing sim 73
Executing sim 74
Executing sim 75
Executing sim 76
Executing sim 77
Executing sim 78
Executing sim 79
Executing sim 80
Executing sim 81
Executing sim 82
Executing sim 83
Executing sim 84
Executing sim 85
Executing sim 86
Executing sim 87
Executing sim 88
Executing sim 89
Executing sim 90
Executing sim 91
Executing sim 92
Executing sim 93
Executing sim 94
Executing sim 95
Executing sim 96
Executing sim 97
Executing sim 98
Executing sim 99
Executing sim 100
Executing sim 101
Executing sim 102
Executing sim 103
Executing sim 104
Executing sim 105
Executing sim 106
Executing sim 107
Executing sim 108
Executing sim 109
Executing sim 110
Executing sim 111
Executing sim 112
Executing sim 113
Executing sim 114
Executing sim 115
Executing sim 116
Executing sim 117
Executing sim 118
Executing sim 119
Executing sim 120
Executing sim 121
Executing sim 122
Executing sim 123
Executing sim 124
Executing sim 125
Executing sim 126
Executing sim 127
Executing sim 128
Executing sim 129
Executing sim 130
Executing sim 131
Executing sim 132
Executing sim 133
Executing sim 134
Executing sim 135
Executing sim 136
Executing sim 137
Executing sim 138
Executing sim 139
Executing sim 140
Executing sim 141
Executing sim 142
Executing sim 143
Executing sim 144
Executing sim 145
Executing sim 146
Executing sim 147
Executing sim 148
Executing sim 149
Executing sim 150
Executing sim 151
Executing sim 152
Executing sim 153
Executing sim 154
Executing sim 155
Executing sim 156
Executing sim 157
Executing sim 158
Executing sim 159
Executing sim 160
Simulation 160 failed. Retrying...
Executing sim 161
Executing sim 162
Executing sim 163
Executing sim 164
Executing sim 165
Executing sim 166
Executing sim 167
Executing sim 168
Executing sim 169
Executing sim 170
Executing sim 171
Executing sim 172
Executing sim 173
Executing sim 174
Executing sim 175
Executing sim 176
Executing sim 177
Executing sim 178
Executing sim 179
Executing sim 180
Executing sim 181
Executing sim 182
Executing sim 183
Executing sim 184
Executing sim 185
Executing sim 186
Executing sim 187
Executing sim 188
Executing sim 189
Executing sim 190
Executing sim 191
Executing sim 192
Executing sim 193
Executing sim 194
Executing sim 195
Executing sim 196
Executing sim 197
Executing sim 198
Executing sim 199
Executing sim 200
Executing sim 201
Executing sim 202
Executing sim 203
Executing sim 204
Executing sim 205
Executing sim 206
Executing sim 207
Executing sim 208
Executing sim 209
Executing sim 210
Executing sim 211
Executing sim 212
Executing sim 213
Executing sim 214
Executing sim 215
Executing sim 216
Executing sim 217
Executing sim 218
Executing sim 219
Executing sim 220
Executing sim 221
Executing sim 222
Executing sim 223
Executing sim 224
Executing sim 225
Executing sim 226
Executing sim 227
Executing sim 228
Executing sim 229
Executing sim 230
Executing sim 231
Executing sim 232
Executing sim 233
Executing sim 234
Executing sim 235
Executing sim 236
Executing sim 237
Executing sim 238
Executing sim 239
Executing sim 240
Executing sim 241
Executing sim 242
Executing sim 243
Executing sim 244
Executing sim 245
Executing sim 246
Executing sim 247
Executing sim 248
Executing sim 249
Executing sim 250
Executing sim 251
Executing sim 252
Executing sim 253
Executing sim 254
Executing sim 255
Executing sim 256
Executing sim 257
Executing sim 258
Executing sim 259
Executing sim 260
Executing sim 261
Executing sim 262
Executing sim 263
Executing sim 264
Executing sim 265
Executing sim 266
Executing sim 267
Executing sim 268
Executing sim 269
Executing sim 270
Executing sim 271
Executing sim 272
Executing sim 273
Executing sim 274
Executing sim 275
Executing sim 276
Executing sim 277
Executing sim 278
Executing sim 279
Executing sim 280
Executing sim 281
Executing sim 282
Executing sim 283
Executing sim 284
Executing sim 285
Executing sim 286
Executing sim 287
Executing sim 288
Executing sim 289
Executing sim 290
Executing sim 291
Executing sim 292
Executing sim 293
Executing sim 294
Executing sim 295
Executing sim 296
Executing sim 297
Executing sim 298
Executing sim 299
Executing sim 300
Executing sim 301
Executing sim 302
Executing sim 303
Executing sim 304
Executing sim 305
Executing sim 306
Executing sim 307
Executing sim 308
Executing sim 309
Executing sim 310
Executing sim 311
Executing sim 312
Executing sim 313
Executing sim 314
Executing sim 315
Executing sim 316
Executing sim 317
Executing sim 318
Executing sim 319
Executing sim 320
Executing sim 321
Executing sim 322
Executing sim 323
Executing sim 324
Executing sim 325
Executing sim 326
Executing sim 327
Executing sim 328
Executing sim 329
Executing sim 330
Executing sim 331
Executing sim 332
Executing sim 333
Executing sim 334
Executing sim 335
Executing sim 336
Executing sim 337
Executing sim 338
Executing sim 339
Executing sim 340
Executing sim 341
Executing sim 342
Executing sim 343
Executing sim 344
Executing sim 345
Executing sim 346
Executing sim 347
Executing sim 348
Executing sim 349
Executing sim 350
Executing sim 351
Executing sim 352
Executing sim 353
Executing sim 354
Executing sim 355
Executing sim 356
Executing sim 357
Executing sim 358
Executing sim 359
Executing sim 360
Executing sim 361
Executing sim 362
Executing sim 363
Executing sim 364
Executing sim 365
Executing sim 366
Executing sim 367
Executing sim 368
Executing sim 369
Executing sim 370
Executing sim 371
Executing sim 372
Executing sim 373
Executing sim 374
Executing sim 375
Executing sim 376
Executing sim 377
Executing sim 378
Executing sim 379
Executing sim 380
Executing sim 381
Executing sim 382
Executing sim 383
Executing sim 384
Executing sim 385
Executing sim 386
Executing sim 387
Executing sim 388
Executing sim 389
Executing sim 390
Executing sim 391
Executing sim 392
Executing sim 393
Executing sim 394
Executing sim 395
Executing sim 396
Executing sim 397
Executing sim 398
Executing sim 399
Executing sim 400
Executing sim 401
Executing sim 402
Executing sim 403
Executing sim 404
Executing sim 405
Executing sim 406
Executing sim 407
Executing sim 408
Executing sim 409
Executing sim 410
Executing sim 411
Executing sim 412
Executing sim 413
Executing sim 414
Executing sim 415
Executing sim 416
Executing sim 417
Executing sim 418
Executing sim 419
Executing sim 420
Simulation 420 failed. Retrying...
Executing sim 421
Executing sim 422
Executing sim 423
Executing sim 424
Executing sim 425
Executing sim 426
Executing sim 427
Executing sim 428
Executing sim 429
Executing sim 430
Executing sim 431
Executing sim 432
Executing sim 433
Executing sim 434
Executing sim 435
Executing sim 436
Executing sim 437
Executing sim 438
Executing sim 439
Executing sim 440
Executing sim 441
Executing sim 442
Executing sim 443
Executing sim 444
Executing sim 445
Executing sim 446
Executing sim 447
Executing sim 448
Executing sim 449
Executing sim 450
Executing sim 451
Executing sim 452
Executing sim 453
Executing sim 454
Beginning scenario construction...
pygame 2.6.1 (SDL 2.28.4, Python 3.10.12)
Hello from the pygame community. https://www.pygame.org/contribute.html
  Loading cached version of road network...
  Loaded cached network in 0.14 seconds.
  Pruning scenario...
  Pruned scenario in 2.909e-05 seconds.
Scenario constructed in 1.43 seconds.
  Connecting to CARLA on port 2000
  Map loaded in simulator.
  Generated scene in 6 iterations, 0.03532 seconds.
  Beginning simulation of top-level scenario...
  Ran simulation in 17.78 seconds.
Beginning scenario construction...
pygame 2.6.1 (SDL 2.28.4, Python 3.10.12)
Hello from the pygame community. https://www.pygame.org/contribute.html
  Loading cached version of road network...
  Loaded cached network in 0.14 seconds.
  Pruning scenario...
  Pruned scenario in 2.98e-05 seconds.
Scenario constructed in 1.44 seconds.
  Connecting to CARLA on port 2000
  Map loaded in simulator.
  Generated scene in 1 iterations, 0.01109 seconds.
  Beginning simulation of top-level scenario...
  Ran simulation in 19.13 seconds.
Beginning scenario construction...
pygame 2.6.1 (SDL 2.28.4, Python 3.10.12)
Hello from the pygame community. https://www.pygame.org/contribute.html
  Loading cached version of road network...
  Loaded cached network in 0.14 seconds.
  Pruning scenario...
  Pruned scenario in 3.004e-05 seconds.
Scenario constructed in 1.44 seconds.
  Connecting to CARLA on port 2000
  Map loaded in simulator.
  Generated scene in 4 iterations, 0.02555 seconds.
  Beginning simulation of top-level scenario...
  Ran simulation in 19.62 seconds.
Beginning scenario construction...
pygame 2.6.1 (SDL 2.28.4, Python 3.10.12)
Hello from the pygame community. https://www.pygame.org/contribute.html
  Loading cached version of road network...
  Loaded cached network in 0.14 seconds.
  Pruning scenario...
  Pruned scenario in 2.623e-05 seconds.
Scenario constructed in 1.43 seconds.
  Connecting to CARLA on port 2000
  Map loaded in simulator.
  Generated scene in 1 iterations, 0.01089 seconds.
  Beginning simulation of top-level scenario...
  Ran simulation in 19.59 seconds.
Beginning scenario construction...
pygame 2.6.1 (SDL 2.28.4, Python 3.10.12)
Hello from the pygame community. https://www.pygame.org/contribute.html
  Loading cached version of road network...
  Loaded cached network in 0.14 seconds.
  Pruning scenario...
  Pruned scenario in 3.099e-05 seconds.
Scenario constructed in 1.44 seconds.
  Connecting to CARLA on port 2000
  Map loaded in simulator.
  Generated scene in 4 iterations, 0.02528 seconds.
  Beginning simulation of top-level scenario...
  Ran simulation in 21.71 seconds.
Beginning scenario construction...
pygame 2.6.1 (SDL 2.28.4, Python 3.10.12)
Hello from the pygame community. https://www.pygame.org/contribute.html
  Loading cached version of road network...
  Loaded cached network in 0.14 seconds.
  Pruning scenario...
  Pruned scenario in 2.551e-05 seconds.
Scenario constructed in 1.44 seconds.
  Connecting to CARLA on port 2000
  Map loaded in simulator.
  Generated scene in 3 iterations, 0.02041 seconds.
  Beginning simulation of top-level scenario...
  Ran simulation in 19.47 seconds.
Beginning scenario construction...
pygame 2.6.1 (SDL 2.28.4, Python 3.10.12)
Hello from the pygame community. https://www.pygame.org/contribute.html
  Loading cached version of road network...
  Loaded cached network in 0.14 seconds.
  Pruning scenario...
  Pruned scenario in 3.338e-05 seconds.
Scenario constructed in 1.46 seconds.
  Connecting to CARLA on port 2000
  Map loaded in simulator.
  Generated scene in 1 iterations, 0.01099 seconds.
  Beginning simulation of top-level scenario...
  Ran simulation in 21.46 seconds.
Beginning scenario construction...
pygame 2.6.1 (SDL 2.28.4, Python 3.10.12)
Hello from the pygame community. https://www.pygame.org/contribute.html
  Loading cached version of road network...
  Loaded cached network in 0.14 seconds.
  Pruning scenario...
  Pruned scenario in 2.742e-05 seconds.
Scenario constructed in 1.44 seconds.
  Connecting to CARLA on port 2000
  Map loaded in simulator.
  Generated scene in 2 iterations, 0.01612 seconds.
  Beginning simulation of top-level scenario...
  Ran simulation in 18.46 seconds.
Beginning scenario construction...
pygame 2.6.1 (SDL 2.28.4, Python 3.10.12)
Hello from the pygame community. https://www.pygame.org/contribute.html
  Loading cached version of road network...
  Loaded cached network in 0.14 seconds.
  Pruning scenario...
  Pruned scenario in 3.409e-05 seconds.
Scenario constructed in 1.43 seconds.
  Connecting to CARLA on port 2000
  Map loaded in simulator.
  Generated scene in 7 iterations, 0.03817 seconds.
  Beginning simulation of top-level scenario...
  Ran simulation in 18.76 seconds.
Beginning scenario construction...
pygame 2.6.1 (SDL 2.28.4, Python 3.10.12)
Hello from the pygame community. https://www.pygame.org/contribute.html
  Loading cached version of road network...
  Loaded cached network in 0.14 seconds.
  Pruning scenario...
  Pruned scenario in 2.551e-05 seconds.
Scenario constructed in 1.43 seconds.
  Connecting to CARLA on port 2000
  Map loaded in simulator.
  Generated scene in 4 iterations, 0.02364 seconds.
  Beginning simulation of top-level scenario...
  Ran simulation in 20.04 seconds.
Beginning scenario construction...
pygame 2.6.1 (SDL 2.28.4, Python 3.10.12)
Hello from the pygame community. https://www.pygame.org/contribute.html
  Loading cached version of road network...
  Loaded cached network in 0.14 seconds.
  Pruning scenario...
  Pruned scenario in 2.956e-05 seconds.
Scenario constructed in 1.42 seconds.
  Connecting to CARLA on port 2000
  Map loaded in simulator.
  Generated scene in 2 iterations, 0.01611 seconds.
  Beginning simulation of top-level scenario...
  Ran simulation in 19.07 seconds.
Beginning scenario construction...
pygame 2.6.1 (SDL 2.28.4, Python 3.10.12)
Hello from the pygame community. https://www.pygame.org/contribute.html
  Loading cached version of road network...
  Loaded cached network in 0.14 seconds.
  Pruning scenario...
  Pruned scenario in 2.623e-05 seconds.
Scenario constructed in 1.43 seconds.
  Connecting to CARLA on port 2000
  Map loaded in simulator.
  Generated scene in 8 iterations, 0.0448 seconds.
  Beginning simulation of top-level scenario...
  Ran simulation in 18.46 seconds.
Beginning scenario construction...
pygame 2.6.1 (SDL 2.28.4, Python 3.10.12)
Hello from the pygame community. https://www.pygame.org/contribute.html
  Loading cached version of road network...
  Loaded cached network in 0.14 seconds.
  Pruning scenario...
  Pruned scenario in 2.575e-05 seconds.
Scenario constructed in 1.45 seconds.
  Connecting to CARLA on port 2000
  Map loaded in simulator.
  Generated scene in 3 iterations, 0.02091 seconds.
  Beginning simulation of top-level scenario...
  Ran simulation in 18.48 seconds.
Beginning scenario construction...
pygame 2.6.1 (SDL 2.28.4, Python 3.10.12)
Hello from the pygame community. https://www.pygame.org/contribute.html
  Loading cached version of road network...
  Loaded cached network in 0.14 seconds.
  Pruning scenario...
  Pruned scenario in 2.766e-05 seconds.
Scenario constructed in 1.45 seconds.
  Connecting to CARLA on port 2000
  Map loaded in simulator.
  Generated scene in 2 iterations, 0.01613 seconds.
  Beginning simulation of top-level scenario...
  Ran simulation in 20.03 seconds.
Beginning scenario construction...
pygame 2.6.1 (SDL 2.28.4, Python 3.10.12)
Hello from the pygame community. https://www.pygame.org/contribute.html
  Loading cached version of road network...
  Loaded cached network in 0.14 seconds.
  Pruning scenario...
  Pruned scenario in 2.98e-05 seconds.
Scenario constructed in 1.43 seconds.
  Connecting to CARLA on port 2000
  Map loaded in simulator.
  Generated scene in 5 iterations, 0.03037 seconds.
  Beginning simulation of top-level scenario...
  Ran simulation in 18.9 seconds.
Beginning scenario construction...
pygame 2.6.1 (SDL 2.28.4, Python 3.10.12)
Hello from the pygame community. https://www.pygame.org/contribute.html
  Loading cached version of road network...
  Loaded cached network in 0.14 seconds.
  Pruning scenario...
  Pruned scenario in 3.791e-05 seconds.
Scenario constructed in 1.44 seconds.
  Connecting to CARLA on port 2000
  Map loaded in simulator.
  Generated scene in 3 iterations, 0.02127 seconds.
  Beginning simulation of top-level scenario...
  Ran simulation in 18.69 seconds.
Beginning scenario construction...
pygame 2.6.1 (SDL 2.28.4, Python 3.10.12)
Hello from the pygame community. https://www.pygame.org/contribute.html
  Loading cached version of road network...
  Loaded cached network in 0.14 seconds.
  Pruning scenario...
  Pruned scenario in 2.766e-05 seconds.
Scenario constructed in 1.44 seconds.
  Connecting to CARLA on port 2000
  Map loaded in simulator.
  Generated scene in 5 iterations, 0.02947 seconds.
  Beginning simulation of top-level scenario...
  Ran simulation in 18.52 seconds.
Beginning scenario construction...
pygame 2.6.1 (SDL 2.28.4, Python 3.10.12)
Hello from the pygame community. https://www.pygame.org/contribute.html
  Loading cached version of road network...
  Loaded cached network in 0.14 seconds.
  Pruning scenario...
  Pruned scenario in 2.694e-05 seconds.
Scenario constructed in 1.44 seconds.
  Connecting to CARLA on port 2000
  Map loaded in simulator.
  Generated scene in 1 iterations, 0.01124 seconds.
  Beginning simulation of top-level scenario...
  Ran simulation in 20.04 seconds.
Beginning scenario construction...
pygame 2.6.1 (SDL 2.28.4, Python 3.10.12)
Hello from the pygame community. https://www.pygame.org/contribute.html
  Loading cached version of road network...
  Loaded cached network in 0.13 seconds.
  Pruning scenario...
  Pruned scenario in 2.837e-05 seconds.
Scenario constructed in 1.45 seconds.
  Connecting to CARLA on port 2000
  Map loaded in simulator.
  Generated scene in 9 iterations, 0.05082 seconds.
  Beginning simulation of top-level scenario...
  Ran simulation in 21.22 seconds.
Beginning scenario construction...
pygame 2.6.1 (SDL 2.28.4, Python 3.10.12)
Hello from the pygame community. https://www.pygame.org/contribute.html
  Loading cached version of road network...
  Loaded cached network in 0.14 seconds.
  Pruning scenario...
  Pruned scenario in 2.766e-05 seconds.
Scenario constructed in 1.45 seconds.
  Connecting to CARLA on port 2000
  Map loaded in simulator.
  Generated scene in 2 iterations, 0.01582 seconds.
  Beginning simulation of top-level scenario...
  Ran simulation in 19.21 seconds.
Beginning scenario construction...
pygame 2.6.1 (SDL 2.28.4, Python 3.10.12)
Hello from the pygame community. https://www.pygame.org/contribute.html
  Loading cached version of road network...
  Loaded cached network in 0.14 seconds.
  Pruning scenario...
  Pruned scenario in 2.98e-05 seconds.
Scenario constructed in 1.47 seconds.
  Connecting to CARLA on port 2000
  Map loaded in simulator.
  Generated scene in 3 iterations, 0.02113 seconds.
  Beginning simulation of top-level scenario...
  Ran simulation in 19.18 seconds.
Beginning scenario construction...
pygame 2.6.1 (SDL 2.28.4, Python 3.10.12)
Hello from the pygame community. https://www.pygame.org/contribute.html
  Loading cached version of road network...
  Loaded cached network in 0.13 seconds.
  Pruning scenario...
  Pruned scenario in 2.837e-05 seconds.
Scenario constructed in 1.43 seconds.
  Connecting to CARLA on port 2000
  Map loaded in simulator.
  Generated scene in 9 iterations, 0.05245 seconds.
  Beginning simulation of top-level scenario...
  Ran simulation in 20.18 seconds.
Beginning scenario construction...
pygame 2.6.1 (SDL 2.28.4, Python 3.10.12)
Hello from the pygame community. https://www.pygame.org/contribute.html
  Loading cached version of road network...
  Loaded cached network in 0.14 seconds.
  Pruning scenario...
  Pruned scenario in 2.766e-05 seconds.
Scenario constructed in 1.44 seconds.
  Connecting to CARLA on port 2000
  Map loaded in simulator.
  Generated scene in 1 iterations, 0.01113 seconds.
  Beginning simulation of top-level scenario...
  Ran simulation in 21.52 seconds.
Beginning scenario construction...
pygame 2.6.1 (SDL 2.28.4, Python 3.10.12)
Hello from the pygame community. https://www.pygame.org/contribute.html
  Loading cached version of road network...
  Loaded cached network in 0.14 seconds.
  Pruning scenario...
  Pruned scenario in 2.813e-05 seconds.
Scenario constructed in 1.45 seconds.
  Connecting to CARLA on port 2000
  Map loaded in simulator.
  Generated scene in 2 iterations, 0.01594 seconds.
  Beginning simulation of top-level scenario...
  Ran simulation in 18.61 seconds.
Beginning scenario construction...
pygame 2.6.1 (SDL 2.28.4, Python 3.10.12)
Hello from the pygame community. https://www.pygame.org/contribute.html
  Loading cached version of road network...
  Loaded cached network in 0.14 seconds.
  Pruning scenario...
  Pruned scenario in 2.837e-05 seconds.
Scenario constructed in 1.45 seconds.
  Connecting to CARLA on port 2000
  Map loaded in simulator.
  Generated scene in 3 iterations, 0.02176 seconds.
  Beginning simulation of top-level scenario...
  Ran simulation in 19.53 seconds.
Beginning scenario construction...
pygame 2.6.1 (SDL 2.28.4, Python 3.10.12)
Hello from the pygame community. https://www.pygame.org/contribute.html
  Loading cached version of road network...
  Loaded cached network in 0.14 seconds.
  Pruning scenario...
  Pruned scenario in 2.766e-05 seconds.
Scenario constructed in 1.44 seconds.
  Connecting to CARLA on port 2000
  Map loaded in simulator.
  Generated scene in 9 iterations, 0.05088 seconds.
  Beginning simulation of top-level scenario...
  Ran simulation in 19.3 seconds.
Beginning scenario construction...
pygame 2.6.1 (SDL 2.28.4, Python 3.10.12)
Hello from the pygame community. https://www.pygame.org/contribute.html
  Loading cached version of road network...
  Loaded cached network in 0.14 seconds.
  Pruning scenario...
  Pruned scenario in 2.956e-05 seconds.
Scenario constructed in 1.43 seconds.
  Connecting to CARLA on port 2000
  Map loaded in simulator.
  Generated scene in 2 iterations, 0.0165 seconds.
  Beginning simulation of top-level scenario...
  Ran simulation in 21.68 seconds.
Beginning scenario construction...
pygame 2.6.1 (SDL 2.28.4, Python 3.10.12)
Hello from the pygame community. https://www.pygame.org/contribute.html
  Loading cached version of road network...
  Loaded cached network in 0.14 seconds.
  Pruning scenario...
  Pruned scenario in 2.456e-05 seconds.
Scenario constructed in 1.46 seconds.
  Connecting to CARLA on port 2000
  Map loaded in simulator.
  Generated scene in 1 iterations, 0.009776 seconds.
  Beginning simulation of top-level scenario...
  Ran simulation in 21.11 seconds.
Beginning scenario construction...
pygame 2.6.1 (SDL 2.28.4, Python 3.10.12)
Hello from the pygame community. https://www.pygame.org/contribute.html
  Loading cached version of road network...
  Loaded cached network in 0.14 seconds.
  Pruning scenario...
  Pruned scenario in 2.861e-05 seconds.
Scenario constructed in 1.44 seconds.
  Connecting to CARLA on port 2000
  Map loaded in simulator.
  Generated scene in 6 iterations, 0.03307 seconds.
  Beginning simulation of top-level scenario...
  Ran simulation in 18.33 seconds.
Beginning scenario construction...
pygame 2.6.1 (SDL 2.28.4, Python 3.10.12)
Hello from the pygame community. https://www.pygame.org/contribute.html
  Loading cached version of road network...
  Loaded cached network in 0.14 seconds.
  Pruning scenario...
  Pruned scenario in 2.766e-05 seconds.
Scenario constructed in 1.44 seconds.
  Connecting to CARLA on port 2000
  Map loaded in simulator.
  Generated scene in 2 iterations, 0.01566 seconds.
  Beginning simulation of top-level scenario...
  Ran simulation in 18.37 seconds.
Beginning scenario construction...
pygame 2.6.1 (SDL 2.28.4, Python 3.10.12)
Hello from the pygame community. https://www.pygame.org/contribute.html
  Loading cached version of road network...
  Loaded cached network in 0.14 seconds.
  Pruning scenario...
  Pruned scenario in 3.052e-05 seconds.
Scenario constructed in 1.42 seconds.
  Connecting to CARLA on port 2000
  Map loaded in simulator.
  Generated scene in 11 iterations, 0.06185 seconds.
  Beginning simulation of top-level scenario...
  Ran simulation in 18.66 seconds.
Beginning scenario construction...
pygame 2.6.1 (SDL 2.28.4, Python 3.10.12)
Hello from the pygame community. https://www.pygame.org/contribute.html
  Loading cached version of road network...
  Loaded cached network in 0.14 seconds.
  Pruning scenario...
  Pruned scenario in 3.29e-05 seconds.
Scenario constructed in 1.46 seconds.
  Connecting to CARLA on port 2000
  Map loaded in simulator.
  Generated scene in 9 iterations, 0.05 seconds.
  Beginning simulation of top-level scenario...
  Ran simulation in 18.65 seconds.
Beginning scenario construction...
pygame 2.6.1 (SDL 2.28.4, Python 3.10.12)
Hello from the pygame community. https://www.pygame.org/contribute.html
  Loading cached version of road network...
  Loaded cached network in 0.14 seconds.
  Pruning scenario...
  Pruned scenario in 2.813e-05 seconds.
Scenario constructed in 1.43 seconds.
  Connecting to CARLA on port 2000
  Map loaded in simulator.
  Generated scene in 7 iterations, 0.04064 seconds.
  Beginning simulation of top-level scenario...
  Ran simulation in 19.27 seconds.
Beginning scenario construction...
pygame 2.6.1 (SDL 2.28.4, Python 3.10.12)
Hello from the pygame community. https://www.pygame.org/contribute.html
  Loading cached version of road network...
  Loaded cached network in 0.14 seconds.
  Pruning scenario...
  Pruned scenario in 3.409e-05 seconds.
Scenario constructed in 1.45 seconds.
  Connecting to CARLA on port 2000
  Map loaded in simulator.
  Generated scene in 1 iterations, 0.0111 seconds.
  Beginning simulation of top-level scenario...
  Ran simulation in 19.4 seconds.
Beginning scenario construction...
pygame 2.6.1 (SDL 2.28.4, Python 3.10.12)
Hello from the pygame community. https://www.pygame.org/contribute.html
  Loading cached version of road network...
  Loaded cached network in 0.14 seconds.
  Pruning scenario...
  Pruned scenario in 3.505e-05 seconds.
Scenario constructed in 1.43 seconds.
  Connecting to CARLA on port 2000
  Map loaded in simulator.
  Generated scene in 4 iterations, 0.02509 seconds.
  Beginning simulation of top-level scenario...
  Ran simulation in 17.89 seconds.
Beginning scenario construction...
pygame 2.6.1 (SDL 2.28.4, Python 3.10.12)
Hello from the pygame community. https://www.pygame.org/contribute.html
  Loading cached version of road network...
  Loaded cached network in 0.14 seconds.
  Pruning scenario...
  Pruned scenario in 2.813e-05 seconds.
Scenario constructed in 1.45 seconds.
  Connecting to CARLA on port 2000
  Map loaded in simulator.
  Generated scene in 4 iterations, 0.02551 seconds.
  Beginning simulation of top-level scenario...
  Ran simulation in 20.85 seconds.
Beginning scenario construction...
pygame 2.6.1 (SDL 2.28.4, Python 3.10.12)
Hello from the pygame community. https://www.pygame.org/contribute.html
  Loading cached version of road network...
  Loaded cached network in 0.14 seconds.
  Pruning scenario...
  Pruned scenario in 3.004e-05 seconds.
Scenario constructed in 1.43 seconds.
  Connecting to CARLA on port 2000
  Map loaded in simulator.
  Generated scene in 2 iterations, 0.01613 seconds.
  Beginning simulation of top-level scenario...
  Ran simulation in 18.97 seconds.
Beginning scenario construction...
pygame 2.6.1 (SDL 2.28.4, Python 3.10.12)
Hello from the pygame community. https://www.pygame.org/contribute.html
  Loading cached version of road network...
  Loaded cached network in 0.14 seconds.
  Pruning scenario...
  Pruned scenario in 2.623e-05 seconds.
Scenario constructed in 1.45 seconds.
  Connecting to CARLA on port 2000
  Map loaded in simulator.
  Generated scene in 1 iterations, 0.0109 seconds.
  Beginning simulation of top-level scenario...
  Ran simulation in 19.32 seconds.
Beginning scenario construction...
pygame 2.6.1 (SDL 2.28.4, Python 3.10.12)
Hello from the pygame community. https://www.pygame.org/contribute.html
  Loading cached version of road network...
  Loaded cached network in 0.14 seconds.
  Pruning scenario...
  Pruned scenario in 2.813e-05 seconds.
Scenario constructed in 1.44 seconds.
  Connecting to CARLA on port 2000
  Map loaded in simulator.
  Generated scene in 4 iterations, 0.02578 seconds.
  Beginning simulation of top-level scenario...
  Ran simulation in 18.19 seconds.
Beginning scenario construction...
pygame 2.6.1 (SDL 2.28.4, Python 3.10.12)
Hello from the pygame community. https://www.pygame.org/contribute.html
  Loading cached version of road network...
  Loaded cached network in 0.14 seconds.
  Pruning scenario...
  Pruned scenario in 2.67e-05 seconds.
Scenario constructed in 1.43 seconds.
  Connecting to CARLA on port 2000
  Map loaded in simulator.
  Generated scene in 6 iterations, 0.03557 seconds.
  Beginning simulation of top-level scenario...
  Ran simulation in 19.43 seconds.
Beginning scenario construction...
pygame 2.6.1 (SDL 2.28.4, Python 3.10.12)
Hello from the pygame community. https://www.pygame.org/contribute.html
  Loading cached version of road network...
  Loaded cached network in 0.14 seconds.
  Pruning scenario...
  Pruned scenario in 2.527e-05 seconds.
Scenario constructed in 1.44 seconds.
  Connecting to CARLA on port 2000
  Map loaded in simulator.
  Generated scene in 2 iterations, 0.01569 seconds.
  Beginning simulation of top-level scenario...
  Ran simulation in 18.13 seconds.
Beginning scenario construction...
pygame 2.6.1 (SDL 2.28.4, Python 3.10.12)
Hello from the pygame community. https://www.pygame.org/contribute.html
  Loading cached version of road network...
  Loaded cached network in 0.13 seconds.
  Pruning scenario...
  Pruned scenario in 2.789e-05 seconds.
Scenario constructed in 1.44 seconds.
  Connecting to CARLA on port 2000
  Map loaded in simulator.
  Generated scene in 4 iterations, 0.0254 seconds.
  Beginning simulation of top-level scenario...
  Ran simulation in 19.42 seconds.
Beginning scenario construction...
pygame 2.6.1 (SDL 2.28.4, Python 3.10.12)
Hello from the pygame community. https://www.pygame.org/contribute.html
  Loading cached version of road network...
  Loaded cached network in 0.14 seconds.
  Pruning scenario...
  Pruned scenario in 2.766e-05 seconds.
Scenario constructed in 1.43 seconds.
  Connecting to CARLA on port 2000
  Map loaded in simulator.
  Generated scene in 13 iterations, 0.06684 seconds.
  Beginning simulation of top-level scenario...
  Ran simulation in 18.74 seconds.
Beginning scenario construction...
pygame 2.6.1 (SDL 2.28.4, Python 3.10.12)
Hello from the pygame community. https://www.pygame.org/contribute.html
  Loading cached version of road network...
  Loaded cached network in 0.14 seconds.
  Pruning scenario...
  Pruned scenario in 2.67e-05 seconds.
Scenario constructed in 1.45 seconds.
  Connecting to CARLA on port 2000
  Map loaded in simulator.
  Generated scene in 15 iterations, 0.07921 seconds.
  Beginning simulation of top-level scenario...
  Ran simulation in 19.78 seconds.
Beginning scenario construction...
pygame 2.6.1 (SDL 2.28.4, Python 3.10.12)
Hello from the pygame community. https://www.pygame.org/contribute.html
  Loading cached version of road network...
  Loaded cached network in 0.14 seconds.
  Pruning scenario...
  Pruned scenario in 2.813e-05 seconds.
Scenario constructed in 1.44 seconds.
  Connecting to CARLA on port 2000
  Map loaded in simulator.
  Generated scene in 4 iterations, 0.02596 seconds.
  Beginning simulation of top-level scenario...
  Ran simulation in 17.85 seconds.
Executing sim 455
Executing sim 456
Executing sim 457
Executing sim 458
Executing sim 459
Executing sim 460
Executing sim 461
Executing sim 462
Executing sim 463
Executing sim 464
Executing sim 465
Executing sim 466
Executing sim 467
Executing sim 468
Executing sim 469
Executing sim 470
Executing sim 471
Executing sim 472
Executing sim 473
Executing sim 474
Executing sim 475
Executing sim 476
Executing sim 477
Executing sim 478
Executing sim 479
Executing sim 480
Executing sim 481
Executing sim 482
Executing sim 483
Executing sim 484
Executing sim 485
Executing sim 486
Executing sim 487
Executing sim 488
Executing sim 489
Executing sim 490
Executing sim 491
Executing sim 492
Executing sim 493
Executing sim 494
Executing sim 495
Executing sim 496
Executing sim 497
Executing sim 498
Executing sim 499
