This job can be monitored from: https://job.c3se.chalmers.se/alvis/6349931
4.26.2-0+++UE4+Release-4.26 522 0
Disabling core dumps.
Beginning scenario construction...
pygame 2.6.1 (SDL 2.28.4, Python 3.10.12)
Hello from the pygame community. https://www.pygame.org/contribute.html
  Loading cached version of road network...
  Loaded cached network in 0.13 seconds.
  Pruning scenario...
  Pruned scenario in 1.764e-05 seconds.
Scenario constructed in 1.52 seconds.
  Connecting to CARLA on port 2000
Beginning scenario construction...
pygame 2.6.1 (SDL 2.28.4, Python 3.10.12)
Hello from the pygame community. https://www.pygame.org/contribute.html
  Loading cached version of road network...
  Loaded cached network in 0.12 seconds.
  Pruning scenario...
  Pruned scenario in 1.526e-05 seconds.
Scenario constructed in 1.31 seconds.
  Connecting to CARLA on port 2000
  Map loaded in simulator.
  Generated scene in 4 iterations, 0.02603 seconds.
  Beginning simulation of top-level scenario...
  Ran simulation in 7.734 seconds.
Beginning scenario construction...
pygame 2.6.1 (SDL 2.28.4, Python 3.10.12)
Hello from the pygame community. https://www.pygame.org/contribute.html
  Loading cached version of road network...
  Loaded cached network in 0.14 seconds.
  Pruning scenario...
  Pruned scenario in 2.217e-05 seconds.
Scenario constructed in 1.44 seconds.
  Connecting to CARLA on port 2000
  Map loaded in simulator.
  Generated scene in 2 iterations, 0.006943 seconds.
  Beginning simulation of top-level scenario...
  Ran simulation in 6.66 seconds.
Beginning scenario construction...
pygame 2.6.1 (SDL 2.28.4, Python 3.10.12)
Hello from the pygame community. https://www.pygame.org/contribute.html
  Loading cached version of road network...
  Loaded cached network in 0.13 seconds.
  Pruning scenario...
  Pruned scenario in 2.098e-05 seconds.
Scenario constructed in 1.41 seconds.
  Connecting to CARLA on port 2000
  Map loaded in simulator.
  Generated scene in 3 iterations, 0.008389 seconds.
  Beginning simulation of top-level scenario...
  Ran simulation in 7.17 seconds.
Beginning scenario construction...
pygame 2.6.1 (SDL 2.28.4, Python 3.10.12)
Hello from the pygame community. https://www.pygame.org/contribute.html
  Loading cached version of road network...
  Loaded cached network in 0.13 seconds.
  Pruning scenario...
  Pruned scenario in 1.812e-05 seconds.
Scenario constructed in 1.43 seconds.
  Connecting to CARLA on port 2000
  Map loaded in simulator.
  Generated scene in 2 iterations, 0.006981 seconds.
  Beginning simulation of top-level scenario...
  Ran simulation in 6.15 seconds.
Beginning scenario construction...
pygame 2.6.1 (SDL 2.28.4, Python 3.10.12)
Hello from the pygame community. https://www.pygame.org/contribute.html
  Loading cached version of road network...
  Loaded cached network in 0.13 seconds.
  Pruning scenario...
  Pruned scenario in 1.979e-05 seconds.
Scenario constructed in 1.40 seconds.
  Connecting to CARLA on port 2000
  Map loaded in simulator.
  Generated scene in 2 iterations, 0.007036 seconds.
  Beginning simulation of top-level scenario...
  Ran simulation in 6.119 seconds.
Beginning scenario construction...
pygame 2.6.1 (SDL 2.28.4, Python 3.10.12)
Hello from the pygame community. https://www.pygame.org/contribute.html
  Loading cached version of road network...
  Loaded cached network in 0.14 seconds.
  Pruning scenario...
  Pruned scenario in 2.027e-05 seconds.
Scenario constructed in 1.45 seconds.
  Connecting to CARLA on port 2000
  Map loaded in simulator.
  Generated scene in 2 iterations, 0.007075 seconds.
  Beginning simulation of top-level scenario...
  Ran simulation in 6.86 seconds.
Beginning scenario construction...
pygame 2.6.1 (SDL 2.28.4, Python 3.10.12)
Hello from the pygame community. https://www.pygame.org/contribute.html
  Loading cached version of road network...
  Loaded cached network in 0.14 seconds.
  Pruning scenario...
  Pruned scenario in 1.931e-05 seconds.
Scenario constructed in 1.44 seconds.
  Connecting to CARLA on port 2000
  Map loaded in simulator.
  Generated scene in 3 iterations, 0.008168 seconds.
  Beginning simulation of top-level scenario...
  Ran simulation in 6.461 seconds.
Beginning scenario construction...
pygame 2.6.1 (SDL 2.28.4, Python 3.10.12)
Hello from the pygame community. https://www.pygame.org/contribute.html
  Loading cached version of road network...
  Loaded cached network in 0.14 seconds.
  Pruning scenario...
  Pruned scenario in 2.527e-05 seconds.
Scenario constructed in 1.43 seconds.
  Connecting to CARLA on port 2000
  Map loaded in simulator.
  Generated scene in 6 iterations, 0.01241 seconds.
  Beginning simulation of top-level scenario...
  Ran simulation in 7.109 seconds.
Beginning scenario construction...
pygame 2.6.1 (SDL 2.28.4, Python 3.10.12)
Hello from the pygame community. https://www.pygame.org/contribute.html
  Loading cached version of road network...
  Loaded cached network in 0.13 seconds.
  Pruning scenario...
  Pruned scenario in 1.86e-05 seconds.
Scenario constructed in 1.42 seconds.
  Connecting to CARLA on port 2000
  Map loaded in simulator.
  Generated scene in 5 iterations, 0.01098 seconds.
  Beginning simulation of top-level scenario...
  Ran simulation in 6.659 seconds.
Beginning scenario construction...
pygame 2.6.1 (SDL 2.28.4, Python 3.10.12)
Hello from the pygame community. https://www.pygame.org/contribute.html
  Loading cached version of road network...
  Loaded cached network in 0.13 seconds.
  Pruning scenario...
  Pruned scenario in 2.098e-05 seconds.
Scenario constructed in 1.44 seconds.
  Connecting to CARLA on port 2000
  Map loaded in simulator.
  Generated scene in 2 iterations, 0.006858 seconds.
  Beginning simulation of top-level scenario...
  Ran simulation in 6.54 seconds.
Beginning scenario construction...
pygame 2.6.1 (SDL 2.28.4, Python 3.10.12)
Hello from the pygame community. https://www.pygame.org/contribute.html
  Loading cached version of road network...
  Loaded cached network in 0.14 seconds.
  Pruning scenario...
  Pruned scenario in 2.003e-05 seconds.
Scenario constructed in 1.40 seconds.
  Connecting to CARLA on port 2000
  Map loaded in simulator.
  Generated scene in 2 iterations, 0.007141 seconds.
  Beginning simulation of top-level scenario...
  Ran simulation in 5.854 seconds.
Beginning scenario construction...
pygame 2.6.1 (SDL 2.28.4, Python 3.10.12)
Hello from the pygame community. https://www.pygame.org/contribute.html
  Loading cached version of road network...
  Loaded cached network in 0.13 seconds.
  Pruning scenario...
  Pruned scenario in 1.931e-05 seconds.
Scenario constructed in 1.43 seconds.
  Connecting to CARLA on port 2000
  Map loaded in simulator.
  Generated scene in 6 iterations, 0.01211 seconds.
  Beginning simulation of top-level scenario...
  Ran simulation in 7.882 seconds.
Beginning scenario construction...
pygame 2.6.1 (SDL 2.28.4, Python 3.10.12)
Hello from the pygame community. https://www.pygame.org/contribute.html
  Loading cached version of road network...
  Loaded cached network in 0.14 seconds.
  Pruning scenario...
  Pruned scenario in 1.907e-05 seconds.
Scenario constructed in 1.42 seconds.
  Connecting to CARLA on port 2000
  Map loaded in simulator.
  Generated scene in 2 iterations, 0.007117 seconds.
  Beginning simulation of top-level scenario...
  Ran simulation in 7.586 seconds.
Beginning scenario construction...
pygame 2.6.1 (SDL 2.28.4, Python 3.10.12)
Hello from the pygame community. https://www.pygame.org/contribute.html
  Loading cached version of road network...
  Loaded cached network in 0.14 seconds.
  Pruning scenario...
  Pruned scenario in 1.955e-05 seconds.
Scenario constructed in 1.42 seconds.
  Connecting to CARLA on port 2000
  Map loaded in simulator.
  Generated scene in 4 iterations, 0.009818 seconds.
  Beginning simulation of top-level scenario...
  Ran simulation in 7.014 seconds.
Beginning scenario construction...
pygame 2.6.1 (SDL 2.28.4, Python 3.10.12)
Hello from the pygame community. https://www.pygame.org/contribute.html
  Loading cached version of road network...
  Loaded cached network in 0.13 seconds.
  Pruning scenario...
  Pruned scenario in 1.812e-05 seconds.
Scenario constructed in 1.41 seconds.
  Connecting to CARLA on port 2000
  Map loaded in simulator.
  Generated scene in 6 iterations, 0.01246 seconds.
  Beginning simulation of top-level scenario...
  Ran simulation in 7.19 seconds.
Beginning scenario construction...
pygame 2.6.1 (SDL 2.28.4, Python 3.10.12)
Hello from the pygame community. https://www.pygame.org/contribute.html
  Loading cached version of road network...
  Loaded cached network in 0.13 seconds.
  Pruning scenario...
  Pruned scenario in 1.788e-05 seconds.
Scenario constructed in 1.39 seconds.
  Connecting to CARLA on port 2000
  Map loaded in simulator.
  Generated scene in 1 iterations, 0.005213 seconds.
  Beginning simulation of top-level scenario...
  Ran simulation in 64.3 seconds.
Beginning scenario construction...
pygame 2.6.1 (SDL 2.28.4, Python 3.10.12)
Hello from the pygame community. https://www.pygame.org/contribute.html
  Loading cached version of road network...
  Loaded cached network in 0.13 seconds.
  Pruning scenario...
  Pruned scenario in 2.17e-05 seconds.
Scenario constructed in 1.44 seconds.
  Connecting to CARLA on port 2000
  Map loaded in simulator.
  Generated scene in 1 iterations, 0.005117 seconds.
  Beginning simulation of top-level scenario...
  Ran simulation in 8.378 seconds.
Beginning scenario construction...
pygame 2.6.1 (SDL 2.28.4, Python 3.10.12)
Hello from the pygame community. https://www.pygame.org/contribute.html
  Loading cached version of road network...
  Loaded cached network in 0.13 seconds.
  Pruning scenario...
  Pruned scenario in 1.717e-05 seconds.
Scenario constructed in 1.40 seconds.
  Connecting to CARLA on port 2000
  Map loaded in simulator.
  Generated scene in 3 iterations, 0.008291 seconds.
  Beginning simulation of top-level scenario...
  Ran simulation in 6.03 seconds.
Beginning scenario construction...
pygame 2.6.1 (SDL 2.28.4, Python 3.10.12)
Hello from the pygame community. https://www.pygame.org/contribute.html
  Loading cached version of road network...
  Loaded cached network in 0.13 seconds.
  Pruning scenario...
  Pruned scenario in 1.836e-05 seconds.
Scenario constructed in 1.41 seconds.
  Connecting to CARLA on port 2000
  Map loaded in simulator.
  Generated scene in 5 iterations, 0.01114 seconds.
  Beginning simulation of top-level scenario...
  Ran simulation in 7.541 seconds.
Beginning scenario construction...
pygame 2.6.1 (SDL 2.28.4, Python 3.10.12)
Hello from the pygame community. https://www.pygame.org/contribute.html
  Loading cached version of road network...
  Loaded cached network in 0.14 seconds.
  Pruning scenario...
  Pruned scenario in 2.003e-05 seconds.
Scenario constructed in 1.42 seconds.
  Connecting to CARLA on port 2000
  Map loaded in simulator.
  Generated scene in 2 iterations, 0.007198 seconds.
  Beginning simulation of top-level scenario...
  Ran simulation in 6.165 seconds.
Beginning scenario construction...
pygame 2.6.1 (SDL 2.28.4, Python 3.10.12)
Hello from the pygame community. https://www.pygame.org/contribute.html
  Loading cached version of road network...
  Loaded cached network in 0.14 seconds.
  Pruning scenario...
  Pruned scenario in 1.955e-05 seconds.
Scenario constructed in 1.43 seconds.
  Connecting to CARLA on port 2000
  Map loaded in simulator.
  Generated scene in 3 iterations, 0.008493 seconds.
  Beginning simulation of top-level scenario...
  Ran simulation in 6.472 seconds.
Beginning scenario construction...
pygame 2.6.1 (SDL 2.28.4, Python 3.10.12)
Hello from the pygame community. https://www.pygame.org/contribute.html
  Loading cached version of road network...
  Loaded cached network in 0.14 seconds.
  Pruning scenario...
  Pruned scenario in 1.669e-05 seconds.
Scenario constructed in 1.43 seconds.
  Connecting to CARLA on port 2000
  Map loaded in simulator.
  Generated scene in 1 iterations, 0.005213 seconds.
  Beginning simulation of top-level scenario...
  Ran simulation in 8.106 seconds.
Beginning scenario construction...
pygame 2.6.1 (SDL 2.28.4, Python 3.10.12)
Hello from the pygame community. https://www.pygame.org/contribute.html
  Loading cached version of road network...
  Loaded cached network in 0.13 seconds.
  Pruning scenario...
  Pruned scenario in 2.313e-05 seconds.
Scenario constructed in 1.44 seconds.
  Connecting to CARLA on port 2000
  Map loaded in simulator.
  Generated scene in 2 iterations, 0.00718 seconds.
  Beginning simulation of top-level scenario...
  Ran simulation in 8.674 seconds.
Beginning scenario construction...
pygame 2.6.1 (SDL 2.28.4, Python 3.10.12)
Hello from the pygame community. https://www.pygame.org/contribute.html
  Loading cached version of road network...
  Loaded cached network in 0.14 seconds.
  Pruning scenario...
  Pruned scenario in 2.217e-05 seconds.
Scenario constructed in 1.42 seconds.
  Connecting to CARLA on port 2000
  Map loaded in simulator.
  Generated scene in 1 iterations, 0.005243 seconds.
  Beginning simulation of top-level scenario...
  Ran simulation in 6.053 seconds.
Beginning scenario construction...
pygame 2.6.1 (SDL 2.28.4, Python 3.10.12)
Hello from the pygame community. https://www.pygame.org/contribute.html
  Loading cached version of road network...
  Loaded cached network in 0.14 seconds.
  Pruning scenario...
  Pruned scenario in 2.146e-05 seconds.
Scenario constructed in 1.44 seconds.
  Connecting to CARLA on port 2000
  Map loaded in simulator.
  Generated scene in 3 iterations, 0.008229 seconds.
  Beginning simulation of top-level scenario...
  Ran simulation in 8.006 seconds.
Beginning scenario construction...
pygame 2.6.1 (SDL 2.28.4, Python 3.10.12)
Hello from the pygame community. https://www.pygame.org/contribute.html
  Loading cached version of road network...
  Loaded cached network in 0.12 seconds.
  Pruning scenario...
  Pruned scenario in 1.717e-05 seconds.
Scenario constructed in 1.35 seconds.
  Connecting to CARLA on port 2000
  Map loaded in simulator.
  Generated scene in 1 iterations, 0.005227 seconds.
  Beginning simulation of top-level scenario...
  Ran simulation in 7.105 seconds.
Beginning scenario construction...
pygame 2.6.1 (SDL 2.28.4, Python 3.10.12)
Hello from the pygame community. https://www.pygame.org/contribute.html
  Loading cached version of road network...
  Loaded cached network in 0.14 seconds.
  Pruning scenario...
  Pruned scenario in 2.503e-05 seconds.
Scenario constructed in 1.44 seconds.
  Connecting to CARLA on port 2000
  Map loaded in simulator.
  Generated scene in 3 iterations, 0.008403 seconds.
  Beginning simulation of top-level scenario...
  Ran simulation in 7.969 seconds.
Beginning scenario construction...
pygame 2.6.1 (SDL 2.28.4, Python 3.10.12)
Hello from the pygame community. https://www.pygame.org/contribute.html
  Loading cached version of road network...
  Loaded cached network in 0.14 seconds.
  Pruning scenario...
  Pruned scenario in 1.717e-05 seconds.
Scenario constructed in 1.40 seconds.
  Connecting to CARLA on port 2000
  Map loaded in simulator.
  Generated scene in 2 iterations, 0.006922 seconds.
  Beginning simulation of top-level scenario...
  Ran simulation in 6.648 seconds.
Beginning scenario construction...
pygame 2.6.1 (SDL 2.28.4, Python 3.10.12)
Hello from the pygame community. https://www.pygame.org/contribute.html
  Loading cached version of road network...
  Loaded cached network in 0.13 seconds.
  Pruning scenario...
  Pruned scenario in 1.597e-05 seconds.
Scenario constructed in 1.42 seconds.
  Connecting to CARLA on port 2000
  Map loaded in simulator.
  Generated scene in 7 iterations, 0.01376 seconds.
  Beginning simulation of top-level scenario...
  Ran simulation in 8.295 seconds.
Beginning scenario construction...
pygame 2.6.1 (SDL 2.28.4, Python 3.10.12)
Hello from the pygame community. https://www.pygame.org/contribute.html
  Loading cached version of road network...
  Loaded cached network in 0.13 seconds.
  Pruning scenario...
  Pruned scenario in 2.36e-05 seconds.
Scenario constructed in 1.40 seconds.
  Connecting to CARLA on port 2000
  Map loaded in simulator.
  Generated scene in 6 iterations, 0.01237 seconds.
  Beginning simulation of top-level scenario...
  Ran simulation in 7.531 seconds.
Beginning scenario construction...
pygame 2.6.1 (SDL 2.28.4, Python 3.10.12)
Hello from the pygame community. https://www.pygame.org/contribute.html
  Loading cached version of road network...
  Loaded cached network in 0.14 seconds.
  Pruning scenario...
  Pruned scenario in 2.146e-05 seconds.
Scenario constructed in 1.42 seconds.
  Connecting to CARLA on port 2000
  Map loaded in simulator.
  Generated scene in 5 iterations, 0.0111 seconds.
  Beginning simulation of top-level scenario...
  Ran simulation in 7.735 seconds.
Beginning scenario construction...
pygame 2.6.1 (SDL 2.28.4, Python 3.10.12)
Hello from the pygame community. https://www.pygame.org/contribute.html
  Loading cached version of road network...
  Loaded cached network in 0.14 seconds.
  Pruning scenario...
  Pruned scenario in 1.836e-05 seconds.
Scenario constructed in 1.42 seconds.
  Connecting to CARLA on port 2000
  Map loaded in simulator.
  Generated scene in 1 iterations, 0.005194 seconds.
  Beginning simulation of top-level scenario...
  Ran simulation in 7.962 seconds.
Beginning scenario construction...
pygame 2.6.1 (SDL 2.28.4, Python 3.10.12)
Hello from the pygame community. https://www.pygame.org/contribute.html
  Loading cached version of road network...
  Loaded cached network in 0.14 seconds.
  Pruning scenario...
  Pruned scenario in 2.074e-05 seconds.
Scenario constructed in 1.42 seconds.
  Connecting to CARLA on port 2000
  Map loaded in simulator.
  Generated scene in 4 iterations, 0.009733 seconds.
  Beginning simulation of top-level scenario...
  Ran simulation in 7.539 seconds.
Beginning scenario construction...
pygame 2.6.1 (SDL 2.28.4, Python 3.10.12)
Hello from the pygame community. https://www.pygame.org/contribute.html
  Loading cached version of road network...
  Loaded cached network in 0.14 seconds.
  Pruning scenario...
  Pruned scenario in 1.717e-05 seconds.
Scenario constructed in 1.42 seconds.
  Connecting to CARLA on port 2000
  Map loaded in simulator.
  Generated scene in 3 iterations, 0.008314 seconds.
  Beginning simulation of top-level scenario...
  Ran simulation in 6.536 seconds.
Beginning scenario construction...
pygame 2.6.1 (SDL 2.28.4, Python 3.10.12)
Hello from the pygame community. https://www.pygame.org/contribute.html
  Loading cached version of road network...
  Loaded cached network in 0.14 seconds.
  Pruning scenario...
  Pruned scenario in 1.884e-05 seconds.
Scenario constructed in 1.42 seconds.
  Connecting to CARLA on port 2000
  Map loaded in simulator.
  Generated scene in 1 iterations, 0.005152 seconds.
  Beginning simulation of top-level scenario...
  Ran simulation in 7.783 seconds.
Beginning scenario construction...
pygame 2.6.1 (SDL 2.28.4, Python 3.10.12)
Hello from the pygame community. https://www.pygame.org/contribute.html
  Loading cached version of road network...
  Loaded cached network in 0.13 seconds.
  Pruning scenario...
  Pruned scenario in 1.907e-05 seconds.
Scenario constructed in 1.40 seconds.
  Connecting to CARLA on port 2000
  Map loaded in simulator.
  Generated scene in 1 iterations, 0.005286 seconds.
  Beginning simulation of top-level scenario...
  Ran simulation in 6.477 seconds.
Beginning scenario construction...
pygame 2.6.1 (SDL 2.28.4, Python 3.10.12)
Hello from the pygame community. https://www.pygame.org/contribute.html
  Loading cached version of road network...
  Loaded cached network in 0.13 seconds.
  Pruning scenario...
  Pruned scenario in 1.931e-05 seconds.
Scenario constructed in 1.33 seconds.
  Connecting to CARLA on port 2000
  Map loaded in simulator.
  Generated scene in 2 iterations, 0.006976 seconds.
  Beginning simulation of top-level scenario...
Beginning scenario construction...
pygame 2.6.1 (SDL 2.28.4, Python 3.10.12)
Hello from the pygame community. https://www.pygame.org/contribute.html
  Loading cached version of road network...
  Loaded cached network in 0.14 seconds.
  Pruning scenario...
  Pruned scenario in 2.265e-05 seconds.
Scenario constructed in 1.44 seconds.
  Connecting to CARLA on port 2000
  Map loaded in simulator.
  Generated scene in 1 iterations, 0.005142 seconds.
  Beginning simulation of top-level scenario...
  Ran simulation in 6.621 seconds.
Beginning scenario construction...
pygame 2.6.1 (SDL 2.28.4, Python 3.10.12)
Hello from the pygame community. https://www.pygame.org/contribute.html
  Loading cached version of road network...
  Loaded cached network in 0.13 seconds.
  Pruning scenario...
  Pruned scenario in 1.693e-05 seconds.
Scenario constructed in 1.39 seconds.
  Connecting to CARLA on port 2000
  Map loaded in simulator.
  Generated scene in 10 iterations, 0.01839 seconds.
  Beginning simulation of top-level scenario...
  Ran simulation in 7.104 seconds.
Beginning scenario construction...
pygame 2.6.1 (SDL 2.28.4, Python 3.10.12)
Hello from the pygame community. https://www.pygame.org/contribute.html
  Loading cached version of road network...
  Loaded cached network in 0.13 seconds.
  Pruning scenario...
  Pruned scenario in 1.979e-05 seconds.
Scenario constructed in 1.40 seconds.
  Connecting to CARLA on port 2000
  Map loaded in simulator.
  Generated scene in 1 iterations, 0.005177 seconds.
  Beginning simulation of top-level scenario...
  Ran simulation in 7.138 seconds.
Beginning scenario construction...
pygame 2.6.1 (SDL 2.28.4, Python 3.10.12)
Hello from the pygame community. https://www.pygame.org/contribute.html
  Loading cached version of road network...
  Loaded cached network in 0.13 seconds.
  Pruning scenario...
  Pruned scenario in 2.05e-05 seconds.
Scenario constructed in 1.41 seconds.
  Connecting to CARLA on port 2000
  Map loaded in simulator.
  Generated scene in 1 iterations, 0.005346 seconds.
  Beginning simulation of top-level scenario...
  Ran simulation in 8.515 seconds.
Beginning scenario construction...
pygame 2.6.1 (SDL 2.28.4, Python 3.10.12)
Hello from the pygame community. https://www.pygame.org/contribute.html
  Loading cached version of road network...
  Loaded cached network in 0.14 seconds.
  Pruning scenario...
  Pruned scenario in 1.907e-05 seconds.
Scenario constructed in 1.42 seconds.
  Connecting to CARLA on port 2000
  Map loaded in simulator.
  Generated scene in 1 iterations, 0.005218 seconds.
  Beginning simulation of top-level scenario...
  Ran simulation in 6.541 seconds.
Beginning scenario construction...
pygame 2.6.1 (SDL 2.28.4, Python 3.10.12)
Hello from the pygame community. https://www.pygame.org/contribute.html
  Loading cached version of road network...
  Loaded cached network in 0.13 seconds.
  Pruning scenario...
  Pruned scenario in 2.098e-05 seconds.
Scenario constructed in 1.44 seconds.
  Connecting to CARLA on port 2000
  Map loaded in simulator.
  Generated scene in 1 iterations, 0.00519 seconds.
  Beginning simulation of top-level scenario...
  Ran simulation in 7.252 seconds.
Beginning scenario construction...
pygame 2.6.1 (SDL 2.28.4, Python 3.10.12)
Hello from the pygame community. https://www.pygame.org/contribute.html
  Loading cached version of road network...
  Loaded cached network in 0.13 seconds.
  Pruning scenario...
  Pruned scenario in 2.36e-05 seconds.
Scenario constructed in 1.41 seconds.
  Connecting to CARLA on port 2000
  Map loaded in simulator.
  Generated scene in 7 iterations, 0.01426 seconds.
  Beginning simulation of top-level scenario...
  Ran simulation in 5.978 seconds.
Beginning scenario construction...
pygame 2.6.1 (SDL 2.28.4, Python 3.10.12)
Hello from the pygame community. https://www.pygame.org/contribute.html
  Loading cached version of road network...
  Loaded cached network in 0.14 seconds.
  Pruning scenario...
  Pruned scenario in 1.836e-05 seconds.
Scenario constructed in 1.45 seconds.
  Connecting to CARLA on port 2000
  Map loaded in simulator.
  Generated scene in 2 iterations, 0.00702 seconds.
  Beginning simulation of top-level scenario...
  Ran simulation in 8.252 seconds.
Beginning scenario construction...
pygame 2.6.1 (SDL 2.28.4, Python 3.10.12)
Hello from the pygame community. https://www.pygame.org/contribute.html
  Loading cached version of road network...
  Loaded cached network in 0.13 seconds.
  Pruning scenario...
  Pruned scenario in 1.931e-05 seconds.
Scenario constructed in 1.40 seconds.
  Connecting to CARLA on port 2000
  Map loaded in simulator.
  Generated scene in 1 iterations, 0.005167 seconds.
  Beginning simulation of top-level scenario...
  Ran simulation in 7.09 seconds.
Beginning scenario construction...
pygame 2.6.1 (SDL 2.28.4, Python 3.10.12)
Hello from the pygame community. https://www.pygame.org/contribute.html
  Loading cached version of road network...
  Loaded cached network in 0.14 seconds.
  Pruning scenario...
  Pruned scenario in 1.907e-05 seconds.
Scenario constructed in 1.45 seconds.
  Connecting to CARLA on port 2000
  Map loaded in simulator.
  Generated scene in 2 iterations, 0.007155 seconds.
  Beginning simulation of top-level scenario...
  Ran simulation in 8.358 seconds.
Beginning scenario construction...
pygame 2.6.1 (SDL 2.28.4, Python 3.10.12)
Hello from the pygame community. https://www.pygame.org/contribute.html
  Loading cached version of road network...
  Loaded cached network in 0.13 seconds.
  Pruning scenario...
  Pruned scenario in 2.599e-05 seconds.
Scenario constructed in 1.42 seconds.
  Connecting to CARLA on port 2000
  Map loaded in simulator.
  Generated scene in 5 iterations, 0.01113 seconds.
  Beginning simulation of top-level scenario...
  Ran simulation in 7.356 seconds.
Beginning scenario construction...
pygame 2.6.1 (SDL 2.28.4, Python 3.10.12)
Hello from the pygame community. https://www.pygame.org/contribute.html
  Loading cached version of road network...
  Loaded cached network in 0.13 seconds.
  Pruning scenario...
  Pruned scenario in 1.955e-05 seconds.
Scenario constructed in 1.43 seconds.
  Connecting to CARLA on port 2000
  Map loaded in simulator.
  Generated scene in 6 iterations, 0.01281 seconds.
  Beginning simulation of top-level scenario...
  Ran simulation in 8.681 seconds.
Beginning scenario construction...
pygame 2.6.1 (SDL 2.28.4, Python 3.10.12)
Hello from the pygame community. https://www.pygame.org/contribute.html
  Loading cached version of road network...
  Loaded cached network in 0.14 seconds.
  Pruning scenario...
  Pruned scenario in 2.146e-05 seconds.
Scenario constructed in 1.40 seconds.
  Connecting to CARLA on port 2000
  Map loaded in simulator.
  Generated scene in 5 iterations, 0.01108 seconds.
  Beginning simulation of top-level scenario...
  Ran simulation in 7.245 seconds.
Beginning scenario construction...
pygame 2.6.1 (SDL 2.28.4, Python 3.10.12)
Hello from the pygame community. https://www.pygame.org/contribute.html
  Loading cached version of road network...
  Loaded cached network in 0.14 seconds.
  Pruning scenario...
  Pruned scenario in 2.217e-05 seconds.
Scenario constructed in 1.44 seconds.
  Connecting to CARLA on port 2000
  Map loaded in simulator.
  Generated scene in 5 iterations, 0.01093 seconds.
  Beginning simulation of top-level scenario...
  Ran simulation in 7.337 seconds.
Beginning scenario construction...
pygame 2.6.1 (SDL 2.28.4, Python 3.10.12)
Hello from the pygame community. https://www.pygame.org/contribute.html
  Loading cached version of road network...
  Loaded cached network in 0.14 seconds.
  Pruning scenario...
  Pruned scenario in 2.813e-05 seconds.
Scenario constructed in 1.41 seconds.
  Connecting to CARLA on port 2000
  Map loaded in simulator.
  Generated scene in 2 iterations, 0.006936 seconds.
  Beginning simulation of top-level scenario...
  Ran simulation in 7.361 seconds.
Beginning scenario construction...
pygame 2.6.1 (SDL 2.28.4, Python 3.10.12)
Hello from the pygame community. https://www.pygame.org/contribute.html
  Loading cached version of road network...
  Loaded cached network in 0.14 seconds.
  Pruning scenario...
  Pruned scenario in 2.551e-05 seconds.
Scenario constructed in 1.39 seconds.
  Connecting to CARLA on port 2000
  Map loaded in simulator.
  Generated scene in 4 iterations, 0.01009 seconds.
  Beginning simulation of top-level scenario...
  Ran simulation in 7.334 seconds.
Beginning scenario construction...
pygame 2.6.1 (SDL 2.28.4, Python 3.10.12)
Hello from the pygame community. https://www.pygame.org/contribute.html
  Loading cached version of road network...
  Loaded cached network in 0.14 seconds.
  Pruning scenario...
  Pruned scenario in 2.503e-05 seconds.
Scenario constructed in 1.44 seconds.
  Connecting to CARLA on port 2000
  Map loaded in simulator.
  Generated scene in 8 iterations, 0.01495 seconds.
  Beginning simulation of top-level scenario...
  Ran simulation in 7.678 seconds.
Beginning scenario construction...
pygame 2.6.1 (SDL 2.28.4, Python 3.10.12)
Hello from the pygame community. https://www.pygame.org/contribute.html
  Loading cached version of road network...
  Loaded cached network in 0.14 seconds.
  Pruning scenario...
  Pruned scenario in 1.884e-05 seconds.
Scenario constructed in 1.42 seconds.
  Connecting to CARLA on port 2000
  Map loaded in simulator.
  Generated scene in 2 iterations, 0.007255 seconds.
  Beginning simulation of top-level scenario...
  Ran simulation in 7.013 seconds.
Beginning scenario construction...
pygame 2.6.1 (SDL 2.28.4, Python 3.10.12)
Hello from the pygame community. https://www.pygame.org/contribute.html
  Loading cached version of road network...
  Loaded cached network in 0.14 seconds.
  Pruning scenario...
  Pruned scenario in 2.17e-05 seconds.
Scenario constructed in 1.44 seconds.
  Connecting to CARLA on port 2000
  Map loaded in simulator.
  Generated scene in 1 iterations, 0.004932 seconds.
  Beginning simulation of top-level scenario...
  Ran simulation in 7.457 seconds.
Beginning scenario construction...
pygame 2.6.1 (SDL 2.28.4, Python 3.10.12)
Hello from the pygame community. https://www.pygame.org/contribute.html
  Loading cached version of road network...
  Loaded cached network in 0.14 seconds.
  Pruning scenario...
  Pruned scenario in 2.074e-05 seconds.
Scenario constructed in 1.41 seconds.
  Connecting to CARLA on port 2000
  Map loaded in simulator.
  Generated scene in 1 iterations, 0.004697 seconds.
  Beginning simulation of top-level scenario...
  Ran simulation in 6.687 seconds.
Beginning scenario construction...
pygame 2.6.1 (SDL 2.28.4, Python 3.10.12)
Hello from the pygame community. https://www.pygame.org/contribute.html
  Loading cached version of road network...
  Loaded cached network in 0.14 seconds.
  Pruning scenario...
  Pruned scenario in 2.241e-05 seconds.
Scenario constructed in 1.45 seconds.
  Connecting to CARLA on port 2000
  Map loaded in simulator.
  Generated scene in 3 iterations, 0.00832 seconds.
  Beginning simulation of top-level scenario...
  Ran simulation in 7.153 seconds.
Beginning scenario construction...
pygame 2.6.1 (SDL 2.28.4, Python 3.10.12)
Hello from the pygame community. https://www.pygame.org/contribute.html
  Loading cached version of road network...
  Loaded cached network in 0.14 seconds.
  Pruning scenario...
  Pruned scenario in 2.074e-05 seconds.
Scenario constructed in 1.42 seconds.
  Connecting to CARLA on port 2000
  Map loaded in simulator.
  Generated scene in 1 iterations, 0.005105 seconds.
  Beginning simulation of top-level scenario...
  Ran simulation in 7.236 seconds.
Beginning scenario construction...
pygame 2.6.1 (SDL 2.28.4, Python 3.10.12)
Hello from the pygame community. https://www.pygame.org/contribute.html
  Loading cached version of road network...
  Loaded cached network in 0.13 seconds.
  Pruning scenario...
  Pruned scenario in 2.074e-05 seconds.
Scenario constructed in 1.45 seconds.
  Connecting to CARLA on port 2000
  Map loaded in simulator.
  Generated scene in 4 iterations, 0.009475 seconds.
  Beginning simulation of top-level scenario...
  Ran simulation in 8.353 seconds.
Beginning scenario construction...
pygame 2.6.1 (SDL 2.28.4, Python 3.10.12)
Hello from the pygame community. https://www.pygame.org/contribute.html
  Loading cached version of road network...
  Loaded cached network in 0.14 seconds.
  Pruning scenario...
  Pruned scenario in 1.717e-05 seconds.
Scenario constructed in 1.41 seconds.
  Connecting to CARLA on port 2000
  Map loaded in simulator.
  Generated scene in 1 iterations, 0.005226 seconds.
  Beginning simulation of top-level scenario...
  Ran simulation in 6.255 seconds.
Beginning scenario construction...
pygame 2.6.1 (SDL 2.28.4, Python 3.10.12)
Hello from the pygame community. https://www.pygame.org/contribute.html
  Loading cached version of road network...
  Loaded cached network in 0.14 seconds.
  Pruning scenario...
  Pruned scenario in 2.48e-05 seconds.
Scenario constructed in 1.45 seconds.
  Connecting to CARLA on port 2000
  Map loaded in simulator.
  Generated scene in 2 iterations, 0.006531 seconds.
  Beginning simulation of top-level scenario...
  Ran simulation in 7.068 seconds.
Beginning scenario construction...
pygame 2.6.1 (SDL 2.28.4, Python 3.10.12)
Hello from the pygame community. https://www.pygame.org/contribute.html
  Loading cached version of road network...
  Loaded cached network in 0.14 seconds.
  Pruning scenario...
  Pruned scenario in 1.955e-05 seconds.
Scenario constructed in 1.43 seconds.
  Connecting to CARLA on port 2000
  Map loaded in simulator.
  Generated scene in 1 iterations, 0.004703 seconds.
  Beginning simulation of top-level scenario...
  Ran simulation in 7.197 seconds.
Beginning scenario construction...
pygame 2.6.1 (SDL 2.28.4, Python 3.10.12)
Hello from the pygame community. https://www.pygame.org/contribute.html
  Loading cached version of road network...
  Loaded cached network in 0.14 seconds.
  Pruning scenario...
  Pruned scenario in 2.122e-05 seconds.
Scenario constructed in 1.44 seconds.
  Connecting to CARLA on port 2000
  Map loaded in simulator.
  Generated scene in 1 iterations, 0.005279 seconds.
  Beginning simulation of top-level scenario...
  Ran simulation in 6.794 seconds.
Beginning scenario construction...
pygame 2.6.1 (SDL 2.28.4, Python 3.10.12)
Hello from the pygame community. https://www.pygame.org/contribute.html
  Loading cached version of road network...
  Loaded cached network in 0.14 seconds.
  Pruning scenario...
  Pruned scenario in 2.146e-05 seconds.
Scenario constructed in 1.40 seconds.
  Connecting to CARLA on port 2000
  Map loaded in simulator.
  Generated scene in 3 iterations, 0.008048 seconds.
  Beginning simulation of top-level scenario...
  Ran simulation in 7.661 seconds.
Beginning scenario construction...
pygame 2.6.1 (SDL 2.28.4, Python 3.10.12)
Hello from the pygame community. https://www.pygame.org/contribute.html
  Loading cached version of road network...
  Loaded cached network in 0.13 seconds.
  Pruning scenario...
  Pruned scenario in 2.098e-05 seconds.
Scenario constructed in 1.41 seconds.
  Connecting to CARLA on port 2000
  Map loaded in simulator.
  Generated scene in 2 iterations, 0.006846 seconds.
  Beginning simulation of top-level scenario...
  Ran simulation in 7.3 seconds.
Beginning scenario construction...
pygame 2.6.1 (SDL 2.28.4, Python 3.10.12)
Hello from the pygame community. https://www.pygame.org/contribute.html
  Loading cached version of road network...
  Loaded cached network in 0.14 seconds.
  Pruning scenario...
  Pruned scenario in 1.884e-05 seconds.
Scenario constructed in 1.42 seconds.
  Connecting to CARLA on port 2000
  Map loaded in simulator.
  Generated scene in 1 iterations, 0.005191 seconds.
  Beginning simulation of top-level scenario...
  Ran simulation in 6.034 seconds.
Beginning scenario construction...
pygame 2.6.1 (SDL 2.28.4, Python 3.10.12)
Hello from the pygame community. https://www.pygame.org/contribute.html
  Loading cached version of road network...
  Loaded cached network in 0.14 seconds.
  Pruning scenario...
  Pruned scenario in 2.098e-05 seconds.
Scenario constructed in 1.44 seconds.
  Connecting to CARLA on port 2000
  Map loaded in simulator.
  Generated scene in 3 iterations, 0.008248 seconds.
  Beginning simulation of top-level scenario...
  Ran simulation in 7.629 seconds.
Beginning scenario construction...
pygame 2.6.1 (SDL 2.28.4, Python 3.10.12)
Hello from the pygame community. https://www.pygame.org/contribute.html
  Loading cached version of road network...
  Loaded cached network in 0.14 seconds.
  Pruning scenario...
  Pruned scenario in 2.313e-05 seconds.
Scenario constructed in 1.40 seconds.
  Connecting to CARLA on port 2000
  Map loaded in simulator.
  Generated scene in 7 iterations, 0.01403 seconds.
  Beginning simulation of top-level scenario...
  Ran simulation in 8.003 seconds.
Beginning scenario construction...
pygame 2.6.1 (SDL 2.28.4, Python 3.10.12)
Hello from the pygame community. https://www.pygame.org/contribute.html
  Loading cached version of road network...
  Loaded cached network in 0.13 seconds.
  Pruning scenario...
  Pruned scenario in 2.265e-05 seconds.
Scenario constructed in 1.43 seconds.
  Connecting to CARLA on port 2000
  Map loaded in simulator.
  Generated scene in 3 iterations, 0.008531 seconds.
  Beginning simulation of top-level scenario...
  Ran simulation in 8.672 seconds.
Beginning scenario construction...
pygame 2.6.1 (SDL 2.28.4, Python 3.10.12)
Hello from the pygame community. https://www.pygame.org/contribute.html
  Loading cached version of road network...
  Loaded cached network in 0.14 seconds.
  Pruning scenario...
  Pruned scenario in 2.003e-05 seconds.
Scenario constructed in 1.42 seconds.
  Connecting to CARLA on port 2000
  Map loaded in simulator.
  Generated scene in 4 iterations, 0.00979 seconds.
  Beginning simulation of top-level scenario...
  Ran simulation in 7.726 seconds.
Beginning scenario construction...
pygame 2.6.1 (SDL 2.28.4, Python 3.10.12)
Hello from the pygame community. https://www.pygame.org/contribute.html
  Loading cached version of road network...
  Loaded cached network in 0.13 seconds.
  Pruning scenario...
  Pruned scenario in 1.717e-05 seconds.
Scenario constructed in 1.41 seconds.
  Connecting to CARLA on port 2000
  Map loaded in simulator.
  Generated scene in 1 iterations, 0.005212 seconds.
  Beginning simulation of top-level scenario...
  Ran simulation in 7.11 seconds.
Beginning scenario construction...
pygame 2.6.1 (SDL 2.28.4, Python 3.10.12)
Hello from the pygame community. https://www.pygame.org/contribute.html
  Loading cached version of road network...
  Loaded cached network in 0.14 seconds.
  Pruning scenario...
  Pruned scenario in 1.86e-05 seconds.
Scenario constructed in 1.40 seconds.
  Connecting to CARLA on port 2000
  Map loaded in simulator.
  Generated scene in 1 iterations, 0.005162 seconds.
  Beginning simulation of top-level scenario...
  Ran simulation in 6.874 seconds.
Beginning scenario construction...
pygame 2.6.1 (SDL 2.28.4, Python 3.10.12)
Hello from the pygame community. https://www.pygame.org/contribute.html
  Loading cached version of road network...
  Loaded cached network in 0.13 seconds.
  Pruning scenario...
  Pruned scenario in 1.86e-05 seconds.
Scenario constructed in 1.44 seconds.
  Connecting to CARLA on port 2000
  Map loaded in simulator.
  Generated scene in 1 iterations, 0.005233 seconds.
  Beginning simulation of top-level scenario...
  Ran simulation in 6.812 seconds.
Beginning scenario construction...
pygame 2.6.1 (SDL 2.28.4, Python 3.10.12)
Hello from the pygame community. https://www.pygame.org/contribute.html
  Loading cached version of road network...
  Loaded cached network in 0.14 seconds.
  Pruning scenario...
  Pruned scenario in 1.812e-05 seconds.
Scenario constructed in 1.40 seconds.
  Connecting to CARLA on port 2000
  Map loaded in simulator.
  Generated scene in 3 iterations, 0.008422 seconds.
  Beginning simulation of top-level scenario...
  Ran simulation in 7.803 seconds.
Beginning scenario construction...
pygame 2.6.1 (SDL 2.28.4, Python 3.10.12)
Hello from the pygame community. https://www.pygame.org/contribute.html
  Loading cached version of road network...
  Loaded cached network in 0.13 seconds.
  Pruning scenario...
  Pruned scenario in 2.098e-05 seconds.
Scenario constructed in 1.44 seconds.
  Connecting to CARLA on port 2000
  Map loaded in simulator.
  Generated scene in 1 iterations, 0.005218 seconds.
  Beginning simulation of top-level scenario...
  Ran simulation in 7.259 seconds.
Beginning scenario construction...
pygame 2.6.1 (SDL 2.28.4, Python 3.10.12)
Hello from the pygame community. https://www.pygame.org/contribute.html
  Loading cached version of road network...
  Loaded cached network in 0.13 seconds.
  Pruning scenario...
  Pruned scenario in 1.693e-05 seconds.
Scenario constructed in 1.40 seconds.
  Connecting to CARLA on port 2000
  Map loaded in simulator.
  Generated scene in 1 iterations, 0.005204 seconds.
  Beginning simulation of top-level scenario...
  Ran simulation in 8.295 seconds.
Beginning scenario construction...
pygame 2.6.1 (SDL 2.28.4, Python 3.10.12)
Hello from the pygame community. https://www.pygame.org/contribute.html
  Loading cached version of road network...
  Loaded cached network in 0.14 seconds.
  Pruning scenario...
  Pruned scenario in 2.027e-05 seconds.
Scenario constructed in 1.40 seconds.
  Connecting to CARLA on port 2000
  Map loaded in simulator.
  Generated scene in 2 iterations, 0.007027 seconds.
  Beginning simulation of top-level scenario...
  Ran simulation in 8.513 seconds.
Beginning scenario construction...
pygame 2.6.1 (SDL 2.28.4, Python 3.10.12)
Hello from the pygame community. https://www.pygame.org/contribute.html
  Loading cached version of road network...
  Loaded cached network in 0.14 seconds.
  Pruning scenario...
  Pruned scenario in 1.717e-05 seconds.
Scenario constructed in 1.40 seconds.
  Connecting to CARLA on port 2000
  Map loaded in simulator.
  Generated scene in 1 iterations, 0.00528 seconds.
  Beginning simulation of top-level scenario...
  Ran simulation in 6.504 seconds.
Beginning scenario construction...
pygame 2.6.1 (SDL 2.28.4, Python 3.10.12)
Hello from the pygame community. https://www.pygame.org/contribute.html
  Loading cached version of road network...
  Loaded cached network in 0.14 seconds.
  Pruning scenario...
  Pruned scenario in 2.217e-05 seconds.
Scenario constructed in 1.41 seconds.
  Connecting to CARLA on port 2000
  Map loaded in simulator.
  Generated scene in 5 iterations, 0.01103 seconds.
  Beginning simulation of top-level scenario...
  Ran simulation in 7.584 seconds.
Beginning scenario construction...
pygame 2.6.1 (SDL 2.28.4, Python 3.10.12)
Hello from the pygame community. https://www.pygame.org/contribute.html
  Loading cached version of road network...
  Loaded cached network in 0.14 seconds.
  Pruning scenario...
  Pruned scenario in 2.17e-05 seconds.
Scenario constructed in 1.41 seconds.
  Connecting to CARLA on port 2000
  Map loaded in simulator.
  Generated scene in 1 iterations, 0.005342 seconds.
  Beginning simulation of top-level scenario...
  Ran simulation in 7.339 seconds.
Beginning scenario construction...
pygame 2.6.1 (SDL 2.28.4, Python 3.10.12)
Hello from the pygame community. https://www.pygame.org/contribute.html
  Loading cached version of road network...
  Loaded cached network in 0.14 seconds.
  Pruning scenario...
  Pruned scenario in 2.003e-05 seconds.
Scenario constructed in 1.41 seconds.
  Connecting to CARLA on port 2000
  Map loaded in simulator.
  Generated scene in 1 iterations, 0.005175 seconds.
  Beginning simulation of top-level scenario...
  Ran simulation in 7.669 seconds.
Beginning scenario construction...
pygame 2.6.1 (SDL 2.28.4, Python 3.10.12)
Hello from the pygame community. https://www.pygame.org/contribute.html
  Loading cached version of road network...
  Loaded cached network in 0.14 seconds.
  Pruning scenario...
  Pruned scenario in 1.836e-05 seconds.
Scenario constructed in 1.40 seconds.
  Connecting to CARLA on port 2000
  Map loaded in simulator.
  Generated scene in 1 iterations, 0.005192 seconds.
  Beginning simulation of top-level scenario...
  Ran simulation in 6.492 seconds.
Beginning scenario construction...
pygame 2.6.1 (SDL 2.28.4, Python 3.10.12)
Hello from the pygame community. https://www.pygame.org/contribute.html
  Loading cached version of road network...
  Loaded cached network in 0.14 seconds.
  Pruning scenario...
  Pruned scenario in 1.764e-05 seconds.
Scenario constructed in 1.44 seconds.
  Connecting to CARLA on port 2000
  Map loaded in simulator.
  Generated scene in 2 iterations, 0.006668 seconds.
  Beginning simulation of top-level scenario...
  Ran simulation in 7.042 seconds.
Beginning scenario construction...
pygame 2.6.1 (SDL 2.28.4, Python 3.10.12)
Hello from the pygame community. https://www.pygame.org/contribute.html
  Loading cached version of road network...
  Loaded cached network in 0.14 seconds.
  Pruning scenario...
  Pruned scenario in 2.003e-05 seconds.
Scenario constructed in 1.43 seconds.
  Connecting to CARLA on port 2000
  Map loaded in simulator.
  Generated scene in 1 iterations, 0.005243 seconds.
  Beginning simulation of top-level scenario...
  Ran simulation in 8.101 seconds.
Beginning scenario construction...
pygame 2.6.1 (SDL 2.28.4, Python 3.10.12)
Hello from the pygame community. https://www.pygame.org/contribute.html
  Loading cached version of road network...
  Loaded cached network in 0.14 seconds.
  Pruning scenario...
  Pruned scenario in 2.408e-05 seconds.
Scenario constructed in 1.42 seconds.
  Connecting to CARLA on port 2000
  Map loaded in simulator.
  Generated scene in 2 iterations, 0.007114 seconds.
  Beginning simulation of top-level scenario...
  Ran simulation in 8.47 seconds.
Beginning scenario construction...
pygame 2.6.1 (SDL 2.28.4, Python 3.10.12)
Hello from the pygame community. https://www.pygame.org/contribute.html
  Loading cached version of road network...
  Loaded cached network in 0.14 seconds.
  Pruning scenario...
  Pruned scenario in 2.527e-05 seconds.
Scenario constructed in 1.41 seconds.
  Connecting to CARLA on port 2000
  Map loaded in simulator.
  Generated scene in 3 iterations, 0.008435 seconds.
  Beginning simulation of top-level scenario...
  Ran simulation in 8.095 seconds.
Beginning scenario construction...
pygame 2.6.1 (SDL 2.28.4, Python 3.10.12)
Hello from the pygame community. https://www.pygame.org/contribute.html
  Loading cached version of road network...
  Loaded cached network in 0.14 seconds.
  Pruning scenario...
  Pruned scenario in 2.432e-05 seconds.
Scenario constructed in 1.44 seconds.
  Connecting to CARLA on port 2000
  Map loaded in simulator.
  Generated scene in 1 iterations, 0.005147 seconds.
  Beginning simulation of top-level scenario...
  Ran simulation in 7.283 seconds.
Beginning scenario construction...
pygame 2.6.1 (SDL 2.28.4, Python 3.10.12)
Hello from the pygame community. https://www.pygame.org/contribute.html
  Loading cached version of road network...
  Loaded cached network in 0.14 seconds.
  Pruning scenario...
  Pruned scenario in 1.764e-05 seconds.
Scenario constructed in 1.40 seconds.
  Connecting to CARLA on port 2000
  Map loaded in simulator.
  Generated scene in 2 iterations, 0.00714 seconds.
  Beginning simulation of top-level scenario...
  Ran simulation in 7.365 seconds.
Beginning scenario construction...
pygame 2.6.1 (SDL 2.28.4, Python 3.10.12)
Hello from the pygame community. https://www.pygame.org/contribute.html
  Loading cached version of road network...
  Loaded cached network in 0.14 seconds.
  Pruning scenario...
  Pruned scenario in 2.074e-05 seconds.
Scenario constructed in 1.42 seconds.
  Connecting to CARLA on port 2000
  Map loaded in simulator.
  Generated scene in 5 iterations, 0.01123 seconds.
  Beginning simulation of top-level scenario...
  Ran simulation in 7.013 seconds.
Beginning scenario construction...
pygame 2.6.1 (SDL 2.28.4, Python 3.10.12)
Hello from the pygame community. https://www.pygame.org/contribute.html
  Loading cached version of road network...
  Loaded cached network in 0.14 seconds.
  Pruning scenario...
  Pruned scenario in 2.98e-05 seconds.
Scenario constructed in 1.41 seconds.
  Connecting to CARLA on port 2000
  Map loaded in simulator.
  Generated scene in 6 iterations, 0.01278 seconds.
  Beginning simulation of top-level scenario...
  Ran simulation in 7.96 seconds.
Beginning scenario construction...
pygame 2.6.1 (SDL 2.28.4, Python 3.10.12)
Hello from the pygame community. https://www.pygame.org/contribute.html
  Loading cached version of road network...
  Loaded cached network in 0.14 seconds.
  Pruning scenario...
  Pruned scenario in 1.907e-05 seconds.
Scenario constructed in 1.42 seconds.
  Connecting to CARLA on port 2000
  Map loaded in simulator.
  Generated scene in 3 iterations, 0.008354 seconds.
  Beginning simulation of top-level scenario...
  Ran simulation in 7.352 seconds.
Beginning scenario construction...
pygame 2.6.1 (SDL 2.28.4, Python 3.10.12)
Hello from the pygame community. https://www.pygame.org/contribute.html
  Loading cached version of road network...
  Loaded cached network in 0.14 seconds.
  Pruning scenario...
  Pruned scenario in 1.788e-05 seconds.
Scenario constructed in 1.42 seconds.
  Connecting to CARLA on port 2000
  Map loaded in simulator.
  Generated scene in 1 iterations, 0.005253 seconds.
  Beginning simulation of top-level scenario...
  Ran simulation in 8.462 seconds.
Beginning scenario construction...
pygame 2.6.1 (SDL 2.28.4, Python 3.10.12)
Hello from the pygame community. https://www.pygame.org/contribute.html
  Loading cached version of road network...
  Loaded cached network in 0.14 seconds.
  Pruning scenario...
  Pruned scenario in 2.05e-05 seconds.
Scenario constructed in 1.43 seconds.
  Connecting to CARLA on port 2000
  Map loaded in simulator.
  Generated scene in 3 iterations, 0.008522 seconds.
  Beginning simulation of top-level scenario...
  Ran simulation in 8.441 seconds.
Beginning scenario construction...
pygame 2.6.1 (SDL 2.28.4, Python 3.10.12)
Hello from the pygame community. https://www.pygame.org/contribute.html
  Loading cached version of road network...
  Loaded cached network in 0.14 seconds.
  Pruning scenario...
  Pruned scenario in 1.86e-05 seconds.
Scenario constructed in 1.43 seconds.
  Connecting to CARLA on port 2000
  Map loaded in simulator.
  Generated scene in 3 iterations, 0.008574 seconds.
  Beginning simulation of top-level scenario...
  Ran simulation in 8.104 seconds.
Beginning scenario construction...
pygame 2.6.1 (SDL 2.28.4, Python 3.10.12)
Hello from the pygame community. https://www.pygame.org/contribute.html
  Loading cached version of road network...
  Loaded cached network in 0.14 seconds.
  Pruning scenario...
  Pruned scenario in 1.931e-05 seconds.
Scenario constructed in 1.43 seconds.
  Connecting to CARLA on port 2000
  Map loaded in simulator.
  Generated scene in 2 iterations, 0.007136 seconds.
  Beginning simulation of top-level scenario...
  Ran simulation in 7.955 seconds.
Beginning scenario construction...
pygame 2.6.1 (SDL 2.28.4, Python 3.10.12)
Hello from the pygame community. https://www.pygame.org/contribute.html
  Loading cached version of road network...
  Loaded cached network in 0.14 seconds.
  Pruning scenario...
  Pruned scenario in 2.36e-05 seconds.
Scenario constructed in 1.41 seconds.
  Connecting to CARLA on port 2000
  Map loaded in simulator.
  Generated scene in 2 iterations, 0.007127 seconds.
  Beginning simulation of top-level scenario...
  Ran simulation in 8.32 seconds.
Beginning scenario construction...
pygame 2.6.1 (SDL 2.28.4, Python 3.10.12)
Hello from the pygame community. https://www.pygame.org/contribute.html
  Loading cached version of road network...
  Loaded cached network in 0.14 seconds.
  Pruning scenario...
  Pruned scenario in 2.003e-05 seconds.
Scenario constructed in 1.43 seconds.
  Connecting to CARLA on port 2000
  Map loaded in simulator.
  Generated scene in 2 iterations, 0.007023 seconds.
  Beginning simulation of top-level scenario...
  Ran simulation in 8.184 seconds.
Beginning scenario construction...
pygame 2.6.1 (SDL 2.28.4, Python 3.10.12)
Hello from the pygame community. https://www.pygame.org/contribute.html
  Loading cached version of road network...
  Loaded cached network in 0.14 seconds.
  Pruning scenario...
  Pruned scenario in 2.122e-05 seconds.
Scenario constructed in 1.42 seconds.
  Connecting to CARLA on port 2000
  Map loaded in simulator.
  Generated scene in 2 iterations, 0.007049 seconds.
  Beginning simulation of top-level scenario...
  Ran simulation in 7.74 seconds.
Beginning scenario construction...
pygame 2.6.1 (SDL 2.28.4, Python 3.10.12)
Hello from the pygame community. https://www.pygame.org/contribute.html
  Loading cached version of road network...
  Loaded cached network in 0.14 seconds.
  Pruning scenario...
  Pruned scenario in 2.456e-05 seconds.
Scenario constructed in 1.43 seconds.
  Connecting to CARLA on port 2000
  Map loaded in simulator.
  Generated scene in 6 iterations, 0.01273 seconds.
  Beginning simulation of top-level scenario...
  Ran simulation in 8.768 seconds.
Beginning scenario construction...
pygame 2.6.1 (SDL 2.28.4, Python 3.10.12)
Hello from the pygame community. https://www.pygame.org/contribute.html
  Loading cached version of road network...
  Loaded cached network in 0.14 seconds.
  Pruning scenario...
  Pruned scenario in 1.884e-05 seconds.
Scenario constructed in 1.41 seconds.
  Connecting to CARLA on port 2000
  Map loaded in simulator.
  Generated scene in 1 iterations, 0.005379 seconds.
  Beginning simulation of top-level scenario...
  Ran simulation in 10.14 seconds.
Beginning scenario construction...
pygame 2.6.1 (SDL 2.28.4, Python 3.10.12)
Hello from the pygame community. https://www.pygame.org/contribute.html
  Loading cached version of road network...
  Loaded cached network in 0.14 seconds.
  Pruning scenario...
  Pruned scenario in 2.074e-05 seconds.
Scenario constructed in 1.44 seconds.
  Connecting to CARLA on port 2000
  Map loaded in simulator.
  Generated scene in 1 iterations, 0.005278 seconds.
  Beginning simulation of top-level scenario...
  Ran simulation in 14.95 seconds.
Beginning scenario construction...
pygame 2.6.1 (SDL 2.28.4, Python 3.10.12)
Hello from the pygame community. https://www.pygame.org/contribute.html
  Loading cached version of road network...
  Loaded cached network in 0.14 seconds.
  Pruning scenario...
  Pruned scenario in 1.979e-05 seconds.
Scenario constructed in 1.41 seconds.
  Connecting to CARLA on port 2000
  Map loaded in simulator.
  Generated scene in 8 iterations, 0.01598 seconds.
  Beginning simulation of top-level scenario...
  Ran simulation in 13.71 seconds.
Beginning scenario construction...
pygame 2.6.1 (SDL 2.28.4, Python 3.10.12)
Hello from the pygame community. https://www.pygame.org/contribute.html
  Loading cached version of road network...
  Loaded cached network in 0.14 seconds.
  Pruning scenario...
  Pruned scenario in 1.979e-05 seconds.
Scenario constructed in 1.41 seconds.
  Connecting to CARLA on port 2000
  Map loaded in simulator.
  Generated scene in 3 iterations, 0.008998 seconds.
  Beginning simulation of top-level scenario...
  Ran simulation in 13.58 seconds.
Beginning scenario construction...
pygame 2.6.1 (SDL 2.28.4, Python 3.10.12)
Hello from the pygame community. https://www.pygame.org/contribute.html
  Loading cached version of road network...
  Loaded cached network in 0.14 seconds.
  Pruning scenario...
  Pruned scenario in 2.098e-05 seconds.
Scenario constructed in 1.42 seconds.
  Connecting to CARLA on port 2000
  Map loaded in simulator.
  Generated scene in 2 iterations, 0.007205 seconds.
  Beginning simulation of top-level scenario...
  Ran simulation in 15.47 seconds.
Beginning scenario construction...
pygame 2.6.1 (SDL 2.28.4, Python 3.10.12)
Hello from the pygame community. https://www.pygame.org/contribute.html
  Loading cached version of road network...
  Loaded cached network in 0.14 seconds.
  Pruning scenario...
  Pruned scenario in 2.05e-05 seconds.
Scenario constructed in 1.43 seconds.
  Connecting to CARLA on port 2000
  Map loaded in simulator.
  Generated scene in 1 iterations, 0.005345 seconds.
  Beginning simulation of top-level scenario...
  Ran simulation in 13.45 seconds.
Beginning scenario construction...
pygame 2.6.1 (SDL 2.28.4, Python 3.10.12)
Hello from the pygame community. https://www.pygame.org/contribute.html
  Loading cached version of road network...
  Loaded cached network in 0.14 seconds.
  Pruning scenario...
  Pruned scenario in 1.979e-05 seconds.
Scenario constructed in 1.41 seconds.
  Connecting to CARLA on port 2000
  Map loaded in simulator.
  Generated scene in 3 iterations, 0.009061 seconds.
  Beginning simulation of top-level scenario...
  Ran simulation in 16.25 seconds.
Beginning scenario construction...
pygame 2.6.1 (SDL 2.28.4, Python 3.10.12)
Hello from the pygame community. https://www.pygame.org/contribute.html
  Loading cached version of road network...
  Loaded cached network in 0.13 seconds.
  Pruning scenario...
  Pruned scenario in 2.217e-05 seconds.
Scenario constructed in 1.42 seconds.
  Connecting to CARLA on port 2000
  Map loaded in simulator.
  Generated scene in 5 iterations, 0.01166 seconds.
  Beginning simulation of top-level scenario...
  Ran simulation in 14.41 seconds.
Beginning scenario construction...
pygame 2.6.1 (SDL 2.28.4, Python 3.10.12)
Hello from the pygame community. https://www.pygame.org/contribute.html
  Loading cached version of road network...
  Loaded cached network in 0.14 seconds.
  Pruning scenario...
  Pruned scenario in 2.48e-05 seconds.
Scenario constructed in 1.52 seconds.
  Connecting to CARLA on port 2000
  Map loaded in simulator.
  Generated scene in 9 iterations, 0.01787 seconds.
  Beginning simulation of top-level scenario...
  Ran simulation in 14.48 seconds.
Beginning scenario construction...
pygame 2.6.1 (SDL 2.28.4, Python 3.10.12)
Hello from the pygame community. https://www.pygame.org/contribute.html
  Loading cached version of road network...
  Loaded cached network in 0.14 seconds.
  Pruning scenario...
  Pruned scenario in 2.193e-05 seconds.
Scenario constructed in 1.42 seconds.
  Connecting to CARLA on port 2000
  Map loaded in simulator.
  Generated scene in 2 iterations, 0.007391 seconds.
  Beginning simulation of top-level scenario...
  Ran simulation in 17.06 seconds.
Beginning scenario construction...
pygame 2.6.1 (SDL 2.28.4, Python 3.10.12)
Hello from the pygame community. https://www.pygame.org/contribute.html
  Loading cached version of road network...
  Loaded cached network in 0.14 seconds.
  Pruning scenario...
  Pruned scenario in 1.907e-05 seconds.
Scenario constructed in 1.41 seconds.
  Connecting to CARLA on port 2000
  Map loaded in simulator.
  Generated scene in 5 iterations, 0.0116 seconds.
  Beginning simulation of top-level scenario...
  Ran simulation in 18.25 seconds.
Beginning scenario construction...
pygame 2.6.1 (SDL 2.28.4, Python 3.10.12)
Hello from the pygame community. https://www.pygame.org/contribute.html
  Loading cached version of road network...
  Loaded cached network in 0.14 seconds.
  Pruning scenario...
  Pruned scenario in 1.836e-05 seconds.
Scenario constructed in 1.42 seconds.
  Connecting to CARLA on port 2000
  Map loaded in simulator.
  Generated scene in 3 iterations, 0.008825 seconds.
  Beginning simulation of top-level scenario...
  Ran simulation in 15.09 seconds.
Beginning scenario construction...
pygame 2.6.1 (SDL 2.28.4, Python 3.10.12)
Hello from the pygame community. https://www.pygame.org/contribute.html
  Loading cached version of road network...
  Loaded cached network in 0.14 seconds.
  Pruning scenario...
  Pruned scenario in 2.146e-05 seconds.
Scenario constructed in 1.42 seconds.
  Connecting to CARLA on port 2000
  Map loaded in simulator.
  Generated scene in 1 iterations, 0.00537 seconds.
  Beginning simulation of top-level scenario...
  Ran simulation in 14.59 seconds.
Beginning scenario construction...
pygame 2.6.1 (SDL 2.28.4, Python 3.10.12)
Hello from the pygame community. https://www.pygame.org/contribute.html
  Loading cached version of road network...
  Loaded cached network in 0.14 seconds.
  Pruning scenario...
  Pruned scenario in 1.907e-05 seconds.
Scenario constructed in 1.42 seconds.
  Connecting to CARLA on port 2000
  Map loaded in simulator.
  Generated scene in 1 iterations, 0.005309 seconds.
  Beginning simulation of top-level scenario...
  Ran simulation in 17.19 seconds.
Beginning scenario construction...
pygame 2.6.1 (SDL 2.28.4, Python 3.10.12)
Hello from the pygame community. https://www.pygame.org/contribute.html
  Loading cached version of road network...
  Loaded cached network in 0.14 seconds.
  Pruning scenario...
  Pruned scenario in 1.884e-05 seconds.
Scenario constructed in 1.40 seconds.
  Connecting to CARLA on port 2000
  Map loaded in simulator.
  Generated scene in 2 iterations, 0.007435 seconds.
  Beginning simulation of top-level scenario...
  Ran simulation in 15.07 seconds.
Beginning scenario construction...
pygame 2.6.1 (SDL 2.28.4, Python 3.10.12)
Hello from the pygame community. https://www.pygame.org/contribute.html
  Loading cached version of road network...
  Loaded cached network in 0.14 seconds.
  Pruning scenario...
  Pruned scenario in 1.788e-05 seconds.
Scenario constructed in 1.44 seconds.
  Connecting to CARLA on port 2000
  Map loaded in simulator.
  Generated scene in 4 iterations, 0.01007 seconds.
  Beginning simulation of top-level scenario...
  Ran simulation in 14.58 seconds.
Beginning scenario construction...
pygame 2.6.1 (SDL 2.28.4, Python 3.10.12)
Hello from the pygame community. https://www.pygame.org/contribute.html
  Loading cached version of road network...
  Loaded cached network in 0.14 seconds.
  Pruning scenario...
  Pruned scenario in 1.74e-05 seconds.
Scenario constructed in 1.42 seconds.
  Connecting to CARLA on port 2000
  Map loaded in simulator.
  Generated scene in 2 iterations, 0.007341 seconds.
  Beginning simulation of top-level scenario...
  Ran simulation in 15.28 seconds.
Beginning scenario construction...
pygame 2.6.1 (SDL 2.28.4, Python 3.10.12)
Hello from the pygame community. https://www.pygame.org/contribute.html
  Loading cached version of road network...
  Loaded cached network in 0.14 seconds.
  Pruning scenario...
  Pruned scenario in 2.432e-05 seconds.
Scenario constructed in 1.42 seconds.
  Connecting to CARLA on port 2000
  Map loaded in simulator.
  Generated scene in 4 iterations, 0.01025 seconds.
  Beginning simulation of top-level scenario...
  Ran simulation in 14.24 seconds.
Beginning scenario construction...
pygame 2.6.1 (SDL 2.28.4, Python 3.10.12)
Hello from the pygame community. https://www.pygame.org/contribute.html
  Loading cached version of road network...
  Loaded cached network in 0.14 seconds.
  Pruning scenario...
  Pruned scenario in 2.17e-05 seconds.
Scenario constructed in 1.42 seconds.
  Connecting to CARLA on port 2000
  Map loaded in simulator.
  Generated scene in 3 iterations, 0.008713 seconds.
  Beginning simulation of top-level scenario...
  Ran simulation in 15.19 seconds.
Beginning scenario construction...
pygame 2.6.1 (SDL 2.28.4, Python 3.10.12)
Hello from the pygame community. https://www.pygame.org/contribute.html
  Loading cached version of road network...
  Loaded cached network in 0.14 seconds.
  Pruning scenario...
  Pruned scenario in 1.955e-05 seconds.
Scenario constructed in 1.40 seconds.
  Connecting to CARLA on port 2000
  Map loaded in simulator.
  Generated scene in 3 iterations, 0.008782 seconds.
  Beginning simulation of top-level scenario...
  Ran simulation in 18.68 seconds.
Beginning scenario construction...
pygame 2.6.1 (SDL 2.28.4, Python 3.10.12)
Hello from the pygame community. https://www.pygame.org/contribute.html
  Loading cached version of road network...
  Loaded cached network in 0.14 seconds.
  Pruning scenario...
  Pruned scenario in 2.193e-05 seconds.
Scenario constructed in 1.42 seconds.
  Connecting to CARLA on port 2000
  Map loaded in simulator.
  Generated scene in 3 iterations, 0.00883 seconds.
  Beginning simulation of top-level scenario...
  Ran simulation in 16.86 seconds.
Beginning scenario construction...
pygame 2.6.1 (SDL 2.28.4, Python 3.10.12)
Hello from the pygame community. https://www.pygame.org/contribute.html
  Loading cached version of road network...
  Loaded cached network in 0.14 seconds.
  Pruning scenario...
  Pruned scenario in 2.027e-05 seconds.
Scenario constructed in 1.45 seconds.
  Connecting to CARLA on port 2000
  Map loaded in simulator.
  Generated scene in 1 iterations, 0.00533 seconds.
  Beginning simulation of top-level scenario...
  Ran simulation in 16.19 seconds.
Beginning scenario construction...
pygame 2.6.1 (SDL 2.28.4, Python 3.10.12)
Hello from the pygame community. https://www.pygame.org/contribute.html
  Loading cached version of road network...
  Loaded cached network in 0.14 seconds.
  Pruning scenario...
  Pruned scenario in 1.907e-05 seconds.
Scenario constructed in 1.41 seconds.
  Connecting to CARLA on port 2000
  Map loaded in simulator.
  Generated scene in 4 iterations, 0.01041 seconds.
  Beginning simulation of top-level scenario...
  Ran simulation in 18.04 seconds.
Beginning scenario construction...
pygame 2.6.1 (SDL 2.28.4, Python 3.10.12)
Hello from the pygame community. https://www.pygame.org/contribute.html
  Loading cached version of road network...
  Loaded cached network in 0.14 seconds.
  Pruning scenario...
  Pruned scenario in 1.979e-05 seconds.
Scenario constructed in 1.43 seconds.
  Connecting to CARLA on port 2000
  Map loaded in simulator.
  Generated scene in 3 iterations, 0.009031 seconds.
  Beginning simulation of top-level scenario...
  Ran simulation in 16.12 seconds.
Beginning scenario construction...
pygame 2.6.1 (SDL 2.28.4, Python 3.10.12)
Hello from the pygame community. https://www.pygame.org/contribute.html
  Loading cached version of road network...
  Loaded cached network in 0.14 seconds.
  Pruning scenario...
  Pruned scenario in 2.337e-05 seconds.
Scenario constructed in 1.41 seconds.
  Connecting to CARLA on port 2000
  Map loaded in simulator.
  Generated scene in 2 iterations, 0.007521 seconds.
  Beginning simulation of top-level scenario...
  Ran simulation in 18.09 seconds.
Beginning scenario construction...
pygame 2.6.1 (SDL 2.28.4, Python 3.10.12)
Hello from the pygame community. https://www.pygame.org/contribute.html
  Loading cached version of road network...
  Loaded cached network in 0.14 seconds.
  Pruning scenario...
  Pruned scenario in 2.05e-05 seconds.
Scenario constructed in 1.42 seconds.
  Connecting to CARLA on port 2000
  Map loaded in simulator.
  Generated scene in 6 iterations, 0.0135 seconds.
  Beginning simulation of top-level scenario...
  Ran simulation in 17.79 seconds.
Beginning scenario construction...
pygame 2.6.1 (SDL 2.28.4, Python 3.10.12)
Hello from the pygame community. https://www.pygame.org/contribute.html
  Loading cached version of road network...
  Loaded cached network in 0.13 seconds.
  Pruning scenario...
  Pruned scenario in 1.836e-05 seconds.
Scenario constructed in 1.40 seconds.
  Connecting to CARLA on port 2000
  Map loaded in simulator.
  Generated scene in 6 iterations, 0.01326 seconds.
  Beginning simulation of top-level scenario...
  Ran simulation in 19.66 seconds.
Beginning scenario construction...
pygame 2.6.1 (SDL 2.28.4, Python 3.10.12)
Hello from the pygame community. https://www.pygame.org/contribute.html
  Loading cached version of road network...
  Loaded cached network in 0.14 seconds.
  Pruning scenario...
  Pruned scenario in 1.86e-05 seconds.
Scenario constructed in 1.41 seconds.
  Connecting to CARLA on port 2000
  Map loaded in simulator.
  Generated scene in 4 iterations, 0.01048 seconds.
  Beginning simulation of top-level scenario...
  Ran simulation in 19.44 seconds.
Beginning scenario construction...
pygame 2.6.1 (SDL 2.28.4, Python 3.10.12)
Hello from the pygame community. https://www.pygame.org/contribute.html
  Loading cached version of road network...
  Loaded cached network in 0.14 seconds.
  Pruning scenario...
  Pruned scenario in 2.193e-05 seconds.
Scenario constructed in 1.40 seconds.
  Connecting to CARLA on port 2000
  Map loaded in simulator.
  Generated scene in 2 iterations, 0.007408 seconds.
  Beginning simulation of top-level scenario...
  Ran simulation in 17.85 seconds.
Beginning scenario construction...
pygame 2.6.1 (SDL 2.28.4, Python 3.10.12)
Hello from the pygame community. https://www.pygame.org/contribute.html
  Loading cached version of road network...
  Loaded cached network in 0.14 seconds.
  Pruning scenario...
  Pruned scenario in 1.907e-05 seconds.
Scenario constructed in 1.43 seconds.
  Connecting to CARLA on port 2000
  Map loaded in simulator.
  Generated scene in 2 iterations, 0.007455 seconds.
  Beginning simulation of top-level scenario...
  Ran simulation in 20.25 seconds.
Beginning scenario construction...
pygame 2.6.1 (SDL 2.28.4, Python 3.10.12)
Hello from the pygame community. https://www.pygame.org/contribute.html
  Loading cached version of road network...
  Loaded cached network in 0.14 seconds.
  Pruning scenario...
  Pruned scenario in 1.836e-05 seconds.
Scenario constructed in 1.41 seconds.
  Connecting to CARLA on port 2000
  Map loaded in simulator.
  Generated scene in 5 iterations, 0.01198 seconds.
  Beginning simulation of top-level scenario...
  Ran simulation in 19.51 seconds.
Beginning scenario construction...
pygame 2.6.1 (SDL 2.28.4, Python 3.10.12)
Hello from the pygame community. https://www.pygame.org/contribute.html
  Loading cached version of road network...
  Loaded cached network in 0.14 seconds.
  Pruning scenario...
  Pruned scenario in 2.193e-05 seconds.
Scenario constructed in 1.43 seconds.
  Connecting to CARLA on port 2000
  Map loaded in simulator.
  Generated scene in 3 iterations, 0.008847 seconds.
  Beginning simulation of top-level scenario...
  Ran simulation in 20.26 seconds.
Beginning scenario construction...
pygame 2.6.1 (SDL 2.28.4, Python 3.10.12)
Hello from the pygame community. https://www.pygame.org/contribute.html
  Loading cached version of road network...
  Loaded cached network in 0.14 seconds.
  Pruning scenario...
  Pruned scenario in 2.289e-05 seconds.
Scenario constructed in 1.42 seconds.
  Connecting to CARLA on port 2000
  Map loaded in simulator.
  Generated scene in 2 iterations, 0.007456 seconds.
  Beginning simulation of top-level scenario...
  Ran simulation in 19.34 seconds.
Beginning scenario construction...
pygame 2.6.1 (SDL 2.28.4, Python 3.10.12)
Hello from the pygame community. https://www.pygame.org/contribute.html
  Loading cached version of road network...
  Loaded cached network in 0.14 seconds.
  Pruning scenario...
  Pruned scenario in 2.432e-05 seconds.
Scenario constructed in 1.42 seconds.
  Connecting to CARLA on port 2000
  Map loaded in simulator.
  Generated scene in 2 iterations, 0.007448 seconds.
  Beginning simulation of top-level scenario...
  Ran simulation in 21.71 seconds.
Beginning scenario construction...
pygame 2.6.1 (SDL 2.28.4, Python 3.10.12)
Hello from the pygame community. https://www.pygame.org/contribute.html
  Loading cached version of road network...
  Loaded cached network in 0.14 seconds.
  Pruning scenario...
  Pruned scenario in 1.931e-05 seconds.
Scenario constructed in 1.40 seconds.
  Connecting to CARLA on port 2000
  Map loaded in simulator.
  Generated scene in 3 iterations, 0.009264 seconds.
  Beginning simulation of top-level scenario...
  Ran simulation in 17.8 seconds.
Beginning scenario construction...
pygame 2.6.1 (SDL 2.28.4, Python 3.10.12)
Hello from the pygame community. https://www.pygame.org/contribute.html
  Loading cached version of road network...
  Loaded cached network in 0.13 seconds.
  Pruning scenario...
  Pruned scenario in 2.146e-05 seconds.
Scenario constructed in 1.40 seconds.
  Connecting to CARLA on port 2000
  Map loaded in simulator.
  Generated scene in 2 iterations, 0.007291 seconds.
  Beginning simulation of top-level scenario...
  Ran simulation in 19.64 seconds.
Beginning scenario construction...
pygame 2.6.1 (SDL 2.28.4, Python 3.10.12)
Hello from the pygame community. https://www.pygame.org/contribute.html
  Loading cached version of road network...
  Loaded cached network in 0.14 seconds.
  Pruning scenario...
  Pruned scenario in 2.146e-05 seconds.
Scenario constructed in 1.41 seconds.
  Connecting to CARLA on port 2000
  Map loaded in simulator.
  Generated scene in 3 iterations, 0.008753 seconds.
  Beginning simulation of top-level scenario...
  Ran simulation in 21.58 seconds.
Beginning scenario construction...
pygame 2.6.1 (SDL 2.28.4, Python 3.10.12)
Hello from the pygame community. https://www.pygame.org/contribute.html
  Loading cached version of road network...
  Loaded cached network in 0.13 seconds.
  Pruning scenario...
  Pruned scenario in 1.907e-05 seconds.
Scenario constructed in 1.41 seconds.
  Connecting to CARLA on port 2000
  Map loaded in simulator.
  Generated scene in 3 iterations, 0.008896 seconds.
  Beginning simulation of top-level scenario...
  Ran simulation in 18.89 seconds.
Beginning scenario construction...
pygame 2.6.1 (SDL 2.28.4, Python 3.10.12)
Hello from the pygame community. https://www.pygame.org/contribute.html
  Loading cached version of road network...
  Loaded cached network in 0.14 seconds.
  Pruning scenario...
  Pruned scenario in 2.074e-05 seconds.
Scenario constructed in 1.39 seconds.
  Connecting to CARLA on port 2000
  Map loaded in simulator.
  Generated scene in 2 iterations, 0.007529 seconds.
  Beginning simulation of top-level scenario...
  Ran simulation in 17.8 seconds.
Beginning scenario construction...
pygame 2.6.1 (SDL 2.28.4, Python 3.10.12)
Hello from the pygame community. https://www.pygame.org/contribute.html
  Loading cached version of road network...
  Loaded cached network in 0.14 seconds.
  Pruning scenario...
  Pruned scenario in 2.694e-05 seconds.
Scenario constructed in 1.44 seconds.
  Connecting to CARLA on port 2000
  Map loaded in simulator.
  Generated scene in 4 iterations, 0.01066 seconds.
  Beginning simulation of top-level scenario...
  Ran simulation in 18.07 seconds.
Beginning scenario construction...
pygame 2.6.1 (SDL 2.28.4, Python 3.10.12)
Hello from the pygame community. https://www.pygame.org/contribute.html
  Loading cached version of road network...
  Loaded cached network in 0.13 seconds.
  Pruning scenario...
  Pruned scenario in 1.86e-05 seconds.
Scenario constructed in 1.40 seconds.
  Connecting to CARLA on port 2000
  Map loaded in simulator.
  Generated scene in 3 iterations, 0.008786 seconds.
  Beginning simulation of top-level scenario...
  Ran simulation in 20.05 seconds.
Beginning scenario construction...
pygame 2.6.1 (SDL 2.28.4, Python 3.10.12)
Hello from the pygame community. https://www.pygame.org/contribute.html
  Loading cached version of road network...
  Loaded cached network in 0.14 seconds.
  Pruning scenario...
  Pruned scenario in 2.289e-05 seconds.
Scenario constructed in 1.43 seconds.
  Connecting to CARLA on port 2000
  Map loaded in simulator.
  Generated scene in 3 iterations, 0.008919 seconds.
  Beginning simulation of top-level scenario...
  Ran simulation in 17.68 seconds.
Beginning scenario construction...
pygame 2.6.1 (SDL 2.28.4, Python 3.10.12)
Hello from the pygame community. https://www.pygame.org/contribute.html
  Loading cached version of road network...
  Loaded cached network in 0.13 seconds.
  Pruning scenario...
  Pruned scenario in 2.027e-05 seconds.
Scenario constructed in 1.40 seconds.
  Connecting to CARLA on port 2000
  Map loaded in simulator.
  Generated scene in 2 iterations, 0.00726 seconds.
  Beginning simulation of top-level scenario...
  Ran simulation in 18.03 seconds.
Beginning scenario construction...
pygame 2.6.1 (SDL 2.28.4, Python 3.10.12)
Hello from the pygame community. https://www.pygame.org/contribute.html
  Loading cached version of road network...
  Loaded cached network in 0.14 seconds.
  Pruning scenario...
  Pruned scenario in 2.074e-05 seconds.
Scenario constructed in 1.40 seconds.
  Connecting to CARLA on port 2000
  Map loaded in simulator.
  Generated scene in 1 iterations, 0.005389 seconds.
  Beginning simulation of top-level scenario...
  Ran simulation in 18.76 seconds.
Beginning scenario construction...
pygame 2.6.1 (SDL 2.28.4, Python 3.10.12)
Hello from the pygame community. https://www.pygame.org/contribute.html
  Loading cached version of road network...
  Loaded cached network in 0.14 seconds.
  Pruning scenario...
  Pruned scenario in 1.86e-05 seconds.
Scenario constructed in 1.39 seconds.
  Connecting to CARLA on port 2000
  Map loaded in simulator.
  Generated scene in 2 iterations, 0.007365 seconds.
  Beginning simulation of top-level scenario...
  Ran simulation in 17.95 seconds.
Beginning scenario construction...
pygame 2.6.1 (SDL 2.28.4, Python 3.10.12)
Hello from the pygame community. https://www.pygame.org/contribute.html
  Loading cached version of road network...
  Loaded cached network in 0.13 seconds.
  Pruning scenario...
  Pruned scenario in 1.836e-05 seconds.
Scenario constructed in 1.42 seconds.
  Connecting to CARLA on port 2000
  Map loaded in simulator.
  Generated scene in 10 iterations, 0.01946 seconds.
  Beginning simulation of top-level scenario...
  Ran simulation in 18.92 seconds.
Beginning scenario construction...
pygame 2.6.1 (SDL 2.28.4, Python 3.10.12)
Hello from the pygame community. https://www.pygame.org/contribute.html
  Loading cached version of road network...
  Loaded cached network in 0.14 seconds.
  Pruning scenario...
  Pruned scenario in 1.884e-05 seconds.
Scenario constructed in 1.41 seconds.
  Connecting to CARLA on port 2000
  Map loaded in simulator.
  Generated scene in 6 iterations, 0.01349 seconds.
  Beginning simulation of top-level scenario...
  Ran simulation in 18.57 seconds.
Beginning scenario construction...
pygame 2.6.1 (SDL 2.28.4, Python 3.10.12)
Hello from the pygame community. https://www.pygame.org/contribute.html
  Loading cached version of road network...
  Loaded cached network in 0.13 seconds.
  Pruning scenario...
  Pruned scenario in 2.408e-05 seconds.
Scenario constructed in 1.42 seconds.
  Connecting to CARLA on port 2000
  Map loaded in simulator.
  Generated scene in 2 iterations, 0.007225 seconds.
  Beginning simulation of top-level scenario...
  Ran simulation in 18.06 seconds.
Beginning scenario construction...
pygame 2.6.1 (SDL 2.28.4, Python 3.10.12)
Hello from the pygame community. https://www.pygame.org/contribute.html
  Loading cached version of road network...
  Loaded cached network in 0.13 seconds.
  Pruning scenario...
  Pruned scenario in 2.098e-05 seconds.
Scenario constructed in 1.41 seconds.
  Connecting to CARLA on port 2000
  Map loaded in simulator.
  Generated scene in 1 iterations, 0.00533 seconds.
  Beginning simulation of top-level scenario...
  Ran simulation in 19.78 seconds.
Beginning scenario construction...
pygame 2.6.1 (SDL 2.28.4, Python 3.10.12)
Hello from the pygame community. https://www.pygame.org/contribute.html
  Loading cached version of road network...
  Loaded cached network in 0.13 seconds.
  Pruning scenario...
  Pruned scenario in 1.836e-05 seconds.
Scenario constructed in 1.43 seconds.
  Connecting to CARLA on port 2000
  Map loaded in simulator.
  Generated scene in 2 iterations, 0.007535 seconds.
  Beginning simulation of top-level scenario...
  Ran simulation in 17.59 seconds.
Beginning scenario construction...
pygame 2.6.1 (SDL 2.28.4, Python 3.10.12)
Hello from the pygame community. https://www.pygame.org/contribute.html
  Loading cached version of road network...
  Loaded cached network in 0.14 seconds.
  Pruning scenario...
  Pruned scenario in 2.36e-05 seconds.
Scenario constructed in 1.41 seconds.
  Connecting to CARLA on port 2000
  Map loaded in simulator.
  Generated scene in 2 iterations, 0.007287 seconds.
  Beginning simulation of top-level scenario...
  Ran simulation in 18.04 seconds.
Beginning scenario construction...
pygame 2.6.1 (SDL 2.28.4, Python 3.10.12)
Hello from the pygame community. https://www.pygame.org/contribute.html
  Loading cached version of road network...
  Loaded cached network in 0.14 seconds.
  Pruning scenario...
  Pruned scenario in 1.884e-05 seconds.
Scenario constructed in 1.42 seconds.
  Connecting to CARLA on port 2000
  Map loaded in simulator.
  Generated scene in 3 iterations, 0.008893 seconds.
  Beginning simulation of top-level scenario...
  Ran simulation in 18.15 seconds.
Beginning scenario construction...
pygame 2.6.1 (SDL 2.28.4, Python 3.10.12)
Hello from the pygame community. https://www.pygame.org/contribute.html
  Loading cached version of road network...
  Loaded cached network in 0.14 seconds.
  Pruning scenario...
  Pruned scenario in 2.027e-05 seconds.
Scenario constructed in 1.41 seconds.
  Connecting to CARLA on port 2000
  Map loaded in simulator.
  Generated scene in 2 iterations, 0.00736 seconds.
  Beginning simulation of top-level scenario...
  Ran simulation in 18.55 seconds.
Beginning scenario construction...
pygame 2.6.1 (SDL 2.28.4, Python 3.10.12)
Hello from the pygame community. https://www.pygame.org/contribute.html
  Loading cached version of road network...
  Loaded cached network in 0.13 seconds.
  Pruning scenario...
  Pruned scenario in 2.027e-05 seconds.
Scenario constructed in 1.40 seconds.
  Connecting to CARLA on port 2000
  Map loaded in simulator.
  Generated scene in 1 iterations, 0.005339 seconds.
  Beginning simulation of top-level scenario...
  Ran simulation in 18.73 seconds.
Beginning scenario construction...
pygame 2.6.1 (SDL 2.28.4, Python 3.10.12)
Hello from the pygame community. https://www.pygame.org/contribute.html
  Loading cached version of road network...
  Loaded cached network in 0.14 seconds.
  Pruning scenario...
  Pruned scenario in 2.027e-05 seconds.
Scenario constructed in 1.42 seconds.
  Connecting to CARLA on port 2000
  Map loaded in simulator.
  Generated scene in 1 iterations, 0.005402 seconds.
  Beginning simulation of top-level scenario...
  Ran simulation in 17.28 seconds.
Beginning scenario construction...
pygame 2.6.1 (SDL 2.28.4, Python 3.10.12)
Hello from the pygame community. https://www.pygame.org/contribute.html
  Loading cached version of road network...
  Loaded cached network in 0.14 seconds.
  Pruning scenario...
  Pruned scenario in 1.884e-05 seconds.
Scenario constructed in 1.42 seconds.
  Connecting to CARLA on port 2000
  Map loaded in simulator.
  Generated scene in 5 iterations, 0.0121 seconds.
  Beginning simulation of top-level scenario...
  Ran simulation in 19.03 seconds.
Beginning scenario construction...
pygame 2.6.1 (SDL 2.28.4, Python 3.10.12)
Hello from the pygame community. https://www.pygame.org/contribute.html
  Loading cached version of road network...
  Loaded cached network in 0.13 seconds.
  Pruning scenario...
  Pruned scenario in 1.717e-05 seconds.
Scenario constructed in 1.39 seconds.
  Connecting to CARLA on port 2000
  Map loaded in simulator.
  Generated scene in 7 iterations, 0.0155 seconds.
  Beginning simulation of top-level scenario...
  Ran simulation in 17.93 seconds.
Beginning scenario construction...
pygame 2.6.1 (SDL 2.28.4, Python 3.10.12)
Hello from the pygame community. https://www.pygame.org/contribute.html
  Loading cached version of road network...
  Loaded cached network in 0.14 seconds.
  Pruning scenario...
  Pruned scenario in 2.074e-05 seconds.
Scenario constructed in 1.42 seconds.
  Connecting to CARLA on port 2000
  Map loaded in simulator.
  Generated scene in 1 iterations, 0.005399 seconds.
  Beginning simulation of top-level scenario...
  Ran simulation in 19.06 seconds.
Beginning scenario construction...
pygame 2.6.1 (SDL 2.28.4, Python 3.10.12)
Hello from the pygame community. https://www.pygame.org/contribute.html
  Loading cached version of road network...
  Loaded cached network in 0.14 seconds.
  Pruning scenario...
  Pruned scenario in 1.955e-05 seconds.
Scenario constructed in 1.45 seconds.
  Connecting to CARLA on port 2000
  Map loaded in simulator.
  Generated scene in 1 iterations, 0.005347 seconds.
  Beginning simulation of top-level scenario...
  Ran simulation in 18.79 seconds.
Beginning scenario construction...
pygame 2.6.1 (SDL 2.28.4, Python 3.10.12)
Hello from the pygame community. https://www.pygame.org/contribute.html
  Loading cached version of road network...
  Loaded cached network in 0.14 seconds.
  Pruning scenario...
  Pruned scenario in 1.955e-05 seconds.
Scenario constructed in 1.40 seconds.
  Connecting to CARLA on port 2000
  Map loaded in simulator.
  Generated scene in 3 iterations, 0.008942 seconds.
  Beginning simulation of top-level scenario...
  Ran simulation in 21.53 seconds.
Beginning scenario construction...
pygame 2.6.1 (SDL 2.28.4, Python 3.10.12)
Hello from the pygame community. https://www.pygame.org/contribute.html
  Loading cached version of road network...
  Loaded cached network in 0.14 seconds.
  Pruning scenario...
  Pruned scenario in 2.313e-05 seconds.
Scenario constructed in 1.40 seconds.
  Connecting to CARLA on port 2000
  Map loaded in simulator.
  Generated scene in 2 iterations, 0.007418 seconds.
  Beginning simulation of top-level scenario...
  Ran simulation in 21.53 seconds.
Beginning scenario construction...
pygame 2.6.1 (SDL 2.28.4, Python 3.10.12)
Hello from the pygame community. https://www.pygame.org/contribute.html
  Loading cached version of road network...
  Loaded cached network in 0.14 seconds.
  Pruning scenario...
  Pruned scenario in 2.408e-05 seconds.
Scenario constructed in 1.42 seconds.
  Connecting to CARLA on port 2000
  Map loaded in simulator.
  Generated scene in 2 iterations, 0.007506 seconds.
  Beginning simulation of top-level scenario...
  Ran simulation in 17.75 seconds.
Beginning scenario construction...
pygame 2.6.1 (SDL 2.28.4, Python 3.10.12)
Hello from the pygame community. https://www.pygame.org/contribute.html
  Loading cached version of road network...
  Loaded cached network in 0.14 seconds.
  Pruning scenario...
  Pruned scenario in 2.527e-05 seconds.
Scenario constructed in 1.40 seconds.
  Connecting to CARLA on port 2000
  Map loaded in simulator.
  Generated scene in 7 iterations, 0.01503 seconds.
  Beginning simulation of top-level scenario...
  Ran simulation in 19.78 seconds.
Beginning scenario construction...
pygame 2.6.1 (SDL 2.28.4, Python 3.10.12)
Hello from the pygame community. https://www.pygame.org/contribute.html
  Loading cached version of road network...
  Loaded cached network in 0.14 seconds.
  Pruning scenario...
  Pruned scenario in 2.027e-05 seconds.
Scenario constructed in 1.43 seconds.
  Connecting to CARLA on port 2000
  Map loaded in simulator.
  Generated scene in 2 iterations, 0.007412 seconds.
  Beginning simulation of top-level scenario...
  Ran simulation in 17.67 seconds.
Beginning scenario construction...
pygame 2.6.1 (SDL 2.28.4, Python 3.10.12)
Hello from the pygame community. https://www.pygame.org/contribute.html
  Loading cached version of road network...
  Loaded cached network in 0.14 seconds.
  Pruning scenario...
  Pruned scenario in 2.003e-05 seconds.
Scenario constructed in 1.40 seconds.
  Connecting to CARLA on port 2000
  Map loaded in simulator.
  Generated scene in 1 iterations, 0.005422 seconds.
  Beginning simulation of top-level scenario...
  Ran simulation in 18.93 seconds.
Beginning scenario construction...
pygame 2.6.1 (SDL 2.28.4, Python 3.10.12)
Hello from the pygame community. https://www.pygame.org/contribute.html
  Loading cached version of road network...
  Loaded cached network in 0.14 seconds.
  Pruning scenario...
  Pruned scenario in 2.36e-05 seconds.
Scenario constructed in 1.41 seconds.
  Connecting to CARLA on port 2000
  Map loaded in simulator.
  Generated scene in 1 iterations, 0.005432 seconds.
  Beginning simulation of top-level scenario...
  Ran simulation in 18.67 seconds.
Beginning scenario construction...
pygame 2.6.1 (SDL 2.28.4, Python 3.10.12)
Hello from the pygame community. https://www.pygame.org/contribute.html
  Loading cached version of road network...
  Loaded cached network in 0.13 seconds.
  Pruning scenario...
  Pruned scenario in 1.884e-05 seconds.
Scenario constructed in 1.39 seconds.
  Connecting to CARLA on port 2000
  Map loaded in simulator.
  Generated scene in 10 iterations, 0.01959 seconds.
  Beginning simulation of top-level scenario...
  Ran simulation in 19.19 seconds.
Beginning scenario construction...
pygame 2.6.1 (SDL 2.28.4, Python 3.10.12)
Hello from the pygame community. https://www.pygame.org/contribute.html
  Loading cached version of road network...
  Loaded cached network in 0.13 seconds.
  Pruning scenario...
  Pruned scenario in 2.146e-05 seconds.
Scenario constructed in 1.40 seconds.
  Connecting to CARLA on port 2000
  Map loaded in simulator.
  Generated scene in 1 iterations, 0.005371 seconds.
  Beginning simulation of top-level scenario...
  Ran simulation in 19 seconds.
Beginning scenario construction...
pygame 2.6.1 (SDL 2.28.4, Python 3.10.12)
Hello from the pygame community. https://www.pygame.org/contribute.html
  Loading cached version of road network...
  Loaded cached network in 0.13 seconds.
  Pruning scenario...
  Pruned scenario in 2.027e-05 seconds.
Scenario constructed in 1.40 seconds.
  Connecting to CARLA on port 2000
  Map loaded in simulator.
  Generated scene in 4 iterations, 0.01045 seconds.
  Beginning simulation of top-level scenario...
  Ran simulation in 21.15 seconds.
Beginning scenario construction...
pygame 2.6.1 (SDL 2.28.4, Python 3.10.12)
Hello from the pygame community. https://www.pygame.org/contribute.html
  Loading cached version of road network...
  Loaded cached network in 0.14 seconds.
  Pruning scenario...
  Pruned scenario in 2.241e-05 seconds.
Scenario constructed in 1.42 seconds.
  Connecting to CARLA on port 2000
  Map loaded in simulator.
  Generated scene in 5 iterations, 0.01198 seconds.
  Beginning simulation of top-level scenario...
  Ran simulation in 18.18 seconds.
Beginning scenario construction...
pygame 2.6.1 (SDL 2.28.4, Python 3.10.12)
Hello from the pygame community. https://www.pygame.org/contribute.html
  Loading cached version of road network...
  Loaded cached network in 0.13 seconds.
  Pruning scenario...
  Pruned scenario in 2.408e-05 seconds.
Scenario constructed in 1.43 seconds.
  Connecting to CARLA on port 2000
  Map loaded in simulator.
  Generated scene in 4 iterations, 0.01028 seconds.
  Beginning simulation of top-level scenario...
  Ran simulation in 17.77 seconds.
Beginning scenario construction...
pygame 2.6.1 (SDL 2.28.4, Python 3.10.12)
Hello from the pygame community. https://www.pygame.org/contribute.html
  Loading cached version of road network...
  Loaded cached network in 0.14 seconds.
  Pruning scenario...
  Pruned scenario in 2.098e-05 seconds.
Scenario constructed in 1.42 seconds.
  Connecting to CARLA on port 2000
  Map loaded in simulator.
  Generated scene in 3 iterations, 0.008911 seconds.
  Beginning simulation of top-level scenario...
  Ran simulation in 18.29 seconds.
Beginning scenario construction...
pygame 2.6.1 (SDL 2.28.4, Python 3.10.12)
Hello from the pygame community. https://www.pygame.org/contribute.html
  Loading cached version of road network...
  Loaded cached network in 0.14 seconds.
  Pruning scenario...
  Pruned scenario in 2.17e-05 seconds.
Scenario constructed in 1.40 seconds.
  Connecting to CARLA on port 2000
  Map loaded in simulator.
  Generated scene in 8 iterations, 0.01655 seconds.
  Beginning simulation of top-level scenario...
  Ran simulation in 19.61 seconds.
Beginning scenario construction...
pygame 2.6.1 (SDL 2.28.4, Python 3.10.12)
Hello from the pygame community. https://www.pygame.org/contribute.html
  Loading cached version of road network...
  Loaded cached network in 0.14 seconds.
  Pruning scenario...
  Pruned scenario in 1.931e-05 seconds.
Scenario constructed in 1.43 seconds.
  Connecting to CARLA on port 2000
  Map loaded in simulator.
  Generated scene in 7 iterations, 0.01507 seconds.
  Beginning simulation of top-level scenario...
  Ran simulation in 18.76 seconds.
Beginning scenario construction...
pygame 2.6.1 (SDL 2.28.4, Python 3.10.12)
Hello from the pygame community. https://www.pygame.org/contribute.html
  Loading cached version of road network...
  Loaded cached network in 0.14 seconds.
  Pruning scenario...
  Pruned scenario in 1.979e-05 seconds.
Scenario constructed in 1.43 seconds.
  Connecting to CARLA on port 2000
  Map loaded in simulator.
  Generated scene in 8 iterations, 0.01613 seconds.
  Beginning simulation of top-level scenario...
  Ran simulation in 18.45 seconds.
Beginning scenario construction...
pygame 2.6.1 (SDL 2.28.4, Python 3.10.12)
Hello from the pygame community. https://www.pygame.org/contribute.html
  Loading cached version of road network...
  Loaded cached network in 0.14 seconds.
  Pruning scenario...
  Pruned scenario in 2.217e-05 seconds.
Scenario constructed in 1.40 seconds.
  Connecting to CARLA on port 2000
  Map loaded in simulator.
  Generated scene in 1 iterations, 0.005525 seconds.
  Beginning simulation of top-level scenario...
  Ran simulation in 16.97 seconds.
Beginning scenario construction...
pygame 2.6.1 (SDL 2.28.4, Python 3.10.12)
Hello from the pygame community. https://www.pygame.org/contribute.html
  Loading cached version of road network...
  Loaded cached network in 0.14 seconds.
  Pruning scenario...
  Pruned scenario in 2.074e-05 seconds.
Scenario constructed in 1.40 seconds.
  Connecting to CARLA on port 2000
  Map loaded in simulator.
  Generated scene in 1 iterations, 0.005422 seconds.
  Beginning simulation of top-level scenario...
  Ran simulation in 18.51 seconds.
Beginning scenario construction...
pygame 2.6.1 (SDL 2.28.4, Python 3.10.12)
Hello from the pygame community. https://www.pygame.org/contribute.html
  Loading cached version of road network...
  Loaded cached network in 0.14 seconds.
  Pruning scenario...
  Pruned scenario in 2.17e-05 seconds.
Scenario constructed in 1.40 seconds.
  Connecting to CARLA on port 2000
  Map loaded in simulator.
  Generated scene in 6 iterations, 0.01389 seconds.
  Beginning simulation of top-level scenario...
  Ran simulation in 18.48 seconds.
Beginning scenario construction...
pygame 2.6.1 (SDL 2.28.4, Python 3.10.12)
Hello from the pygame community. https://www.pygame.org/contribute.html
  Loading cached version of road network...
  Loaded cached network in 0.14 seconds.
  Pruning scenario...
  Pruned scenario in 2.599e-05 seconds.
Scenario constructed in 1.39 seconds.
  Connecting to CARLA on port 2000
  Map loaded in simulator.
  Generated scene in 1 iterations, 0.005472 seconds.
  Beginning simulation of top-level scenario...
  Ran simulation in 18.95 seconds.
Beginning scenario construction...
pygame 2.6.1 (SDL 2.28.4, Python 3.10.12)
Hello from the pygame community. https://www.pygame.org/contribute.html
  Loading cached version of road network...
  Loaded cached network in 0.14 seconds.
  Pruning scenario...
  Pruned scenario in 2.718e-05 seconds.
Scenario constructed in 1.43 seconds.
  Connecting to CARLA on port 2000
  Map loaded in simulator.
  Generated scene in 1 iterations, 0.005239 seconds.
  Beginning simulation of top-level scenario...
  Ran simulation in 19.4 seconds.
Beginning scenario construction...
pygame 2.6.1 (SDL 2.28.4, Python 3.10.12)
Hello from the pygame community. https://www.pygame.org/contribute.html
  Loading cached version of road network...
  Loaded cached network in 0.14 seconds.
  Pruning scenario...
  Pruned scenario in 2.503e-05 seconds.
Scenario constructed in 1.41 seconds.
  Connecting to CARLA on port 2000
  Map loaded in simulator.
  Generated scene in 3 iterations, 0.008847 seconds.
  Beginning simulation of top-level scenario...
  Ran simulation in 16.71 seconds.
Beginning scenario construction...
pygame 2.6.1 (SDL 2.28.4, Python 3.10.12)
Hello from the pygame community. https://www.pygame.org/contribute.html
  Loading cached version of road network...
  Loaded cached network in 0.14 seconds.
  Pruning scenario...
  Pruned scenario in 1.955e-05 seconds.
Scenario constructed in 1.42 seconds.
  Connecting to CARLA on port 2000
  Map loaded in simulator.
  Generated scene in 1 iterations, 0.005484 seconds.
  Beginning simulation of top-level scenario...
  Ran simulation in 18.03 seconds.
Beginning scenario construction...
pygame 2.6.1 (SDL 2.28.4, Python 3.10.12)
Hello from the pygame community. https://www.pygame.org/contribute.html
  Loading cached version of road network...
  Loaded cached network in 0.14 seconds.
  Pruning scenario...
  Pruned scenario in 2.17e-05 seconds.
Scenario constructed in 1.41 seconds.
  Connecting to CARLA on port 2000
  Map loaded in simulator.
  Generated scene in 1 iterations, 0.005434 seconds.
  Beginning simulation of top-level scenario...
  Ran simulation in 17.63 seconds.
Beginning scenario construction...
pygame 2.6.1 (SDL 2.28.4, Python 3.10.12)
Hello from the pygame community. https://www.pygame.org/contribute.html
  Loading cached version of road network...
  Loaded cached network in 0.13 seconds.
  Pruning scenario...
  Pruned scenario in 2.05e-05 seconds.
Scenario constructed in 1.41 seconds.
  Connecting to CARLA on port 2000
  Map loaded in simulator.
  Generated scene in 3 iterations, 0.00894 seconds.
  Beginning simulation of top-level scenario...
  Ran simulation in 18.12 seconds.
Beginning scenario construction...
pygame 2.6.1 (SDL 2.28.4, Python 3.10.12)
Hello from the pygame community. https://www.pygame.org/contribute.html
  Loading cached version of road network...
  Loaded cached network in 0.14 seconds.
  Pruning scenario...
  Pruned scenario in 1.979e-05 seconds.
Scenario constructed in 1.42 seconds.
  Connecting to CARLA on port 2000
  Map loaded in simulator.
  Generated scene in 2 iterations, 0.007393 seconds.
  Beginning simulation of top-level scenario...
  Ran simulation in 18.91 seconds.
Beginning scenario construction...
pygame 2.6.1 (SDL 2.28.4, Python 3.10.12)
Hello from the pygame community. https://www.pygame.org/contribute.html
  Loading cached version of road network...
  Loaded cached network in 0.14 seconds.
  Pruning scenario...
  Pruned scenario in 2.027e-05 seconds.
Scenario constructed in 1.43 seconds.
  Connecting to CARLA on port 2000
  Map loaded in simulator.
  Generated scene in 1 iterations, 0.005394 seconds.
  Beginning simulation of top-level scenario...
  Ran simulation in 18.22 seconds.
Beginning scenario construction...
pygame 2.6.1 (SDL 2.28.4, Python 3.10.12)
Hello from the pygame community. https://www.pygame.org/contribute.html
  Loading cached version of road network...
  Loaded cached network in 0.14 seconds.
  Pruning scenario...
  Pruned scenario in 2.074e-05 seconds.
Scenario constructed in 1.41 seconds.
  Connecting to CARLA on port 2000
  Map loaded in simulator.
  Generated scene in 1 iterations, 0.005459 seconds.
  Beginning simulation of top-level scenario...
  Ran simulation in 17.93 seconds.
Beginning scenario construction...
pygame 2.6.1 (SDL 2.28.4, Python 3.10.12)
Hello from the pygame community. https://www.pygame.org/contribute.html
  Loading cached version of road network...
  Loaded cached network in 0.14 seconds.
  Pruning scenario...
  Pruned scenario in 2.432e-05 seconds.
Scenario constructed in 1.42 seconds.
  Connecting to CARLA on port 2000
  Map loaded in simulator.
  Generated scene in 5 iterations, 0.01186 seconds.
  Beginning simulation of top-level scenario...
  Ran simulation in 17.98 seconds.
Beginning scenario construction...
pygame 2.6.1 (SDL 2.28.4, Python 3.10.12)
Hello from the pygame community. https://www.pygame.org/contribute.html
  Loading cached version of road network...
  Loaded cached network in 0.14 seconds.
  Pruning scenario...
  Pruned scenario in 2.122e-05 seconds.
Scenario constructed in 1.40 seconds.
  Connecting to CARLA on port 2000
  Map loaded in simulator.
  Generated scene in 6 iterations, 0.01351 seconds.
  Beginning simulation of top-level scenario...
  Ran simulation in 18.01 seconds.
Beginning scenario construction...
pygame 2.6.1 (SDL 2.28.4, Python 3.10.12)
Hello from the pygame community. https://www.pygame.org/contribute.html
  Loading cached version of road network...
  Loaded cached network in 0.14 seconds.
  Pruning scenario...
  Pruned scenario in 2.003e-05 seconds.
Scenario constructed in 1.41 seconds.
  Connecting to CARLA on port 2000
  Map loaded in simulator.
  Generated scene in 3 iterations, 0.008853 seconds.
  Beginning simulation of top-level scenario...
  Ran simulation in 19.46 seconds.
Beginning scenario construction...
pygame 2.6.1 (SDL 2.28.4, Python 3.10.12)
Hello from the pygame community. https://www.pygame.org/contribute.html
  Loading cached version of road network...
  Loaded cached network in 0.13 seconds.
  Pruning scenario...
  Pruned scenario in 1.979e-05 seconds.
Scenario constructed in 1.40 seconds.
  Connecting to CARLA on port 2000
  Map loaded in simulator.
  Generated scene in 3 iterations, 0.009089 seconds.
  Beginning simulation of top-level scenario...
  Ran simulation in 18.95 seconds.
Beginning scenario construction...
pygame 2.6.1 (SDL 2.28.4, Python 3.10.12)
Hello from the pygame community. https://www.pygame.org/contribute.html
  Loading cached version of road network...
  Loaded cached network in 0.14 seconds.
  Pruning scenario...
  Pruned scenario in 2.122e-05 seconds.
Scenario constructed in 1.41 seconds.
  Connecting to CARLA on port 2000
  Map loaded in simulator.
  Generated scene in 1 iterations, 0.005365 seconds.
  Beginning simulation of top-level scenario...
  Ran simulation in 17.26 seconds.
Beginning scenario construction...
pygame 2.6.1 (SDL 2.28.4, Python 3.10.12)
Hello from the pygame community. https://www.pygame.org/contribute.html
  Loading cached version of road network...
  Loaded cached network in 0.13 seconds.
  Pruning scenario...
  Pruned scenario in 2.742e-05 seconds.
Scenario constructed in 1.40 seconds.
  Connecting to CARLA on port 2000
  Map loaded in simulator.
  Generated scene in 2 iterations, 0.007383 seconds.
  Beginning simulation of top-level scenario...
  Ran simulation in 18.96 seconds.
Beginning scenario construction...
pygame 2.6.1 (SDL 2.28.4, Python 3.10.12)
Hello from the pygame community. https://www.pygame.org/contribute.html
  Loading cached version of road network...
  Loaded cached network in 0.14 seconds.
  Pruning scenario...
  Pruned scenario in 2.742e-05 seconds.
Scenario constructed in 1.41 seconds.
  Connecting to CARLA on port 2000
  Map loaded in simulator.
  Generated scene in 1 iterations, 0.005378 seconds.
  Beginning simulation of top-level scenario...
  Ran simulation in 18.78 seconds.
Beginning scenario construction...
pygame 2.6.1 (SDL 2.28.4, Python 3.10.12)
Hello from the pygame community. https://www.pygame.org/contribute.html
  Loading cached version of road network...
  Loaded cached network in 0.13 seconds.
  Pruning scenario...
  Pruned scenario in 1.931e-05 seconds.
Scenario constructed in 1.40 seconds.
  Connecting to CARLA on port 2000
  Map loaded in simulator.
  Generated scene in 1 iterations, 0.005323 seconds.
  Beginning simulation of top-level scenario...
  Ran simulation in 18.48 seconds.
Beginning scenario construction...
pygame 2.6.1 (SDL 2.28.4, Python 3.10.12)
Hello from the pygame community. https://www.pygame.org/contribute.html
  Loading cached version of road network...
  Loaded cached network in 0.13 seconds.
  Pruning scenario...
  Pruned scenario in 2.003e-05 seconds.
Scenario constructed in 1.43 seconds.
  Connecting to CARLA on port 2000
  Map loaded in simulator.
  Generated scene in 4 iterations, 0.01032 seconds.
  Beginning simulation of top-level scenario...
  Ran simulation in 19.14 seconds.
Beginning scenario construction...
pygame 2.6.1 (SDL 2.28.4, Python 3.10.12)
Hello from the pygame community. https://www.pygame.org/contribute.html
  Loading cached version of road network...
  Loaded cached network in 0.13 seconds.
  Pruning scenario...
  Pruned scenario in 2.217e-05 seconds.
Scenario constructed in 1.40 seconds.
  Connecting to CARLA on port 2000
  Map loaded in simulator.
  Generated scene in 2 iterations, 0.007299 seconds.
  Beginning simulation of top-level scenario...
  Ran simulation in 17.86 seconds.
Beginning scenario construction...
pygame 2.6.1 (SDL 2.28.4, Python 3.10.12)
Hello from the pygame community. https://www.pygame.org/contribute.html
  Loading cached version of road network...
  Loaded cached network in 0.14 seconds.
  Pruning scenario...
  Pruned scenario in 1.979e-05 seconds.
Scenario constructed in 1.42 seconds.
  Connecting to CARLA on port 2000
  Map loaded in simulator.
  Generated scene in 6 iterations, 0.01382 seconds.
  Beginning simulation of top-level scenario...
  Ran simulation in 18.91 seconds.
Beginning scenario construction...
pygame 2.6.1 (SDL 2.28.4, Python 3.10.12)
Hello from the pygame community. https://www.pygame.org/contribute.html
  Loading cached version of road network...
  Loaded cached network in 0.13 seconds.
  Pruning scenario...
  Pruned scenario in 1.979e-05 seconds.
Scenario constructed in 1.39 seconds.
  Connecting to CARLA on port 2000
  Map loaded in simulator.
  Generated scene in 1 iterations, 0.005311 seconds.
  Beginning simulation of top-level scenario...
  Ran simulation in 17.87 seconds.
Beginning scenario construction...
pygame 2.6.1 (SDL 2.28.4, Python 3.10.12)
Hello from the pygame community. https://www.pygame.org/contribute.html
  Loading cached version of road network...
  Loaded cached network in 0.14 seconds.
  Pruning scenario...
  Pruned scenario in 1.955e-05 seconds.
Scenario constructed in 1.42 seconds.
  Connecting to CARLA on port 2000
  Map loaded in simulator.
  Generated scene in 1 iterations, 0.005413 seconds.
  Beginning simulation of top-level scenario...
  Ran simulation in 17.9 seconds.
Beginning scenario construction...
pygame 2.6.1 (SDL 2.28.4, Python 3.10.12)
Hello from the pygame community. https://www.pygame.org/contribute.html
  Loading cached version of road network...
  Loaded cached network in 0.14 seconds.
  Pruning scenario...
  Pruned scenario in 1.907e-05 seconds.
Scenario constructed in 1.40 seconds.
  Connecting to CARLA on port 2000
  Map loaded in simulator.
  Generated scene in 1 iterations, 0.005517 seconds.
  Beginning simulation of top-level scenario...
  Ran simulation in 19.3 seconds.
Beginning scenario construction...
pygame 2.6.1 (SDL 2.28.4, Python 3.10.12)
Hello from the pygame community. https://www.pygame.org/contribute.html
  Loading cached version of road network...
  Loaded cached network in 0.13 seconds.
  Pruning scenario...
  Pruned scenario in 2.074e-05 seconds.
Scenario constructed in 1.41 seconds.
  Connecting to CARLA on port 2000
  Map loaded in simulator.
  Generated scene in 6 iterations, 0.01333 seconds.
  Beginning simulation of top-level scenario...
  Ran simulation in 19.19 seconds.
Beginning scenario construction...
pygame 2.6.1 (SDL 2.28.4, Python 3.10.12)
Hello from the pygame community. https://www.pygame.org/contribute.html
  Loading cached version of road network...
  Loaded cached network in 0.14 seconds.
  Pruning scenario...
  Pruned scenario in 1.907e-05 seconds.
Scenario constructed in 1.41 seconds.
  Connecting to CARLA on port 2000
  Map loaded in simulator.
  Generated scene in 6 iterations, 0.01309 seconds.
  Beginning simulation of top-level scenario...
  Ran simulation in 18.67 seconds.
Beginning scenario construction...
pygame 2.6.1 (SDL 2.28.4, Python 3.10.12)
Hello from the pygame community. https://www.pygame.org/contribute.html
  Loading cached version of road network...
  Loaded cached network in 0.13 seconds.
  Pruning scenario...
  Pruned scenario in 2.146e-05 seconds.
Scenario constructed in 1.42 seconds.
  Connecting to CARLA on port 2000
  Map loaded in simulator.
  Generated scene in 3 iterations, 0.008873 seconds.
  Beginning simulation of top-level scenario...
  Ran simulation in 17.47 seconds.
Beginning scenario construction...
pygame 2.6.1 (SDL 2.28.4, Python 3.10.12)
Hello from the pygame community. https://www.pygame.org/contribute.html
  Loading cached version of road network...
  Loaded cached network in 0.14 seconds.
  Pruning scenario...
  Pruned scenario in 2.098e-05 seconds.
Scenario constructed in 1.42 seconds.
  Connecting to CARLA on port 2000
  Map loaded in simulator.
  Generated scene in 1 iterations, 0.005417 seconds.
  Beginning simulation of top-level scenario...
  Ran simulation in 19.78 seconds.
Beginning scenario construction...
pygame 2.6.1 (SDL 2.28.4, Python 3.10.12)
Hello from the pygame community. https://www.pygame.org/contribute.html
  Loading cached version of road network...
  Loaded cached network in 0.14 seconds.
  Pruning scenario...
  Pruned scenario in 2.074e-05 seconds.
Scenario constructed in 1.42 seconds.
  Connecting to CARLA on port 2000
  Map loaded in simulator.
  Generated scene in 1 iterations, 0.005367 seconds.
  Beginning simulation of top-level scenario...
  Ran simulation in 19.55 seconds.
Beginning scenario construction...
pygame 2.6.1 (SDL 2.28.4, Python 3.10.12)
Hello from the pygame community. https://www.pygame.org/contribute.html
  Loading cached version of road network...
  Loaded cached network in 0.14 seconds.
  Pruning scenario...
  Pruned scenario in 2.384e-05 seconds.
Scenario constructed in 1.41 seconds.
  Connecting to CARLA on port 2000
  Map loaded in simulator.
  Generated scene in 7 iterations, 0.01504 seconds.
  Beginning simulation of top-level scenario...
  Ran simulation in 17.96 seconds.
Beginning scenario construction...
pygame 2.6.1 (SDL 2.28.4, Python 3.10.12)
Hello from the pygame community. https://www.pygame.org/contribute.html
  Loading cached version of road network...
  Loaded cached network in 0.14 seconds.
  Pruning scenario...
  Pruned scenario in 1.907e-05 seconds.
Scenario constructed in 1.41 seconds.
  Connecting to CARLA on port 2000
  Map loaded in simulator.
  Generated scene in 1 iterations, 0.005369 seconds.
  Beginning simulation of top-level scenario...
  Ran simulation in 21.19 seconds.
Beginning scenario construction...
pygame 2.6.1 (SDL 2.28.4, Python 3.10.12)
Hello from the pygame community. https://www.pygame.org/contribute.html
  Loading cached version of road network...
  Loaded cached network in 0.13 seconds.
  Pruning scenario...
  Pruned scenario in 3.552e-05 seconds.
Scenario constructed in 1.40 seconds.
  Connecting to CARLA on port 2000
  Map loaded in simulator.
  Generated scene in 9 iterations, 0.01782 seconds.
  Beginning simulation of top-level scenario...
  Ran simulation in 18.09 seconds.
Beginning scenario construction...
pygame 2.6.1 (SDL 2.28.4, Python 3.10.12)
Hello from the pygame community. https://www.pygame.org/contribute.html
  Loading cached version of road network...
  Loaded cached network in 0.14 seconds.
  Pruning scenario...
  Pruned scenario in 2.265e-05 seconds.
Scenario constructed in 1.41 seconds.
  Connecting to CARLA on port 2000
  Map loaded in simulator.
  Generated scene in 5 iterations, 0.01184 seconds.
  Beginning simulation of top-level scenario...
  Ran simulation in 17.7 seconds.
Beginning scenario construction...
pygame 2.6.1 (SDL 2.28.4, Python 3.10.12)
Hello from the pygame community. https://www.pygame.org/contribute.html
  Loading cached version of road network...
  Loaded cached network in 0.14 seconds.
  Pruning scenario...
  Pruned scenario in 1.979e-05 seconds.
Scenario constructed in 1.47 seconds.
  Connecting to CARLA on port 2000
  Map loaded in simulator.
  Generated scene in 11 iterations, 0.021 seconds.
  Beginning simulation of top-level scenario...
  Ran simulation in 18.26 seconds.
Beginning scenario construction...
pygame 2.6.1 (SDL 2.28.4, Python 3.10.12)
Hello from the pygame community. https://www.pygame.org/contribute.html
  Loading cached version of road network...
  Loaded cached network in 0.13 seconds.
  Pruning scenario...
  Pruned scenario in 2.313e-05 seconds.
Scenario constructed in 1.42 seconds.
  Connecting to CARLA on port 2000
  Map loaded in simulator.
  Generated scene in 1 iterations, 0.005345 seconds.
  Beginning simulation of top-level scenario...
  Ran simulation in 18.56 seconds.
Beginning scenario construction...
pygame 2.6.1 (SDL 2.28.4, Python 3.10.12)
Hello from the pygame community. https://www.pygame.org/contribute.html
  Loading cached version of road network...
  Loaded cached network in 0.14 seconds.
  Pruning scenario...
  Pruned scenario in 2.098e-05 seconds.
Scenario constructed in 1.40 seconds.
  Connecting to CARLA on port 2000
  Map loaded in simulator.
  Generated scene in 2 iterations, 0.00746 seconds.
  Beginning simulation of top-level scenario...
  Ran simulation in 21.75 seconds.
Beginning scenario construction...
pygame 2.6.1 (SDL 2.28.4, Python 3.10.12)
Hello from the pygame community. https://www.pygame.org/contribute.html
  Loading cached version of road network...
  Loaded cached network in 0.14 seconds.
  Pruning scenario...
  Pruned scenario in 2.193e-05 seconds.
Scenario constructed in 1.44 seconds.
  Connecting to CARLA on port 2000
  Map loaded in simulator.
  Generated scene in 3 iterations, 0.009037 seconds.
  Beginning simulation of top-level scenario...
  Ran simulation in 17.61 seconds.
Beginning scenario construction...
pygame 2.6.1 (SDL 2.28.4, Python 3.10.12)
Hello from the pygame community. https://www.pygame.org/contribute.html
  Loading cached version of road network...
  Loaded cached network in 0.13 seconds.
  Pruning scenario...
  Pruned scenario in 1.907e-05 seconds.
Scenario constructed in 1.40 seconds.
  Connecting to CARLA on port 2000
  Map loaded in simulator.
  Generated scene in 5 iterations, 0.01161 seconds.
  Beginning simulation of top-level scenario...
  Ran simulation in 19.36 seconds.
Beginning scenario construction...
pygame 2.6.1 (SDL 2.28.4, Python 3.10.12)
Hello from the pygame community. https://www.pygame.org/contribute.html
  Loading cached version of road network...
  Loaded cached network in 0.14 seconds.
  Pruning scenario...
  Pruned scenario in 2.408e-05 seconds.
Scenario constructed in 1.43 seconds.
  Connecting to CARLA on port 2000
  Map loaded in simulator.
  Generated scene in 2 iterations, 0.007428 seconds.
  Beginning simulation of top-level scenario...
  Ran simulation in 19.36 seconds.
Beginning scenario construction...
pygame 2.6.1 (SDL 2.28.4, Python 3.10.12)
Hello from the pygame community. https://www.pygame.org/contribute.html
  Loading cached version of road network...
  Loaded cached network in 0.14 seconds.
  Pruning scenario...
  Pruned scenario in 2.646e-05 seconds.
Scenario constructed in 1.40 seconds.
  Connecting to CARLA on port 2000
  Map loaded in simulator.
  Generated scene in 5 iterations, 0.01174 seconds.
  Beginning simulation of top-level scenario...
  Ran simulation in 18.77 seconds.
Beginning scenario construction...
pygame 2.6.1 (SDL 2.28.4, Python 3.10.12)
Hello from the pygame community. https://www.pygame.org/contribute.html
  Loading cached version of road network...
  Loaded cached network in 0.14 seconds.
  Pruning scenario...
  Pruned scenario in 2.074e-05 seconds.
Scenario constructed in 1.41 seconds.
  Connecting to CARLA on port 2000
  Map loaded in simulator.
  Generated scene in 2 iterations, 0.00736 seconds.
  Beginning simulation of top-level scenario...
  Ran simulation in 19.62 seconds.
Beginning scenario construction...
pygame 2.6.1 (SDL 2.28.4, Python 3.10.12)
Hello from the pygame community. https://www.pygame.org/contribute.html
  Loading cached version of road network...
  Loaded cached network in 0.14 seconds.
  Pruning scenario...
  Pruned scenario in 2.408e-05 seconds.
Scenario constructed in 1.41 seconds.
  Connecting to CARLA on port 2000
  Map loaded in simulator.
  Generated scene in 5 iterations, 0.01176 seconds.
  Beginning simulation of top-level scenario...
  Ran simulation in 18.28 seconds.
Beginning scenario construction...
pygame 2.6.1 (SDL 2.28.4, Python 3.10.12)
Hello from the pygame community. https://www.pygame.org/contribute.html
  Loading cached version of road network...
  Loaded cached network in 0.13 seconds.
  Pruning scenario...
  Pruned scenario in 2.098e-05 seconds.
Scenario constructed in 1.39 seconds.
  Connecting to CARLA on port 2000
  Map loaded in simulator.
  Generated scene in 4 iterations, 0.01061 seconds.
  Beginning simulation of top-level scenario...
  Ran simulation in 17.63 seconds.
Beginning scenario construction...
pygame 2.6.1 (SDL 2.28.4, Python 3.10.12)
Hello from the pygame community. https://www.pygame.org/contribute.html
  Loading cached version of road network...
  Loaded cached network in 0.14 seconds.
  Pruning scenario...
  Pruned scenario in 1.812e-05 seconds.
Scenario constructed in 1.41 seconds.
  Connecting to CARLA on port 2000
  Map loaded in simulator.
  Generated scene in 1 iterations, 0.00538 seconds.
  Beginning simulation of top-level scenario...
  Ran simulation in 21 seconds.
Beginning scenario construction...
pygame 2.6.1 (SDL 2.28.4, Python 3.10.12)
Hello from the pygame community. https://www.pygame.org/contribute.html
  Loading cached version of road network...
  Loaded cached network in 0.14 seconds.
  Pruning scenario...
  Pruned scenario in 1.884e-05 seconds.
Scenario constructed in 1.41 seconds.
  Connecting to CARLA on port 2000
  Map loaded in simulator.
  Generated scene in 2 iterations, 0.007474 seconds.
  Beginning simulation of top-level scenario...
  Ran simulation in 19.14 seconds.
Beginning scenario construction...
pygame 2.6.1 (SDL 2.28.4, Python 3.10.12)
Hello from the pygame community. https://www.pygame.org/contribute.html
  Loading cached version of road network...
  Loaded cached network in 0.14 seconds.
  Pruning scenario...
  Pruned scenario in 2.074e-05 seconds.
Scenario constructed in 1.41 seconds.
  Connecting to CARLA on port 2000
  Map loaded in simulator.
  Generated scene in 5 iterations, 0.01183 seconds.
  Beginning simulation of top-level scenario...
  Ran simulation in 19.74 seconds.
Beginning scenario construction...
pygame 2.6.1 (SDL 2.28.4, Python 3.10.12)
Hello from the pygame community. https://www.pygame.org/contribute.html
  Loading cached version of road network...
  Loaded cached network in 0.14 seconds.
  Pruning scenario...
  Pruned scenario in 2.122e-05 seconds.
Scenario constructed in 1.42 seconds.
  Connecting to CARLA on port 2000
  Map loaded in simulator.
  Generated scene in 4 iterations, 0.01046 seconds.
  Beginning simulation of top-level scenario...
  Ran simulation in 17.99 seconds.
Beginning scenario construction...
pygame 2.6.1 (SDL 2.28.4, Python 3.10.12)
Hello from the pygame community. https://www.pygame.org/contribute.html
  Loading cached version of road network...
  Loaded cached network in 0.14 seconds.
  Pruning scenario...
  Pruned scenario in 2.122e-05 seconds.
Scenario constructed in 1.43 seconds.
  Connecting to CARLA on port 2000
  Map loaded in simulator.
  Generated scene in 9 iterations, 0.01795 seconds.
  Beginning simulation of top-level scenario...
  Ran simulation in 19.33 seconds.
Beginning scenario construction...
pygame 2.6.1 (SDL 2.28.4, Python 3.10.12)
Hello from the pygame community. https://www.pygame.org/contribute.html
  Loading cached version of road network...
  Loaded cached network in 0.14 seconds.
  Pruning scenario...
  Pruned scenario in 2.003e-05 seconds.
Scenario constructed in 1.40 seconds.
  Connecting to CARLA on port 2000
  Map loaded in simulator.
  Generated scene in 1 iterations, 0.005424 seconds.
  Beginning simulation of top-level scenario...
  Ran simulation in 19.03 seconds.
Beginning scenario construction...
pygame 2.6.1 (SDL 2.28.4, Python 3.10.12)
Hello from the pygame community. https://www.pygame.org/contribute.html
  Loading cached version of road network...
  Loaded cached network in 0.14 seconds.
  Pruning scenario...
  Pruned scenario in 2.074e-05 seconds.
Scenario constructed in 1.40 seconds.
  Connecting to CARLA on port 2000
  Map loaded in simulator.
  Generated scene in 2 iterations, 0.007555 seconds.
  Beginning simulation of top-level scenario...
  Ran simulation in 17.36 seconds.
Beginning scenario construction...
pygame 2.6.1 (SDL 2.28.4, Python 3.10.12)
Hello from the pygame community. https://www.pygame.org/contribute.html
  Loading cached version of road network...
  Loaded cached network in 0.14 seconds.
  Pruning scenario...
  Pruned scenario in 2.074e-05 seconds.
Scenario constructed in 1.40 seconds.
  Connecting to CARLA on port 2000
  Map loaded in simulator.
  Generated scene in 3 iterations, 0.008702 seconds.
  Beginning simulation of top-level scenario...
  Ran simulation in 18.44 seconds.
Beginning scenario construction...
pygame 2.6.1 (SDL 2.28.4, Python 3.10.12)
Hello from the pygame community. https://www.pygame.org/contribute.html
  Loading cached version of road network...
  Loaded cached network in 0.14 seconds.
  Pruning scenario...
  Pruned scenario in 2.67e-05 seconds.
Scenario constructed in 1.40 seconds.
  Connecting to CARLA on port 2000
  Map loaded in simulator.
  Generated scene in 4 iterations, 0.01003 seconds.
  Beginning simulation of top-level scenario...
  Ran simulation in 18.47 seconds.
Beginning scenario construction...
pygame 2.6.1 (SDL 2.28.4, Python 3.10.12)
Hello from the pygame community. https://www.pygame.org/contribute.html
  Loading cached version of road network...
  Loaded cached network in 0.13 seconds.
  Pruning scenario...
  Pruned scenario in 2.17e-05 seconds.
Scenario constructed in 1.40 seconds.
  Connecting to CARLA on port 2000
  Map loaded in simulator.
  Generated scene in 6 iterations, 0.01319 seconds.
  Beginning simulation of top-level scenario...
  Ran simulation in 18.76 seconds.
Beginning scenario construction...
pygame 2.6.1 (SDL 2.28.4, Python 3.10.12)
Hello from the pygame community. https://www.pygame.org/contribute.html
  Loading cached version of road network...
  Loaded cached network in 0.14 seconds.
  Pruning scenario...
  Pruned scenario in 2.05e-05 seconds.
Scenario constructed in 1.39 seconds.
  Connecting to CARLA on port 2000
  Map loaded in simulator.
  Generated scene in 3 iterations, 0.008847 seconds.
  Beginning simulation of top-level scenario...
  Ran simulation in 18.92 seconds.
Beginning scenario construction...
pygame 2.6.1 (SDL 2.28.4, Python 3.10.12)
Hello from the pygame community. https://www.pygame.org/contribute.html
  Loading cached version of road network...
  Loaded cached network in 0.13 seconds.
  Pruning scenario...
  Pruned scenario in 2.146e-05 seconds.
Scenario constructed in 1.39 seconds.
  Connecting to CARLA on port 2000
  Map loaded in simulator.
  Generated scene in 3 iterations, 0.009013 seconds.
  Beginning simulation of top-level scenario...
  Ran simulation in 19.04 seconds.
Beginning scenario construction...
pygame 2.6.1 (SDL 2.28.4, Python 3.10.12)
Hello from the pygame community. https://www.pygame.org/contribute.html
  Loading cached version of road network...
  Loaded cached network in 0.14 seconds.
  Pruning scenario...
  Pruned scenario in 1.788e-05 seconds.
Scenario constructed in 1.40 seconds.
  Connecting to CARLA on port 2000
  Map loaded in simulator.
  Generated scene in 4 iterations, 0.01043 seconds.
  Beginning simulation of top-level scenario...
  Ran simulation in 20.67 seconds.
Beginning scenario construction...
pygame 2.6.1 (SDL 2.28.4, Python 3.10.12)
Hello from the pygame community. https://www.pygame.org/contribute.html
  Loading cached version of road network...
  Loaded cached network in 0.14 seconds.
  Pruning scenario...
  Pruned scenario in 2.074e-05 seconds.
Scenario constructed in 1.41 seconds.
  Connecting to CARLA on port 2000
  Map loaded in simulator.
  Generated scene in 1 iterations, 0.005536 seconds.
  Beginning simulation of top-level scenario...
  Ran simulation in 17.76 seconds.
Beginning scenario construction...
pygame 2.6.1 (SDL 2.28.4, Python 3.10.12)
Hello from the pygame community. https://www.pygame.org/contribute.html
  Loading cached version of road network...
  Loaded cached network in 0.14 seconds.
  Pruning scenario...
  Pruned scenario in 1.86e-05 seconds.
Scenario constructed in 1.41 seconds.
  Connecting to CARLA on port 2000
  Map loaded in simulator.
  Generated scene in 1 iterations, 0.005265 seconds.
  Beginning simulation of top-level scenario...
  Ran simulation in 18.13 seconds.
Beginning scenario construction...
pygame 2.6.1 (SDL 2.28.4, Python 3.10.12)
Hello from the pygame community. https://www.pygame.org/contribute.html
  Loading cached version of road network...
  Loaded cached network in 0.14 seconds.
  Pruning scenario...
  Pruned scenario in 2.003e-05 seconds.
Scenario constructed in 1.42 seconds.
  Connecting to CARLA on port 2000
  Map loaded in simulator.
  Generated scene in 1 iterations, 0.005376 seconds.
  Beginning simulation of top-level scenario...
  Ran simulation in 17.84 seconds.
Beginning scenario construction...
pygame 2.6.1 (SDL 2.28.4, Python 3.10.12)
Hello from the pygame community. https://www.pygame.org/contribute.html
  Loading cached version of road network...
  Loaded cached network in 0.14 seconds.
  Pruning scenario...
  Pruned scenario in 2.17e-05 seconds.
Scenario constructed in 1.41 seconds.
  Connecting to CARLA on port 2000
  Map loaded in simulator.
  Generated scene in 10 iterations, 0.01963 seconds.
  Beginning simulation of top-level scenario...
  Ran simulation in 20.91 seconds.
Beginning scenario construction...
pygame 2.6.1 (SDL 2.28.4, Python 3.10.12)
Hello from the pygame community. https://www.pygame.org/contribute.html
  Loading cached version of road network...
  Loaded cached network in 0.14 seconds.
  Pruning scenario...
  Pruned scenario in 1.812e-05 seconds.
Scenario constructed in 1.42 seconds.
  Connecting to CARLA on port 2000
  Map loaded in simulator.
  Generated scene in 1 iterations, 0.005338 seconds.
  Beginning simulation of top-level scenario...
  Ran simulation in 20.28 seconds.
Beginning scenario construction...
pygame 2.6.1 (SDL 2.28.4, Python 3.10.12)
Hello from the pygame community. https://www.pygame.org/contribute.html
  Loading cached version of road network...
  Loaded cached network in 0.14 seconds.
  Pruning scenario...
  Pruned scenario in 1.955e-05 seconds.
Scenario constructed in 1.41 seconds.
  Connecting to CARLA on port 2000
  Map loaded in simulator.
  Generated scene in 3 iterations, 0.008929 seconds.
  Beginning simulation of top-level scenario...
  Ran simulation in 19.27 seconds.
Beginning scenario construction...
pygame 2.6.1 (SDL 2.28.4, Python 3.10.12)
Hello from the pygame community. https://www.pygame.org/contribute.html
  Loading cached version of road network...
  Loaded cached network in 0.13 seconds.
  Pruning scenario...
  Pruned scenario in 2.551e-05 seconds.
Scenario constructed in 1.41 seconds.
  Connecting to CARLA on port 2000
  Map loaded in simulator.
  Generated scene in 1 iterations, 0.005441 seconds.
  Beginning simulation of top-level scenario...
  Ran simulation in 19.48 seconds.
Beginning scenario construction...
pygame 2.6.1 (SDL 2.28.4, Python 3.10.12)
Hello from the pygame community. https://www.pygame.org/contribute.html
  Loading cached version of road network...
  Loaded cached network in 0.14 seconds.
  Pruning scenario...
  Pruned scenario in 1.788e-05 seconds.
Scenario constructed in 1.41 seconds.
  Connecting to CARLA on port 2000
  Map loaded in simulator.
  Generated scene in 2 iterations, 0.007396 seconds.
  Beginning simulation of top-level scenario...
  Ran simulation in 17.81 seconds.
Beginning scenario construction...
pygame 2.6.1 (SDL 2.28.4, Python 3.10.12)
Hello from the pygame community. https://www.pygame.org/contribute.html
  Loading cached version of road network...
  Loaded cached network in 0.14 seconds.
  Pruning scenario...
  Pruned scenario in 2.05e-05 seconds.
Scenario constructed in 1.40 seconds.
  Connecting to CARLA on port 2000
  Map loaded in simulator.
  Generated scene in 7 iterations, 0.01485 seconds.
  Beginning simulation of top-level scenario...
  Ran simulation in 19.22 seconds.
Beginning scenario construction...
pygame 2.6.1 (SDL 2.28.4, Python 3.10.12)
Hello from the pygame community. https://www.pygame.org/contribute.html
  Loading cached version of road network...
  Loaded cached network in 0.14 seconds.
  Pruning scenario...
  Pruned scenario in 2.337e-05 seconds.
Scenario constructed in 1.40 seconds.
  Connecting to CARLA on port 2000
  Map loaded in simulator.
  Generated scene in 4 iterations, 0.01054 seconds.
  Beginning simulation of top-level scenario...
  Ran simulation in 18.53 seconds.
Beginning scenario construction...
pygame 2.6.1 (SDL 2.28.4, Python 3.10.12)
Hello from the pygame community. https://www.pygame.org/contribute.html
  Loading cached version of road network...
  Loaded cached network in 0.13 seconds.
  Pruning scenario...
  Pruned scenario in 3.004e-05 seconds.
Scenario constructed in 1.43 seconds.
  Connecting to CARLA on port 2000
  Map loaded in simulator.
  Generated scene in 2 iterations, 0.007496 seconds.
  Beginning simulation of top-level scenario...
  Ran simulation in 19.74 seconds.
Beginning scenario construction...
pygame 2.6.1 (SDL 2.28.4, Python 3.10.12)
Hello from the pygame community. https://www.pygame.org/contribute.html
  Loading cached version of road network...
  Loaded cached network in 0.13 seconds.
  Pruning scenario...
  Pruned scenario in 1.931e-05 seconds.
Scenario constructed in 1.39 seconds.
  Connecting to CARLA on port 2000
  Map loaded in simulator.
  Generated scene in 1 iterations, 0.005464 seconds.
  Beginning simulation of top-level scenario...
  Ran simulation in 19.42 seconds.
Beginning scenario construction...
pygame 2.6.1 (SDL 2.28.4, Python 3.10.12)
Hello from the pygame community. https://www.pygame.org/contribute.html
  Loading cached version of road network...
  Loaded cached network in 0.14 seconds.
  Pruning scenario...
  Pruned scenario in 2.67e-05 seconds.
Scenario constructed in 1.44 seconds.
  Connecting to CARLA on port 2000
  Map loaded in simulator.
  Generated scene in 2 iterations, 0.0075 seconds.
  Beginning simulation of top-level scenario...
  Ran simulation in 19.38 seconds.
Beginning scenario construction...
pygame 2.6.1 (SDL 2.28.4, Python 3.10.12)
Hello from the pygame community. https://www.pygame.org/contribute.html
  Loading cached version of road network...
  Loaded cached network in 0.13 seconds.
  Pruning scenario...
  Pruned scenario in 2.217e-05 seconds.
Scenario constructed in 1.40 seconds.
  Connecting to CARLA on port 2000
  Map loaded in simulator.
  Generated scene in 2 iterations, 0.007399 seconds.
  Beginning simulation of top-level scenario...
  Ran simulation in 17.94 seconds.
Beginning scenario construction...
pygame 2.6.1 (SDL 2.28.4, Python 3.10.12)
Hello from the pygame community. https://www.pygame.org/contribute.html
  Loading cached version of road network...
  Loaded cached network in 0.13 seconds.
  Pruning scenario...
  Pruned scenario in 1.955e-05 seconds.
Scenario constructed in 1.42 seconds.
  Connecting to CARLA on port 2000
  Map loaded in simulator.
  Generated scene in 1 iterations, 0.005366 seconds.
  Beginning simulation of top-level scenario...
  Ran simulation in 18.72 seconds.
Beginning scenario construction...
pygame 2.6.1 (SDL 2.28.4, Python 3.10.12)
Hello from the pygame community. https://www.pygame.org/contribute.html
  Loading cached version of road network...
  Loaded cached network in 0.14 seconds.
  Pruning scenario...
  Pruned scenario in 1.955e-05 seconds.
Scenario constructed in 1.42 seconds.
  Connecting to CARLA on port 2000
  Map loaded in simulator.
  Generated scene in 1 iterations, 0.005289 seconds.
  Beginning simulation of top-level scenario...
  Ran simulation in 18.86 seconds.
Beginning scenario construction...
pygame 2.6.1 (SDL 2.28.4, Python 3.10.12)
Hello from the pygame community. https://www.pygame.org/contribute.html
  Loading cached version of road network...
  Loaded cached network in 0.14 seconds.
  Pruning scenario...
  Pruned scenario in 1.86e-05 seconds.
Scenario constructed in 1.41 seconds.
  Connecting to CARLA on port 2000
  Map loaded in simulator.
  Generated scene in 1 iterations, 0.005501 seconds.
  Beginning simulation of top-level scenario...
  Ran simulation in 18.34 seconds.
Beginning scenario construction...
pygame 2.6.1 (SDL 2.28.4, Python 3.10.12)
Hello from the pygame community. https://www.pygame.org/contribute.html
  Loading cached version of road network...
  Loaded cached network in 0.14 seconds.
  Pruning scenario...
  Pruned scenario in 1.86e-05 seconds.
Scenario constructed in 1.48 seconds.
  Connecting to CARLA on port 2000
  Map loaded in simulator.
  Generated scene in 2 iterations, 0.007467 seconds.
  Beginning simulation of top-level scenario...
  Ran simulation in 18.85 seconds.
Beginning scenario construction...
pygame 2.6.1 (SDL 2.28.4, Python 3.10.12)
Hello from the pygame community. https://www.pygame.org/contribute.html
  Loading cached version of road network...
  Loaded cached network in 0.14 seconds.
  Pruning scenario...
  Pruned scenario in 1.86e-05 seconds.
Scenario constructed in 1.40 seconds.
  Connecting to CARLA on port 2000
  Map loaded in simulator.
  Generated scene in 1 iterations, 0.005367 seconds.
  Beginning simulation of top-level scenario...
  Ran simulation in 17.68 seconds.
Beginning scenario construction...
pygame 2.6.1 (SDL 2.28.4, Python 3.10.12)
Hello from the pygame community. https://www.pygame.org/contribute.html
  Loading cached version of road network...
  Loaded cached network in 0.14 seconds.
  Pruning scenario...
  Pruned scenario in 2.074e-05 seconds.
Scenario constructed in 1.40 seconds.
  Connecting to CARLA on port 2000
  Map loaded in simulator.
  Generated scene in 1 iterations, 0.005469 seconds.
  Beginning simulation of top-level scenario...
  Ran simulation in 18.97 seconds.
Beginning scenario construction...
pygame 2.6.1 (SDL 2.28.4, Python 3.10.12)
Hello from the pygame community. https://www.pygame.org/contribute.html
  Loading cached version of road network...
  Loaded cached network in 0.14 seconds.
  Pruning scenario...
  Pruned scenario in 2.146e-05 seconds.
Scenario constructed in 1.42 seconds.
  Connecting to CARLA on port 2000
  Map loaded in simulator.
  Generated scene in 2 iterations, 0.007417 seconds.
  Beginning simulation of top-level scenario...
  Ran simulation in 19.41 seconds.
Beginning scenario construction...
pygame 2.6.1 (SDL 2.28.4, Python 3.10.12)
Hello from the pygame community. https://www.pygame.org/contribute.html
  Loading cached version of road network...
  Loaded cached network in 0.13 seconds.
  Pruning scenario...
  Pruned scenario in 1.907e-05 seconds.
Scenario constructed in 1.41 seconds.
  Connecting to CARLA on port 2000
  Map loaded in simulator.
  Generated scene in 3 iterations, 0.008919 seconds.
  Beginning simulation of top-level scenario...
  Ran simulation in 17.77 seconds.
Beginning scenario construction...
pygame 2.6.1 (SDL 2.28.4, Python 3.10.12)
Hello from the pygame community. https://www.pygame.org/contribute.html
  Loading cached version of road network...
  Loaded cached network in 0.14 seconds.
  Pruning scenario...
  Pruned scenario in 2.074e-05 seconds.
Scenario constructed in 1.45 seconds.
  Connecting to CARLA on port 2000
  Map loaded in simulator.
  Generated scene in 5 iterations, 0.01227 seconds.
  Beginning simulation of top-level scenario...
  Ran simulation in 17.13 seconds.
Beginning scenario construction...
pygame 2.6.1 (SDL 2.28.4, Python 3.10.12)
Hello from the pygame community. https://www.pygame.org/contribute.html
  Loading cached version of road network...
  Loaded cached network in 0.14 seconds.
  Pruning scenario...
  Pruned scenario in 2.074e-05 seconds.
Scenario constructed in 1.39 seconds.
  Connecting to CARLA on port 2000
  Map loaded in simulator.
  Generated scene in 1 iterations, 0.00541 seconds.
  Beginning simulation of top-level scenario...
  Ran simulation in 19.49 seconds.
Beginning scenario construction...
pygame 2.6.1 (SDL 2.28.4, Python 3.10.12)
Hello from the pygame community. https://www.pygame.org/contribute.html
  Loading cached version of road network...
  Loaded cached network in 0.14 seconds.
  Pruning scenario...
  Pruned scenario in 2.17e-05 seconds.
Scenario constructed in 1.41 seconds.
  Connecting to CARLA on port 2000
  Map loaded in simulator.
  Generated scene in 2 iterations, 0.007401 seconds.
  Beginning simulation of top-level scenario...
  Ran simulation in 18.64 seconds.
Beginning scenario construction...
pygame 2.6.1 (SDL 2.28.4, Python 3.10.12)
Hello from the pygame community. https://www.pygame.org/contribute.html
  Loading cached version of road network...
  Loaded cached network in 0.14 seconds.
  Pruning scenario...
  Pruned scenario in 1.86e-05 seconds.
Scenario constructed in 1.39 seconds.
  Connecting to CARLA on port 2000
  Map loaded in simulator.
  Generated scene in 1 iterations, 0.00538 seconds.
  Beginning simulation of top-level scenario...
  Ran simulation in 18.21 seconds.
Beginning scenario construction...
pygame 2.6.1 (SDL 2.28.4, Python 3.10.12)
Hello from the pygame community. https://www.pygame.org/contribute.html
  Loading cached version of road network...
  Loaded cached network in 0.14 seconds.
  Pruning scenario...
  Pruned scenario in 2.098e-05 seconds.
Scenario constructed in 1.42 seconds.
  Connecting to CARLA on port 2000
  Map loaded in simulator.
  Generated scene in 2 iterations, 0.007455 seconds.
  Beginning simulation of top-level scenario...
  Ran simulation in 18.75 seconds.
Beginning scenario construction...
pygame 2.6.1 (SDL 2.28.4, Python 3.10.12)
Hello from the pygame community. https://www.pygame.org/contribute.html
  Loading cached version of road network...
  Loaded cached network in 0.14 seconds.
  Pruning scenario...
  Pruned scenario in 2.05e-05 seconds.
Scenario constructed in 1.40 seconds.
  Connecting to CARLA on port 2000
  Map loaded in simulator.
  Generated scene in 2 iterations, 0.007379 seconds.
  Beginning simulation of top-level scenario...
  Ran simulation in 18.35 seconds.
Beginning scenario construction...
pygame 2.6.1 (SDL 2.28.4, Python 3.10.12)
Hello from the pygame community. https://www.pygame.org/contribute.html
  Loading cached version of road network...
  Loaded cached network in 0.14 seconds.
  Pruning scenario...
  Pruned scenario in 2.003e-05 seconds.
Scenario constructed in 1.41 seconds.
  Connecting to CARLA on port 2000
  Map loaded in simulator.
  Generated scene in 2 iterations, 0.007358 seconds.
  Beginning simulation of top-level scenario...
  Ran simulation in 19.24 seconds.
Beginning scenario construction...
pygame 2.6.1 (SDL 2.28.4, Python 3.10.12)
Hello from the pygame community. https://www.pygame.org/contribute.html
  Loading cached version of road network...
  Loaded cached network in 0.14 seconds.
  Pruning scenario...
  Pruned scenario in 2.05e-05 seconds.
Scenario constructed in 1.40 seconds.
  Connecting to CARLA on port 2000
  Map loaded in simulator.
  Generated scene in 1 iterations, 0.005438 seconds.
  Beginning simulation of top-level scenario...
  Ran simulation in 18.91 seconds.
Beginning scenario construction...
pygame 2.6.1 (SDL 2.28.4, Python 3.10.12)
Hello from the pygame community. https://www.pygame.org/contribute.html
  Loading cached version of road network...
  Loaded cached network in 0.14 seconds.
  Pruning scenario...
  Pruned scenario in 1.764e-05 seconds.
Scenario constructed in 1.41 seconds.
  Connecting to CARLA on port 2000
  Map loaded in simulator.
  Generated scene in 1 iterations, 0.005415 seconds.
  Beginning simulation of top-level scenario...
  Ran simulation in 18.25 seconds.
Beginning scenario construction...
pygame 2.6.1 (SDL 2.28.4, Python 3.10.12)
Hello from the pygame community. https://www.pygame.org/contribute.html
  Loading cached version of road network...
  Loaded cached network in 0.14 seconds.
  Pruning scenario...
  Pruned scenario in 2.432e-05 seconds.
Scenario constructed in 1.42 seconds.
  Connecting to CARLA on port 2000
  Map loaded in simulator.
  Generated scene in 1 iterations, 0.005385 seconds.
  Beginning simulation of top-level scenario...
  Ran simulation in 19.4 seconds.
Beginning scenario construction...
pygame 2.6.1 (SDL 2.28.4, Python 3.10.12)
Hello from the pygame community. https://www.pygame.org/contribute.html
  Loading cached version of road network...
  Loaded cached network in 0.13 seconds.
  Pruning scenario...
  Pruned scenario in 2.337e-05 seconds.
Scenario constructed in 1.41 seconds.
  Connecting to CARLA on port 2000
  Map loaded in simulator.
  Generated scene in 1 iterations, 0.005522 seconds.
  Beginning simulation of top-level scenario...
  Ran simulation in 21.37 seconds.
Beginning scenario construction...
pygame 2.6.1 (SDL 2.28.4, Python 3.10.12)
Hello from the pygame community. https://www.pygame.org/contribute.html
  Loading cached version of road network...
  Loaded cached network in 0.14 seconds.
  Pruning scenario...
  Pruned scenario in 2.384e-05 seconds.
Scenario constructed in 1.43 seconds.
  Connecting to CARLA on port 2000
  Map loaded in simulator.
  Generated scene in 3 iterations, 0.009029 seconds.
  Beginning simulation of top-level scenario...
  Ran simulation in 17.73 seconds.
Beginning scenario construction...
pygame 2.6.1 (SDL 2.28.4, Python 3.10.12)
Hello from the pygame community. https://www.pygame.org/contribute.html
  Loading cached version of road network...
  Loaded cached network in 0.14 seconds.
  Pruning scenario...
  Pruned scenario in 2.503e-05 seconds.
Scenario constructed in 1.44 seconds.
  Connecting to CARLA on port 2000
  Map loaded in simulator.
  Generated scene in 2 iterations, 0.007463 seconds.
  Beginning simulation of top-level scenario...
  Ran simulation in 19.2 seconds.
Beginning scenario construction...
pygame 2.6.1 (SDL 2.28.4, Python 3.10.12)
Hello from the pygame community. https://www.pygame.org/contribute.html
  Loading cached version of road network...
  Loaded cached network in 0.13 seconds.
  Pruning scenario...
  Pruned scenario in 2.05e-05 seconds.
Scenario constructed in 1.41 seconds.
  Connecting to CARLA on port 2000
  Map loaded in simulator.
  Generated scene in 3 iterations, 0.009074 seconds.
  Beginning simulation of top-level scenario...
  Ran simulation in 16.94 seconds.
Beginning scenario construction...
pygame 2.6.1 (SDL 2.28.4, Python 3.10.12)
Hello from the pygame community. https://www.pygame.org/contribute.html
  Loading cached version of road network...
  Loaded cached network in 0.14 seconds.
  Pruning scenario...
  Pruned scenario in 1.884e-05 seconds.
Scenario constructed in 1.41 seconds.
  Connecting to CARLA on port 2000
  Map loaded in simulator.
  Generated scene in 1 iterations, 0.005316 seconds.
  Beginning simulation of top-level scenario...
  Ran simulation in 17.91 seconds.
Beginning scenario construction...
pygame 2.6.1 (SDL 2.28.4, Python 3.10.12)
Hello from the pygame community. https://www.pygame.org/contribute.html
  Loading cached version of road network...
  Loaded cached network in 0.13 seconds.
  Pruning scenario...
  Pruned scenario in 1.907e-05 seconds.
Scenario constructed in 1.39 seconds.
  Connecting to CARLA on port 2000
  Map loaded in simulator.
  Generated scene in 1 iterations, 0.005447 seconds.
  Beginning simulation of top-level scenario...
  Ran simulation in 18.49 seconds.
Beginning scenario construction...
pygame 2.6.1 (SDL 2.28.4, Python 3.10.12)
Hello from the pygame community. https://www.pygame.org/contribute.html
  Loading cached version of road network...
  Loaded cached network in 0.14 seconds.
  Pruning scenario...
  Pruned scenario in 2.646e-05 seconds.
Scenario constructed in 1.41 seconds.
  Connecting to CARLA on port 2000
  Map loaded in simulator.
  Generated scene in 3 iterations, 0.008831 seconds.
  Beginning simulation of top-level scenario...
  Ran simulation in 17.84 seconds.
Beginning scenario construction...
pygame 2.6.1 (SDL 2.28.4, Python 3.10.12)
Hello from the pygame community. https://www.pygame.org/contribute.html
  Loading cached version of road network...
  Loaded cached network in 0.14 seconds.
  Pruning scenario...
  Pruned scenario in 2.05e-05 seconds.
Scenario constructed in 1.40 seconds.
  Connecting to CARLA on port 2000
  Map loaded in simulator.
  Generated scene in 1 iterations, 0.005366 seconds.
  Beginning simulation of top-level scenario...
  Ran simulation in 18.59 seconds.
Beginning scenario construction...
pygame 2.6.1 (SDL 2.28.4, Python 3.10.12)
Hello from the pygame community. https://www.pygame.org/contribute.html
  Loading cached version of road network...
  Loaded cached network in 0.14 seconds.
  Pruning scenario...
  Pruned scenario in 2.384e-05 seconds.
Scenario constructed in 1.41 seconds.
  Connecting to CARLA on port 2000
  Map loaded in simulator.
  Generated scene in 1 iterations, 0.005368 seconds.
  Beginning simulation of top-level scenario...
  Ran simulation in 19.43 seconds.
Beginning scenario construction...
pygame 2.6.1 (SDL 2.28.4, Python 3.10.12)
Hello from the pygame community. https://www.pygame.org/contribute.html
  Loading cached version of road network...
  Loaded cached network in 0.13 seconds.
  Pruning scenario...
  Pruned scenario in 2.432e-05 seconds.
Scenario constructed in 1.38 seconds.
  Connecting to CARLA on port 2000
  Map loaded in simulator.
  Generated scene in 1 iterations, 0.005348 seconds.
  Beginning simulation of top-level scenario...
  Ran simulation in 18.49 seconds.
Beginning scenario construction...
pygame 2.6.1 (SDL 2.28.4, Python 3.10.12)
Hello from the pygame community. https://www.pygame.org/contribute.html
  Loading cached version of road network...
  Loaded cached network in 0.13 seconds.
  Pruning scenario...
  Pruned scenario in 2.122e-05 seconds.
Scenario constructed in 1.43 seconds.
  Connecting to CARLA on port 2000
  Map loaded in simulator.
  Generated scene in 5 iterations, 0.01178 seconds.
  Beginning simulation of top-level scenario...
  Ran simulation in 18.87 seconds.
Beginning scenario construction...
pygame 2.6.1 (SDL 2.28.4, Python 3.10.12)
Hello from the pygame community. https://www.pygame.org/contribute.html
  Loading cached version of road network...
  Loaded cached network in 0.14 seconds.
  Pruning scenario...
  Pruned scenario in 1.979e-05 seconds.
Scenario constructed in 1.41 seconds.
  Connecting to CARLA on port 2000
  Map loaded in simulator.
  Generated scene in 2 iterations, 0.007355 seconds.
  Beginning simulation of top-level scenario...
  Ran simulation in 18.36 seconds.
Beginning scenario construction...
pygame 2.6.1 (SDL 2.28.4, Python 3.10.12)
Hello from the pygame community. https://www.pygame.org/contribute.html
  Loading cached version of road network...
  Loaded cached network in 0.14 seconds.
  Pruning scenario...
  Pruned scenario in 2.146e-05 seconds.
Scenario constructed in 1.42 seconds.
  Connecting to CARLA on port 2000
  Map loaded in simulator.
  Generated scene in 1 iterations, 0.005355 seconds.
  Beginning simulation of top-level scenario...
  Ran simulation in 18.5 seconds.
Beginning scenario construction...
pygame 2.6.1 (SDL 2.28.4, Python 3.10.12)
Hello from the pygame community. https://www.pygame.org/contribute.html
  Loading cached version of road network...
  Loaded cached network in 0.13 seconds.
  Pruning scenario...
  Pruned scenario in 2.122e-05 seconds.
Scenario constructed in 1.39 seconds.
  Connecting to CARLA on port 2000
  Map loaded in simulator.
  Generated scene in 4 iterations, 0.01033 seconds.
  Beginning simulation of top-level scenario...
  Ran simulation in 20.02 seconds.
Beginning scenario construction...
pygame 2.6.1 (SDL 2.28.4, Python 3.10.12)
Hello from the pygame community. https://www.pygame.org/contribute.html
  Loading cached version of road network...
  Loaded cached network in 0.14 seconds.
  Pruning scenario...
  Pruned scenario in 2.432e-05 seconds.
Scenario constructed in 1.42 seconds.
  Connecting to CARLA on port 2000
  Map loaded in simulator.
  Generated scene in 2 iterations, 0.007276 seconds.
  Beginning simulation of top-level scenario...
  Ran simulation in 17.59 seconds.
Beginning scenario construction...
pygame 2.6.1 (SDL 2.28.4, Python 3.10.12)
Hello from the pygame community. https://www.pygame.org/contribute.html
  Loading cached version of road network...
  Loaded cached network in 0.14 seconds.
  Pruning scenario...
  Pruned scenario in 2.36e-05 seconds.
Scenario constructed in 1.43 seconds.
  Connecting to CARLA on port 2000
  Map loaded in simulator.
  Generated scene in 1 iterations, 0.005493 seconds.
  Beginning simulation of top-level scenario...
  Ran simulation in 19.3 seconds.
Beginning scenario construction...
pygame 2.6.1 (SDL 2.28.4, Python 3.10.12)
Hello from the pygame community. https://www.pygame.org/contribute.html
  Loading cached version of road network...
  Loaded cached network in 0.14 seconds.
  Pruning scenario...
  Pruned scenario in 2.05e-05 seconds.
Scenario constructed in 1.42 seconds.
  Connecting to CARLA on port 2000
  Map loaded in simulator.
  Generated scene in 1 iterations, 0.005343 seconds.
  Beginning simulation of top-level scenario...
  Ran simulation in 18.76 seconds.
Beginning scenario construction...
pygame 2.6.1 (SDL 2.28.4, Python 3.10.12)
Hello from the pygame community. https://www.pygame.org/contribute.html
  Loading cached version of road network...
  Loaded cached network in 0.14 seconds.
  Pruning scenario...
  Pruned scenario in 1.907e-05 seconds.
Scenario constructed in 1.43 seconds.
  Connecting to CARLA on port 2000
  Map loaded in simulator.
  Generated scene in 2 iterations, 0.007451 seconds.
  Beginning simulation of top-level scenario...
  Ran simulation in 18.07 seconds.
Beginning scenario construction...
pygame 2.6.1 (SDL 2.28.4, Python 3.10.12)
Hello from the pygame community. https://www.pygame.org/contribute.html
  Loading cached version of road network...
  Loaded cached network in 0.14 seconds.
  Pruning scenario...
  Pruned scenario in 2.265e-05 seconds.
Scenario constructed in 1.42 seconds.
  Connecting to CARLA on port 2000
  Map loaded in simulator.
  Generated scene in 2 iterations, 0.007373 seconds.
  Beginning simulation of top-level scenario...
  Ran simulation in 19.17 seconds.
Beginning scenario construction...
pygame 2.6.1 (SDL 2.28.4, Python 3.10.12)
Hello from the pygame community. https://www.pygame.org/contribute.html
  Loading cached version of road network...
  Loaded cached network in 0.14 seconds.
  Pruning scenario...
  Pruned scenario in 2.313e-05 seconds.
Scenario constructed in 1.42 seconds.
  Connecting to CARLA on port 2000
  Map loaded in simulator.
  Generated scene in 2 iterations, 0.00734 seconds.
  Beginning simulation of top-level scenario...
  Ran simulation in 17.97 seconds.
Beginning scenario construction...
pygame 2.6.1 (SDL 2.28.4, Python 3.10.12)
Hello from the pygame community. https://www.pygame.org/contribute.html
  Loading cached version of road network...
  Loaded cached network in 0.14 seconds.
  Pruning scenario...
  Pruned scenario in 2.217e-05 seconds.
Scenario constructed in 1.41 seconds.
  Connecting to CARLA on port 2000
  Map loaded in simulator.
  Generated scene in 6 iterations, 0.01318 seconds.
  Beginning simulation of top-level scenario...
  Ran simulation in 18.16 seconds.
Beginning scenario construction...
pygame 2.6.1 (SDL 2.28.4, Python 3.10.12)
Hello from the pygame community. https://www.pygame.org/contribute.html
  Loading cached version of road network...
  Loaded cached network in 0.14 seconds.
  Pruning scenario...
  Pruned scenario in 1.836e-05 seconds.
Scenario constructed in 1.40 seconds.
  Connecting to CARLA on port 2000
  Map loaded in simulator.
  Generated scene in 1 iterations, 0.005329 seconds.
  Beginning simulation of top-level scenario...
  Ran simulation in 18.48 seconds.
Beginning scenario construction...
pygame 2.6.1 (SDL 2.28.4, Python 3.10.12)
Hello from the pygame community. https://www.pygame.org/contribute.html
  Loading cached version of road network...
  Loaded cached network in 0.13 seconds.
  Pruning scenario...
  Pruned scenario in 2.027e-05 seconds.
Scenario constructed in 1.41 seconds.
  Connecting to CARLA on port 2000
  Map loaded in simulator.
  Generated scene in 1 iterations, 0.005241 seconds.
  Beginning simulation of top-level scenario...
  Ran simulation in 19.28 seconds.
Beginning scenario construction...
pygame 2.6.1 (SDL 2.28.4, Python 3.10.12)
Hello from the pygame community. https://www.pygame.org/contribute.html
  Loading cached version of road network...
  Loaded cached network in 0.14 seconds.
  Pruning scenario...
  Pruned scenario in 2.265e-05 seconds.
Scenario constructed in 1.39 seconds.
  Connecting to CARLA on port 2000
  Map loaded in simulator.
  Generated scene in 3 iterations, 0.009002 seconds.
  Beginning simulation of top-level scenario...
  Ran simulation in 17.99 seconds.
Beginning scenario construction...
pygame 2.6.1 (SDL 2.28.4, Python 3.10.12)
Hello from the pygame community. https://www.pygame.org/contribute.html
  Loading cached version of road network...
  Loaded cached network in 0.14 seconds.
  Pruning scenario...
  Pruned scenario in 2.289e-05 seconds.
Scenario constructed in 1.42 seconds.
  Connecting to CARLA on port 2000
  Map loaded in simulator.
  Generated scene in 5 iterations, 0.01181 seconds.
  Beginning simulation of top-level scenario...
  Ran simulation in 17.95 seconds.
Beginning scenario construction...
pygame 2.6.1 (SDL 2.28.4, Python 3.10.12)
Hello from the pygame community. https://www.pygame.org/contribute.html
  Loading cached version of road network...
  Loaded cached network in 0.13 seconds.
  Pruning scenario...
  Pruned scenario in 2.36e-05 seconds.
Scenario constructed in 1.42 seconds.
  Connecting to CARLA on port 2000
  Map loaded in simulator.
  Generated scene in 14 iterations, 0.02466 seconds.
  Beginning simulation of top-level scenario...
  Ran simulation in 18.17 seconds.
Beginning scenario construction...
pygame 2.6.1 (SDL 2.28.4, Python 3.10.12)
Hello from the pygame community. https://www.pygame.org/contribute.html
  Loading cached version of road network...
  Loaded cached network in 0.14 seconds.
  Pruning scenario...
  Pruned scenario in 2.05e-05 seconds.
Scenario constructed in 1.42 seconds.
  Connecting to CARLA on port 2000
  Map loaded in simulator.
  Generated scene in 1 iterations, 0.005441 seconds.
  Beginning simulation of top-level scenario...
  Ran simulation in 17.71 seconds.
Beginning scenario construction...
pygame 2.6.1 (SDL 2.28.4, Python 3.10.12)
Hello from the pygame community. https://www.pygame.org/contribute.html
  Loading cached version of road network...
  Loaded cached network in 0.14 seconds.
  Pruning scenario...
  Pruned scenario in 2.432e-05 seconds.
Scenario constructed in 1.39 seconds.
  Connecting to CARLA on port 2000
  Map loaded in simulator.
  Generated scene in 1 iterations, 0.005456 seconds.
  Beginning simulation of top-level scenario...
  Ran simulation in 21.44 seconds.
Beginning scenario construction...
pygame 2.6.1 (SDL 2.28.4, Python 3.10.12)
Hello from the pygame community. https://www.pygame.org/contribute.html
  Loading cached version of road network...
  Loaded cached network in 0.14 seconds.
  Pruning scenario...
  Pruned scenario in 2.05e-05 seconds.
Scenario constructed in 1.43 seconds.
  Connecting to CARLA on port 2000
  Map loaded in simulator.
  Generated scene in 1 iterations, 0.005396 seconds.
  Beginning simulation of top-level scenario...
  Ran simulation in 18.65 seconds.
Beginning scenario construction...
pygame 2.6.1 (SDL 2.28.4, Python 3.10.12)
Hello from the pygame community. https://www.pygame.org/contribute.html
  Loading cached version of road network...
  Loaded cached network in 0.13 seconds.
  Pruning scenario...
  Pruned scenario in 2.789e-05 seconds.
Scenario constructed in 1.43 seconds.
  Connecting to CARLA on port 2000
  Map loaded in simulator.
  Generated scene in 7 iterations, 0.01507 seconds.
  Beginning simulation of top-level scenario...
  Ran simulation in 17.64 seconds.
Beginning scenario construction...
pygame 2.6.1 (SDL 2.28.4, Python 3.10.12)
Hello from the pygame community. https://www.pygame.org/contribute.html
  Loading cached version of road network...
  Loaded cached network in 0.14 seconds.
  Pruning scenario...
  Pruned scenario in 2.67e-05 seconds.
Scenario constructed in 1.41 seconds.
  Connecting to CARLA on port 2000
  Map loaded in simulator.
  Generated scene in 9 iterations, 0.01788 seconds.
  Beginning simulation of top-level scenario...
  Ran simulation in 18.95 seconds.
Beginning scenario construction...
pygame 2.6.1 (SDL 2.28.4, Python 3.10.12)
Hello from the pygame community. https://www.pygame.org/contribute.html
  Loading cached version of road network...
  Loaded cached network in 0.13 seconds.
  Pruning scenario...
  Pruned scenario in 2.17e-05 seconds.
Scenario constructed in 1.40 seconds.
  Connecting to CARLA on port 2000
  Map loaded in simulator.
  Generated scene in 5 iterations, 0.01223 seconds.
  Beginning simulation of top-level scenario...
  Ran simulation in 19.82 seconds.
Beginning scenario construction...
pygame 2.6.1 (SDL 2.28.4, Python 3.10.12)
Hello from the pygame community. https://www.pygame.org/contribute.html
  Loading cached version of road network...
  Loaded cached network in 0.13 seconds.
  Pruning scenario...
  Pruned scenario in 2.05e-05 seconds.
Scenario constructed in 1.42 seconds.
  Connecting to CARLA on port 2000
  Map loaded in simulator.
  Generated scene in 4 iterations, 0.01037 seconds.
  Beginning simulation of top-level scenario...
  Ran simulation in 19.22 seconds.
Beginning scenario construction...
pygame 2.6.1 (SDL 2.28.4, Python 3.10.12)
Hello from the pygame community. https://www.pygame.org/contribute.html
  Loading cached version of road network...
  Loaded cached network in 0.14 seconds.
  Pruning scenario...
  Pruned scenario in 1.931e-05 seconds.
Scenario constructed in 1.40 seconds.
  Connecting to CARLA on port 2000
  Map loaded in simulator.
  Generated scene in 1 iterations, 0.005439 seconds.
  Beginning simulation of top-level scenario...
  Ran simulation in 20.22 seconds.
Beginning scenario construction...
pygame 2.6.1 (SDL 2.28.4, Python 3.10.12)
Hello from the pygame community. https://www.pygame.org/contribute.html
  Loading cached version of road network...
  Loaded cached network in 0.14 seconds.
  Pruning scenario...
  Pruned scenario in 2.074e-05 seconds.
Scenario constructed in 1.41 seconds.
  Connecting to CARLA on port 2000
  Map loaded in simulator.
  Generated scene in 2 iterations, 0.007366 seconds.
  Beginning simulation of top-level scenario...
  Ran simulation in 21.75 seconds.
Beginning scenario construction...
pygame 2.6.1 (SDL 2.28.4, Python 3.10.12)
Hello from the pygame community. https://www.pygame.org/contribute.html
  Loading cached version of road network...
  Loaded cached network in 0.14 seconds.
  Pruning scenario...
  Pruned scenario in 1.788e-05 seconds.
Scenario constructed in 1.41 seconds.
  Connecting to CARLA on port 2000
  Map loaded in simulator.
  Generated scene in 2 iterations, 0.0075 seconds.
  Beginning simulation of top-level scenario...
  Ran simulation in 17.63 seconds.
Beginning scenario construction...
pygame 2.6.1 (SDL 2.28.4, Python 3.10.12)
Hello from the pygame community. https://www.pygame.org/contribute.html
  Loading cached version of road network...
  Loaded cached network in 0.14 seconds.
  Pruning scenario...
  Pruned scenario in 1.884e-05 seconds.
Scenario constructed in 1.41 seconds.
  Connecting to CARLA on port 2000
  Map loaded in simulator.
  Generated scene in 6 iterations, 0.01337 seconds.
  Beginning simulation of top-level scenario...
  Ran simulation in 21.17 seconds.
Beginning scenario construction...
pygame 2.6.1 (SDL 2.28.4, Python 3.10.12)
Hello from the pygame community. https://www.pygame.org/contribute.html
  Loading cached version of road network...
  Loaded cached network in 0.14 seconds.
  Pruning scenario...
  Pruned scenario in 2.17e-05 seconds.
Scenario constructed in 1.40 seconds.
  Connecting to CARLA on port 2000
  Map loaded in simulator.
  Generated scene in 3 iterations, 0.008759 seconds.
  Beginning simulation of top-level scenario...
  Ran simulation in 18.54 seconds.
Beginning scenario construction...
pygame 2.6.1 (SDL 2.28.4, Python 3.10.12)
Hello from the pygame community. https://www.pygame.org/contribute.html
  Loading cached version of road network...
  Loaded cached network in 0.14 seconds.
  Pruning scenario...
  Pruned scenario in 2.027e-05 seconds.
Scenario constructed in 1.41 seconds.
  Connecting to CARLA on port 2000
  Map loaded in simulator.
  Generated scene in 1 iterations, 0.00537 seconds.
  Beginning simulation of top-level scenario...
  Ran simulation in 18.9 seconds.
Beginning scenario construction...
pygame 2.6.1 (SDL 2.28.4, Python 3.10.12)
Hello from the pygame community. https://www.pygame.org/contribute.html
  Loading cached version of road network...
  Loaded cached network in 0.13 seconds.
  Pruning scenario...
  Pruned scenario in 2.05e-05 seconds.
Scenario constructed in 1.42 seconds.
  Connecting to CARLA on port 2000
  Map loaded in simulator.
  Generated scene in 5 iterations, 0.01192 seconds.
  Beginning simulation of top-level scenario...
  Ran simulation in 17.47 seconds.
Beginning scenario construction...
pygame 2.6.1 (SDL 2.28.4, Python 3.10.12)
Hello from the pygame community. https://www.pygame.org/contribute.html
  Loading cached version of road network...
  Loaded cached network in 0.13 seconds.
  Pruning scenario...
  Pruned scenario in 2.599e-05 seconds.
Scenario constructed in 1.41 seconds.
  Connecting to CARLA on port 2000
  Map loaded in simulator.
  Generated scene in 1 iterations, 0.005412 seconds.
  Beginning simulation of top-level scenario...
  Ran simulation in 21.59 seconds.
Beginning scenario construction...
pygame 2.6.1 (SDL 2.28.4, Python 3.10.12)
Hello from the pygame community. https://www.pygame.org/contribute.html
  Loading cached version of road network...
  Loaded cached network in 0.14 seconds.
  Pruning scenario...
  Pruned scenario in 1.931e-05 seconds.
Scenario constructed in 1.40 seconds.
  Connecting to CARLA on port 2000
  Map loaded in simulator.
  Generated scene in 1 iterations, 0.005312 seconds.
  Beginning simulation of top-level scenario...
  Ran simulation in 19.26 seconds.
Beginning scenario construction...
pygame 2.6.1 (SDL 2.28.4, Python 3.10.12)
Hello from the pygame community. https://www.pygame.org/contribute.html
  Loading cached version of road network...
  Loaded cached network in 0.14 seconds.
  Pruning scenario...
  Pruned scenario in 1.884e-05 seconds.
Scenario constructed in 1.41 seconds.
  Connecting to CARLA on port 2000
  Map loaded in simulator.
  Generated scene in 1 iterations, 0.005403 seconds.
  Beginning simulation of top-level scenario...
  Ran simulation in 17.5 seconds.
Beginning scenario construction...
pygame 2.6.1 (SDL 2.28.4, Python 3.10.12)
Hello from the pygame community. https://www.pygame.org/contribute.html
  Loading cached version of road network...
  Loaded cached network in 0.14 seconds.
  Pruning scenario...
  Pruned scenario in 1.86e-05 seconds.
Scenario constructed in 1.42 seconds.
  Connecting to CARLA on port 2000
  Map loaded in simulator.
  Generated scene in 3 iterations, 0.009048 seconds.
  Beginning simulation of top-level scenario...
  Ran simulation in 19.19 seconds.
Beginning scenario construction...
pygame 2.6.1 (SDL 2.28.4, Python 3.10.12)
Hello from the pygame community. https://www.pygame.org/contribute.html
  Loading cached version of road network...
  Loaded cached network in 0.14 seconds.
  Pruning scenario...
  Pruned scenario in 2.003e-05 seconds.
Scenario constructed in 1.42 seconds.
  Connecting to CARLA on port 2000
  Map loaded in simulator.
  Generated scene in 1 iterations, 0.005292 seconds.
  Beginning simulation of top-level scenario...
  Ran simulation in 19.98 seconds.
Beginning scenario construction...
pygame 2.6.1 (SDL 2.28.4, Python 3.10.12)
Hello from the pygame community. https://www.pygame.org/contribute.html
  Loading cached version of road network...
  Loaded cached network in 0.13 seconds.
  Pruning scenario...
  Pruned scenario in 2.05e-05 seconds.
Scenario constructed in 1.40 seconds.
  Connecting to CARLA on port 2000
  Map loaded in simulator.
  Generated scene in 7 iterations, 0.01469 seconds.
  Beginning simulation of top-level scenario...
  Ran simulation in 17.63 seconds.
Beginning scenario construction...
pygame 2.6.1 (SDL 2.28.4, Python 3.10.12)
Hello from the pygame community. https://www.pygame.org/contribute.html
  Loading cached version of road network...
  Loaded cached network in 0.14 seconds.
  Pruning scenario...
  Pruned scenario in 2.027e-05 seconds.
Scenario constructed in 1.41 seconds.
  Connecting to CARLA on port 2000
  Map loaded in simulator.
  Generated scene in 2 iterations, 0.007426 seconds.
  Beginning simulation of top-level scenario...
  Ran simulation in 18.39 seconds.
Beginning scenario construction...
pygame 2.6.1 (SDL 2.28.4, Python 3.10.12)
Hello from the pygame community. https://www.pygame.org/contribute.html
  Loading cached version of road network...
  Loaded cached network in 0.14 seconds.
  Pruning scenario...
  Pruned scenario in 2.027e-05 seconds.
Scenario constructed in 1.40 seconds.
  Connecting to CARLA on port 2000
  Map loaded in simulator.
  Generated scene in 3 iterations, 0.008929 seconds.
  Beginning simulation of top-level scenario...
  Ran simulation in 17.75 seconds.
Beginning scenario construction...
pygame 2.6.1 (SDL 2.28.4, Python 3.10.12)
Hello from the pygame community. https://www.pygame.org/contribute.html
  Loading cached version of road network...
  Loaded cached network in 0.13 seconds.
  Pruning scenario...
  Pruned scenario in 2.694e-05 seconds.
Scenario constructed in 1.43 seconds.
  Connecting to CARLA on port 2000
  Map loaded in simulator.
  Generated scene in 1 iterations, 0.005366 seconds.
  Beginning simulation of top-level scenario...
  Ran simulation in 18.85 seconds.
Beginning scenario construction...
pygame 2.6.1 (SDL 2.28.4, Python 3.10.12)
Hello from the pygame community. https://www.pygame.org/contribute.html
  Loading cached version of road network...
  Loaded cached network in 0.14 seconds.
  Pruning scenario...
  Pruned scenario in 1.907e-05 seconds.
Scenario constructed in 1.40 seconds.
  Connecting to CARLA on port 2000
  Map loaded in simulator.
  Generated scene in 3 iterations, 0.008984 seconds.
  Beginning simulation of top-level scenario...
  Ran simulation in 19.07 seconds.
Beginning scenario construction...
pygame 2.6.1 (SDL 2.28.4, Python 3.10.12)
Hello from the pygame community. https://www.pygame.org/contribute.html
  Loading cached version of road network...
  Loaded cached network in 0.14 seconds.
  Pruning scenario...
  Pruned scenario in 2.074e-05 seconds.
Scenario constructed in 1.41 seconds.
  Connecting to CARLA on port 2000
  Map loaded in simulator.
  Generated scene in 1 iterations, 0.005321 seconds.
  Beginning simulation of top-level scenario...
  Ran simulation in 20.69 seconds.
Beginning scenario construction...
pygame 2.6.1 (SDL 2.28.4, Python 3.10.12)
Hello from the pygame community. https://www.pygame.org/contribute.html
  Loading cached version of road network...
  Loaded cached network in 0.14 seconds.
  Pruning scenario...
  Pruned scenario in 2.67e-05 seconds.
Scenario constructed in 1.40 seconds.
  Connecting to CARLA on port 2000
  Map loaded in simulator.
  Generated scene in 4 iterations, 0.01036 seconds.
  Beginning simulation of top-level scenario...
  Ran simulation in 20.01 seconds.
Beginning scenario construction...
pygame 2.6.1 (SDL 2.28.4, Python 3.10.12)
Hello from the pygame community. https://www.pygame.org/contribute.html
  Loading cached version of road network...
  Loaded cached network in 0.13 seconds.
  Pruning scenario...
  Pruned scenario in 1.86e-05 seconds.
Scenario constructed in 1.42 seconds.
  Connecting to CARLA on port 2000
  Map loaded in simulator.
  Generated scene in 6 iterations, 0.01393 seconds.
  Beginning simulation of top-level scenario...
  Ran simulation in 17.46 seconds.
Beginning scenario construction...
pygame 2.6.1 (SDL 2.28.4, Python 3.10.12)
Hello from the pygame community. https://www.pygame.org/contribute.html
  Loading cached version of road network...
  Loaded cached network in 0.13 seconds.
  Pruning scenario...
  Pruned scenario in 2.003e-05 seconds.
Scenario constructed in 1.39 seconds.
  Connecting to CARLA on port 2000
  Map loaded in simulator.
  Generated scene in 1 iterations, 0.005367 seconds.
  Beginning simulation of top-level scenario...
  Ran simulation in 18.65 seconds.
Beginning scenario construction...
pygame 2.6.1 (SDL 2.28.4, Python 3.10.12)
Hello from the pygame community. https://www.pygame.org/contribute.html
  Loading cached version of road network...
  Loaded cached network in 0.14 seconds.
  Pruning scenario...
  Pruned scenario in 2.694e-05 seconds.
Scenario constructed in 1.42 seconds.
  Connecting to CARLA on port 2000
  Map loaded in simulator.
  Generated scene in 6 iterations, 0.01325 seconds.
  Beginning simulation of top-level scenario...
  Ran simulation in 17.87 seconds.
Beginning scenario construction...
pygame 2.6.1 (SDL 2.28.4, Python 3.10.12)
Hello from the pygame community. https://www.pygame.org/contribute.html
  Loading cached version of road network...
  Loaded cached network in 0.14 seconds.
  Pruning scenario...
  Pruned scenario in 2.265e-05 seconds.
Scenario constructed in 1.39 seconds.
  Connecting to CARLA on port 2000
  Map loaded in simulator.
  Generated scene in 1 iterations, 0.005374 seconds.
  Beginning simulation of top-level scenario...
  Ran simulation in 18.26 seconds.
Beginning scenario construction...
pygame 2.6.1 (SDL 2.28.4, Python 3.10.12)
Hello from the pygame community. https://www.pygame.org/contribute.html
  Loading cached version of road network...
  Loaded cached network in 0.14 seconds.
  Pruning scenario...
  Pruned scenario in 1.979e-05 seconds.
Scenario constructed in 1.42 seconds.
  Connecting to CARLA on port 2000
  Map loaded in simulator.
  Generated scene in 2 iterations, 0.007582 seconds.
  Beginning simulation of top-level scenario...
  Ran simulation in 17.91 seconds.
Beginning scenario construction...
pygame 2.6.1 (SDL 2.28.4, Python 3.10.12)
Hello from the pygame community. https://www.pygame.org/contribute.html
  Loading cached version of road network...
  Loaded cached network in 0.14 seconds.
  Pruning scenario...
  Pruned scenario in 2.098e-05 seconds.
Scenario constructed in 1.41 seconds.
  Connecting to CARLA on port 2000
  Map loaded in simulator.
  Generated scene in 2 iterations, 0.007231 seconds.
  Beginning simulation of top-level scenario...
  Ran simulation in 18.41 seconds.
Beginning scenario construction...
pygame 2.6.1 (SDL 2.28.4, Python 3.10.12)
Hello from the pygame community. https://www.pygame.org/contribute.html
  Loading cached version of road network...
  Loaded cached network in 0.14 seconds.
  Pruning scenario...
  Pruned scenario in 2.193e-05 seconds.
Scenario constructed in 1.43 seconds.
  Connecting to CARLA on port 2000
  Map loaded in simulator.
  Generated scene in 3 iterations, 0.008838 seconds.
  Beginning simulation of top-level scenario...
  Ran simulation in 18.51 seconds.
Beginning scenario construction...
pygame 2.6.1 (SDL 2.28.4, Python 3.10.12)
Hello from the pygame community. https://www.pygame.org/contribute.html
  Loading cached version of road network...
  Loaded cached network in 0.14 seconds.
  Pruning scenario...
  Pruned scenario in 1.717e-05 seconds.
Scenario constructed in 1.43 seconds.
  Connecting to CARLA on port 2000
  Map loaded in simulator.
  Generated scene in 1 iterations, 0.005466 seconds.
  Beginning simulation of top-level scenario...
  Ran simulation in 17.45 seconds.
Beginning scenario construction...
pygame 2.6.1 (SDL 2.28.4, Python 3.10.12)
Hello from the pygame community. https://www.pygame.org/contribute.html
  Loading cached version of road network...
  Loaded cached network in 0.14 seconds.
  Pruning scenario...
  Pruned scenario in 2.05e-05 seconds.
Scenario constructed in 1.42 seconds.
  Connecting to CARLA on port 2000
  Map loaded in simulator.
  Generated scene in 2 iterations, 0.007284 seconds.
  Beginning simulation of top-level scenario...
  Ran simulation in 19.67 seconds.
Beginning scenario construction...
pygame 2.6.1 (SDL 2.28.4, Python 3.10.12)
Hello from the pygame community. https://www.pygame.org/contribute.html
  Loading cached version of road network...
  Loaded cached network in 0.13 seconds.
  Pruning scenario...
  Pruned scenario in 2.17e-05 seconds.
Scenario constructed in 1.39 seconds.
  Connecting to CARLA on port 2000
  Map loaded in simulator.
  Generated scene in 9 iterations, 0.01786 seconds.
  Beginning simulation of top-level scenario...
  Ran simulation in 18.62 seconds.
Beginning scenario construction...
pygame 2.6.1 (SDL 2.28.4, Python 3.10.12)
Hello from the pygame community. https://www.pygame.org/contribute.html
  Loading cached version of road network...
  Loaded cached network in 0.14 seconds.
  Pruning scenario...
  Pruned scenario in 1.907e-05 seconds.
Scenario constructed in 1.41 seconds.
  Connecting to CARLA on port 2000
  Map loaded in simulator.
  Generated scene in 2 iterations, 0.007565 seconds.
  Beginning simulation of top-level scenario...
  Ran simulation in 19.19 seconds.
Beginning scenario construction...
pygame 2.6.1 (SDL 2.28.4, Python 3.10.12)
Hello from the pygame community. https://www.pygame.org/contribute.html
  Loading cached version of road network...
  Loaded cached network in 0.14 seconds.
  Pruning scenario...
  Pruned scenario in 1.907e-05 seconds.
Scenario constructed in 1.40 seconds.
  Connecting to CARLA on port 2000
  Map loaded in simulator.
  Generated scene in 2 iterations, 0.007276 seconds.
  Beginning simulation of top-level scenario...
  Ran simulation in 17.49 seconds.
Beginning scenario construction...
pygame 2.6.1 (SDL 2.28.4, Python 3.10.12)
Hello from the pygame community. https://www.pygame.org/contribute.html
  Loading cached version of road network...
  Loaded cached network in 0.14 seconds.
  Pruning scenario...
  Pruned scenario in 2.861e-05 seconds.
Scenario constructed in 1.40 seconds.
  Connecting to CARLA on port 2000
  Map loaded in simulator.
  Generated scene in 3 iterations, 0.008934 seconds.
  Beginning simulation of top-level scenario...
  Ran simulation in 17.89 seconds.
Beginning scenario construction...
pygame 2.6.1 (SDL 2.28.4, Python 3.10.12)
Hello from the pygame community. https://www.pygame.org/contribute.html
  Loading cached version of road network...
  Loaded cached network in 0.13 seconds.
  Pruning scenario...
  Pruned scenario in 2.384e-05 seconds.
Scenario constructed in 1.39 seconds.
  Connecting to CARLA on port 2000
  Map loaded in simulator.
  Generated scene in 2 iterations, 0.007377 seconds.
  Beginning simulation of top-level scenario...
  Ran simulation in 21.55 seconds.
Beginning scenario construction...
pygame 2.6.1 (SDL 2.28.4, Python 3.10.12)
Hello from the pygame community. https://www.pygame.org/contribute.html
  Loading cached version of road network...
  Loaded cached network in 0.14 seconds.
  Pruning scenario...
  Pruned scenario in 1.955e-05 seconds.
Scenario constructed in 1.41 seconds.
  Connecting to CARLA on port 2000
  Map loaded in simulator.
  Generated scene in 7 iterations, 0.01481 seconds.
  Beginning simulation of top-level scenario...
  Ran simulation in 18.04 seconds.
Beginning scenario construction...
pygame 2.6.1 (SDL 2.28.4, Python 3.10.12)
Hello from the pygame community. https://www.pygame.org/contribute.html
  Loading cached version of road network...
  Loaded cached network in 0.14 seconds.
  Pruning scenario...
  Pruned scenario in 1.955e-05 seconds.
Scenario constructed in 1.40 seconds.
  Connecting to CARLA on port 2000
  Map loaded in simulator.
  Generated scene in 1 iterations, 0.005348 seconds.
  Beginning simulation of top-level scenario...
  Ran simulation in 18.58 seconds.
Beginning scenario construction...
pygame 2.6.1 (SDL 2.28.4, Python 3.10.12)
Hello from the pygame community. https://www.pygame.org/contribute.html
  Loading cached version of road network...
  Loaded cached network in 0.14 seconds.
  Pruning scenario...
  Pruned scenario in 2.027e-05 seconds.
Scenario constructed in 1.42 seconds.
  Connecting to CARLA on port 2000
  Map loaded in simulator.
  Generated scene in 8 iterations, 0.0165 seconds.
  Beginning simulation of top-level scenario...
  Ran simulation in 20.66 seconds.
Beginning scenario construction...
pygame 2.6.1 (SDL 2.28.4, Python 3.10.12)
Hello from the pygame community. https://www.pygame.org/contribute.html
  Loading cached version of road network...
  Loaded cached network in 0.14 seconds.
  Pruning scenario...
  Pruned scenario in 1.836e-05 seconds.
Scenario constructed in 1.39 seconds.
  Connecting to CARLA on port 2000
  Map loaded in simulator.
  Generated scene in 1 iterations, 0.005387 seconds.
  Beginning simulation of top-level scenario...
  Ran simulation in 19.02 seconds.
Beginning scenario construction...
pygame 2.6.1 (SDL 2.28.4, Python 3.10.12)
Hello from the pygame community. https://www.pygame.org/contribute.html
  Loading cached version of road network...
  Loaded cached network in 0.14 seconds.
  Pruning scenario...
  Pruned scenario in 1.931e-05 seconds.
Scenario constructed in 1.42 seconds.
  Connecting to CARLA on port 2000
  Map loaded in simulator.
  Generated scene in 1 iterations, 0.005373 seconds.
  Beginning simulation of top-level scenario...
  Ran simulation in 18.57 seconds.
Beginning scenario construction...
pygame 2.6.1 (SDL 2.28.4, Python 3.10.12)
Hello from the pygame community. https://www.pygame.org/contribute.html
  Loading cached version of road network...
  Loaded cached network in 0.14 seconds.
  Pruning scenario...
  Pruned scenario in 1.884e-05 seconds.
Scenario constructed in 1.39 seconds.
  Connecting to CARLA on port 2000
  Map loaded in simulator.
  Generated scene in 1 iterations, 0.00526 seconds.
  Beginning simulation of top-level scenario...
  Ran simulation in 17.07 seconds.
Beginning scenario construction...
pygame 2.6.1 (SDL 2.28.4, Python 3.10.12)
Hello from the pygame community. https://www.pygame.org/contribute.html
  Loading cached version of road network...
  Loaded cached network in 0.14 seconds.
  Pruning scenario...
  Pruned scenario in 1.86e-05 seconds.
Scenario constructed in 1.52 seconds.
  Connecting to CARLA on port 2000
  Map loaded in simulator.
  Generated scene in 1 iterations, 0.005301 seconds.
  Beginning simulation of top-level scenario...
  Ran simulation in 17.73 seconds.
Beginning scenario construction...
pygame 2.6.1 (SDL 2.28.4, Python 3.10.12)
Hello from the pygame community. https://www.pygame.org/contribute.html
  Loading cached version of road network...
  Loaded cached network in 0.14 seconds.
  Pruning scenario...
  Pruned scenario in 2.122e-05 seconds.
Scenario constructed in 1.40 seconds.
  Connecting to CARLA on port 2000
  Map loaded in simulator.
  Generated scene in 2 iterations, 0.007104 seconds.
  Beginning simulation of top-level scenario...
  Ran simulation in 18.31 seconds.
Beginning scenario construction...
pygame 2.6.1 (SDL 2.28.4, Python 3.10.12)
Hello from the pygame community. https://www.pygame.org/contribute.html
  Loading cached version of road network...
  Loaded cached network in 0.14 seconds.
  Pruning scenario...
  Pruned scenario in 2.623e-05 seconds.
Scenario constructed in 1.42 seconds.
  Connecting to CARLA on port 2000
  Map loaded in simulator.
  Generated scene in 2 iterations, 0.007457 seconds.
  Beginning simulation of top-level scenario...
  Ran simulation in 19.14 seconds.
Beginning scenario construction...
pygame 2.6.1 (SDL 2.28.4, Python 3.10.12)
Hello from the pygame community. https://www.pygame.org/contribute.html
  Loading cached version of road network...
  Loaded cached network in 0.14 seconds.
  Pruning scenario...
  Pruned scenario in 2.146e-05 seconds.
Scenario constructed in 1.41 seconds.
  Connecting to CARLA on port 2000
  Map loaded in simulator.
  Generated scene in 5 iterations, 0.01158 seconds.
  Beginning simulation of top-level scenario...
  Ran simulation in 18.11 seconds.
Beginning scenario construction...
pygame 2.6.1 (SDL 2.28.4, Python 3.10.12)
Hello from the pygame community. https://www.pygame.org/contribute.html
  Loading cached version of road network...
  Loaded cached network in 0.14 seconds.
  Pruning scenario...
  Pruned scenario in 2.122e-05 seconds.
Scenario constructed in 1.41 seconds.
  Connecting to CARLA on port 2000
  Map loaded in simulator.
  Generated scene in 5 iterations, 0.01205 seconds.
  Beginning simulation of top-level scenario...
  Ran simulation in 18.89 seconds.
Beginning scenario construction...
pygame 2.6.1 (SDL 2.28.4, Python 3.10.12)
Hello from the pygame community. https://www.pygame.org/contribute.html
  Loading cached version of road network...
  Loaded cached network in 0.14 seconds.
  Pruning scenario...
  Pruned scenario in 2.217e-05 seconds.
Scenario constructed in 1.41 seconds.
  Connecting to CARLA on port 2000
  Map loaded in simulator.
  Generated scene in 5 iterations, 0.01208 seconds.
  Beginning simulation of top-level scenario...
  Ran simulation in 18.72 seconds.
Beginning scenario construction...
pygame 2.6.1 (SDL 2.28.4, Python 3.10.12)
Hello from the pygame community. https://www.pygame.org/contribute.html
  Loading cached version of road network...
  Loaded cached network in 0.14 seconds.
  Pruning scenario...
  Pruned scenario in 2.241e-05 seconds.
Scenario constructed in 1.41 seconds.
  Connecting to CARLA on port 2000
  Map loaded in simulator.
  Generated scene in 1 iterations, 0.005292 seconds.
  Beginning simulation of top-level scenario...
  Ran simulation in 18.26 seconds.
Beginning scenario construction...
pygame 2.6.1 (SDL 2.28.4, Python 3.10.12)
Hello from the pygame community. https://www.pygame.org/contribute.html
  Loading cached version of road network...
  Loaded cached network in 0.14 seconds.
  Pruning scenario...
  Pruned scenario in 1.931e-05 seconds.
Scenario constructed in 1.40 seconds.
  Connecting to CARLA on port 2000
  Map loaded in simulator.
  Generated scene in 2 iterations, 0.007255 seconds.
  Beginning simulation of top-level scenario...
  Ran simulation in 17.71 seconds.
Beginning scenario construction...
pygame 2.6.1 (SDL 2.28.4, Python 3.10.12)
Hello from the pygame community. https://www.pygame.org/contribute.html
  Loading cached version of road network...
  Loaded cached network in 0.13 seconds.
  Pruning scenario...
  Pruned scenario in 2.217e-05 seconds.
Scenario constructed in 1.41 seconds.
  Connecting to CARLA on port 2000
  Map loaded in simulator.
  Generated scene in 4 iterations, 0.01037 seconds.
  Beginning simulation of top-level scenario...
  Ran simulation in 17.87 seconds.
Beginning scenario construction...
pygame 2.6.1 (SDL 2.28.4, Python 3.10.12)
Hello from the pygame community. https://www.pygame.org/contribute.html
  Loading cached version of road network...
  Loaded cached network in 0.14 seconds.
  Pruning scenario...
  Pruned scenario in 2.027e-05 seconds.
Scenario constructed in 1.41 seconds.
  Connecting to CARLA on port 2000
  Map loaded in simulator.
  Generated scene in 4 iterations, 0.01049 seconds.
  Beginning simulation of top-level scenario...
  Ran simulation in 21.57 seconds.
Beginning scenario construction...
pygame 2.6.1 (SDL 2.28.4, Python 3.10.12)
Hello from the pygame community. https://www.pygame.org/contribute.html
  Loading cached version of road network...
  Loaded cached network in 0.14 seconds.
  Pruning scenario...
  Pruned scenario in 1.884e-05 seconds.
Scenario constructed in 1.41 seconds.
  Connecting to CARLA on port 2000
  Map loaded in simulator.
  Generated scene in 2 iterations, 0.007389 seconds.
  Beginning simulation of top-level scenario...
  Ran simulation in 17.93 seconds.
Beginning scenario construction...
pygame 2.6.1 (SDL 2.28.4, Python 3.10.12)
Hello from the pygame community. https://www.pygame.org/contribute.html
  Loading cached version of road network...
  Loaded cached network in 0.14 seconds.
  Pruning scenario...
  Pruned scenario in 2.313e-05 seconds.
Scenario constructed in 1.41 seconds.
  Connecting to CARLA on port 2000
  Map loaded in simulator.
  Generated scene in 6 iterations, 0.01395 seconds.
  Beginning simulation of top-level scenario...
  Ran simulation in 17.81 seconds.
Beginning scenario construction...
pygame 2.6.1 (SDL 2.28.4, Python 3.10.12)
Hello from the pygame community. https://www.pygame.org/contribute.html
  Loading cached version of road network...
  Loaded cached network in 0.14 seconds.
  Pruning scenario...
  Pruned scenario in 2.193e-05 seconds.
Scenario constructed in 1.41 seconds.
  Connecting to CARLA on port 2000
  Map loaded in simulator.
  Generated scene in 6 iterations, 0.01328 seconds.
  Beginning simulation of top-level scenario...
  Ran simulation in 19.53 seconds.
Beginning scenario construction...
pygame 2.6.1 (SDL 2.28.4, Python 3.10.12)
Hello from the pygame community. https://www.pygame.org/contribute.html
  Loading cached version of road network...
  Loaded cached network in 0.13 seconds.
  Pruning scenario...
  Pruned scenario in 2.718e-05 seconds.
Scenario constructed in 1.38 seconds.
  Connecting to CARLA on port 2000
  Map loaded in simulator.
  Generated scene in 3 iterations, 0.008904 seconds.
  Beginning simulation of top-level scenario...
  Ran simulation in 20.35 seconds.
Beginning scenario construction...
pygame 2.6.1 (SDL 2.28.4, Python 3.10.12)
Hello from the pygame community. https://www.pygame.org/contribute.html
  Loading cached version of road network...
  Loaded cached network in 0.14 seconds.
  Pruning scenario...
  Pruned scenario in 1.884e-05 seconds.
Scenario constructed in 1.43 seconds.
  Connecting to CARLA on port 2000
  Map loaded in simulator.
  Generated scene in 5 iterations, 0.01199 seconds.
  Beginning simulation of top-level scenario...
  Ran simulation in 18.17 seconds.
Beginning scenario construction...
pygame 2.6.1 (SDL 2.28.4, Python 3.10.12)
Hello from the pygame community. https://www.pygame.org/contribute.html
  Loading cached version of road network...
  Loaded cached network in 0.14 seconds.
  Pruning scenario...
  Pruned scenario in 2.074e-05 seconds.
Scenario constructed in 1.42 seconds.
  Connecting to CARLA on port 2000
  Map loaded in simulator.
  Generated scene in 2 iterations, 0.007286 seconds.
  Beginning simulation of top-level scenario...
  Ran simulation in 17.43 seconds.
Beginning scenario construction...
pygame 2.6.1 (SDL 2.28.4, Python 3.10.12)
Hello from the pygame community. https://www.pygame.org/contribute.html
  Loading cached version of road network...
  Loaded cached network in 0.13 seconds.
  Pruning scenario...
  Pruned scenario in 2.003e-05 seconds.
Scenario constructed in 1.41 seconds.
  Connecting to CARLA on port 2000
  Map loaded in simulator.
  Generated scene in 7 iterations, 0.01523 seconds.
  Beginning simulation of top-level scenario...
  Ran simulation in 17.71 seconds.
Beginning scenario construction...
pygame 2.6.1 (SDL 2.28.4, Python 3.10.12)
Hello from the pygame community. https://www.pygame.org/contribute.html
  Loading cached version of road network...
  Loaded cached network in 0.13 seconds.
  Pruning scenario...
  Pruned scenario in 2.05e-05 seconds.
Scenario constructed in 1.40 seconds.
  Connecting to CARLA on port 2000
  Map loaded in simulator.
  Generated scene in 3 iterations, 0.008969 seconds.
  Beginning simulation of top-level scenario...
  Ran simulation in 18.82 seconds.
Beginning scenario construction...
pygame 2.6.1 (SDL 2.28.4, Python 3.10.12)
Hello from the pygame community. https://www.pygame.org/contribute.html
  Loading cached version of road network...
  Loaded cached network in 0.14 seconds.
  Pruning scenario...
  Pruned scenario in 2.098e-05 seconds.
Scenario constructed in 1.42 seconds.
  Connecting to CARLA on port 2000
  Map loaded in simulator.
  Generated scene in 2 iterations, 0.007436 seconds.
  Beginning simulation of top-level scenario...
  Ran simulation in 18.55 seconds.
Beginning scenario construction...
pygame 2.6.1 (SDL 2.28.4, Python 3.10.12)
Hello from the pygame community. https://www.pygame.org/contribute.html
  Loading cached version of road network...
  Loaded cached network in 0.14 seconds.
  Pruning scenario...
  Pruned scenario in 2.193e-05 seconds.
Scenario constructed in 1.40 seconds.
  Connecting to CARLA on port 2000
  Map loaded in simulator.
  Generated scene in 2 iterations, 0.007171 seconds.
  Beginning simulation of top-level scenario...
  Ran simulation in 19.38 seconds.
Beginning scenario construction...
pygame 2.6.1 (SDL 2.28.4, Python 3.10.12)
Hello from the pygame community. https://www.pygame.org/contribute.html
  Loading cached version of road network...
  Loaded cached network in 0.14 seconds.
  Pruning scenario...
  Pruned scenario in 3.314e-05 seconds.
Scenario constructed in 1.42 seconds.
  Connecting to CARLA on port 2000
  Map loaded in simulator.
  Generated scene in 5 iterations, 0.01139 seconds.
  Beginning simulation of top-level scenario...
  Ran simulation in 17.52 seconds.
Beginning scenario construction...
pygame 2.6.1 (SDL 2.28.4, Python 3.10.12)
Hello from the pygame community. https://www.pygame.org/contribute.html
  Loading cached version of road network...
  Loaded cached network in 0.13 seconds.
  Pruning scenario...
  Pruned scenario in 2.241e-05 seconds.
Scenario constructed in 1.42 seconds.
  Connecting to CARLA on port 2000
  Map loaded in simulator.
  Generated scene in 5 iterations, 0.01188 seconds.
  Beginning simulation of top-level scenario...
  Ran simulation in 17.84 seconds.
Beginning scenario construction...
pygame 2.6.1 (SDL 2.28.4, Python 3.10.12)
Hello from the pygame community. https://www.pygame.org/contribute.html
  Loading cached version of road network...
  Loaded cached network in 0.14 seconds.
  Pruning scenario...
  Pruned scenario in 1.836e-05 seconds.
Scenario constructed in 1.41 seconds.
  Connecting to CARLA on port 2000
  Map loaded in simulator.
  Generated scene in 9 iterations, 0.01761 seconds.
  Beginning simulation of top-level scenario...
  Ran simulation in 19.39 seconds.
Beginning scenario construction...
pygame 2.6.1 (SDL 2.28.4, Python 3.10.12)
Hello from the pygame community. https://www.pygame.org/contribute.html
  Loading cached version of road network...
  Loaded cached network in 0.14 seconds.
  Pruning scenario...
  Pruned scenario in 1.907e-05 seconds.
Scenario constructed in 1.41 seconds.
  Connecting to CARLA on port 2000
  Map loaded in simulator.
  Generated scene in 9 iterations, 0.01782 seconds.
  Beginning simulation of top-level scenario...
  Ran simulation in 21.06 seconds.
Beginning scenario construction...
pygame 2.6.1 (SDL 2.28.4, Python 3.10.12)
Hello from the pygame community. https://www.pygame.org/contribute.html
  Loading cached version of road network...
  Loaded cached network in 0.14 seconds.
  Pruning scenario...
  Pruned scenario in 1.86e-05 seconds.
Scenario constructed in 1.40 seconds.
  Connecting to CARLA on port 2000
  Map loaded in simulator.
  Generated scene in 2 iterations, 0.007443 seconds.
  Beginning simulation of top-level scenario...
  Ran simulation in 17.99 seconds.
Beginning scenario construction...
pygame 2.6.1 (SDL 2.28.4, Python 3.10.12)
Hello from the pygame community. https://www.pygame.org/contribute.html
  Loading cached version of road network...
  Loaded cached network in 0.14 seconds.
  Pruning scenario...
  Pruned scenario in 2.146e-05 seconds.
Scenario constructed in 1.40 seconds.
  Connecting to CARLA on port 2000
  Map loaded in simulator.
  Generated scene in 2 iterations, 0.007481 seconds.
  Beginning simulation of top-level scenario...
  Ran simulation in 21.1 seconds.
Beginning scenario construction...
pygame 2.6.1 (SDL 2.28.4, Python 3.10.12)
Hello from the pygame community. https://www.pygame.org/contribute.html
  Loading cached version of road network...
  Loaded cached network in 0.14 seconds.
  Pruning scenario...
  Pruned scenario in 2.432e-05 seconds.
Scenario constructed in 1.40 seconds.
  Connecting to CARLA on port 2000
  Map loaded in simulator.
  Generated scene in 4 iterations, 0.0105 seconds.
  Beginning simulation of top-level scenario...
  Ran simulation in 18.92 seconds.
Beginning scenario construction...
pygame 2.6.1 (SDL 2.28.4, Python 3.10.12)
Hello from the pygame community. https://www.pygame.org/contribute.html
  Loading cached version of road network...
  Loaded cached network in 0.14 seconds.
  Pruning scenario...
  Pruned scenario in 2.074e-05 seconds.
Scenario constructed in 1.40 seconds.
  Connecting to CARLA on port 2000
  Map loaded in simulator.
  Generated scene in 2 iterations, 0.007418 seconds.
  Beginning simulation of top-level scenario...
  Ran simulation in 17.96 seconds.
Beginning scenario construction...
pygame 2.6.1 (SDL 2.28.4, Python 3.10.12)
Hello from the pygame community. https://www.pygame.org/contribute.html
  Loading cached version of road network...
  Loaded cached network in 0.13 seconds.
  Pruning scenario...
  Pruned scenario in 2.146e-05 seconds.
Scenario constructed in 1.44 seconds.
  Connecting to CARLA on port 2000
  Map loaded in simulator.
  Generated scene in 1 iterations, 0.005539 seconds.
  Beginning simulation of top-level scenario...
  Ran simulation in 18.21 seconds.
Beginning scenario construction...
pygame 2.6.1 (SDL 2.28.4, Python 3.10.12)
Hello from the pygame community. https://www.pygame.org/contribute.html
  Loading cached version of road network...
  Loaded cached network in 0.14 seconds.
  Pruning scenario...
  Pruned scenario in 2.146e-05 seconds.
Scenario constructed in 1.41 seconds.
  Connecting to CARLA on port 2000
  Map loaded in simulator.
  Generated scene in 2 iterations, 0.007482 seconds.
  Beginning simulation of top-level scenario...
  Ran simulation in 18.91 seconds.
Beginning scenario construction...
pygame 2.6.1 (SDL 2.28.4, Python 3.10.12)
Hello from the pygame community. https://www.pygame.org/contribute.html
  Loading cached version of road network...
  Loaded cached network in 0.14 seconds.
  Pruning scenario...
  Pruned scenario in 1.979e-05 seconds.
Scenario constructed in 1.41 seconds.
  Connecting to CARLA on port 2000
  Map loaded in simulator.
  Generated scene in 1 iterations, 0.005368 seconds.
  Beginning simulation of top-level scenario...
  Ran simulation in 17.94 seconds.
Beginning scenario construction...
pygame 2.6.1 (SDL 2.28.4, Python 3.10.12)
Hello from the pygame community. https://www.pygame.org/contribute.html
  Loading cached version of road network...
  Loaded cached network in 0.14 seconds.
  Pruning scenario...
  Pruned scenario in 1.931e-05 seconds.
Scenario constructed in 1.41 seconds.
  Connecting to CARLA on port 2000
  Map loaded in simulator.
  Generated scene in 1 iterations, 0.005444 seconds.
  Beginning simulation of top-level scenario...
  Ran simulation in 18.53 seconds.
Beginning scenario construction...
pygame 2.6.1 (SDL 2.28.4, Python 3.10.12)
Hello from the pygame community. https://www.pygame.org/contribute.html
  Loading cached version of road network...
  Loaded cached network in 0.14 seconds.
  Pruning scenario...
  Pruned scenario in 2.074e-05 seconds.
Scenario constructed in 1.40 seconds.
  Connecting to CARLA on port 2000
  Map loaded in simulator.
  Generated scene in 2 iterations, 0.007365 seconds.
  Beginning simulation of top-level scenario...
  Ran simulation in 19.06 seconds.
Beginning scenario construction...
pygame 2.6.1 (SDL 2.28.4, Python 3.10.12)
Hello from the pygame community. https://www.pygame.org/contribute.html
  Loading cached version of road network...
  Loaded cached network in 0.14 seconds.
  Pruning scenario...
  Pruned scenario in 1.764e-05 seconds.
Scenario constructed in 1.41 seconds.
  Connecting to CARLA on port 2000
  Map loaded in simulator.
  Generated scene in 1 iterations, 0.0053 seconds.
  Beginning simulation of top-level scenario...
  Ran simulation in 20.64 seconds.
Beginning scenario construction...
pygame 2.6.1 (SDL 2.28.4, Python 3.10.12)
Hello from the pygame community. https://www.pygame.org/contribute.html
  Loading cached version of road network...
  Loaded cached network in 0.13 seconds.
  Pruning scenario...
  Pruned scenario in 2.074e-05 seconds.
Scenario constructed in 1.41 seconds.
  Connecting to CARLA on port 2000
  Map loaded in simulator.
  Generated scene in 1 iterations, 0.005446 seconds.
  Beginning simulation of top-level scenario...
  Ran simulation in 18.81 seconds.
Beginning scenario construction...
pygame 2.6.1 (SDL 2.28.4, Python 3.10.12)
Hello from the pygame community. https://www.pygame.org/contribute.html
  Loading cached version of road network...
  Loaded cached network in 0.13 seconds.
  Pruning scenario...
  Pruned scenario in 2.766e-05 seconds.
Scenario constructed in 1.43 seconds.
  Connecting to CARLA on port 2000
  Map loaded in simulator.
  Generated scene in 1 iterations, 0.005315 seconds.
  Beginning simulation of top-level scenario...
  Ran simulation in 18.03 seconds.
Beginning scenario construction...
pygame 2.6.1 (SDL 2.28.4, Python 3.10.12)
Hello from the pygame community. https://www.pygame.org/contribute.html
  Loading cached version of road network...
  Loaded cached network in 0.14 seconds.
  Pruning scenario...
  Pruned scenario in 2.36e-05 seconds.
Scenario constructed in 1.43 seconds.
  Connecting to CARLA on port 2000
  Map loaded in simulator.
  Generated scene in 4 iterations, 0.01027 seconds.
  Beginning simulation of top-level scenario...
  Ran simulation in 18.79 seconds.
Beginning scenario construction...
pygame 2.6.1 (SDL 2.28.4, Python 3.10.12)
Hello from the pygame community. https://www.pygame.org/contribute.html
  Loading cached version of road network...
  Loaded cached network in 0.13 seconds.
  Pruning scenario...
  Pruned scenario in 2.027e-05 seconds.
Scenario constructed in 1.43 seconds.
  Connecting to CARLA on port 2000
  Map loaded in simulator.
  Generated scene in 1 iterations, 0.005323 seconds.
  Beginning simulation of top-level scenario...
  Ran simulation in 20.66 seconds.
Beginning scenario construction...
pygame 2.6.1 (SDL 2.28.4, Python 3.10.12)
Hello from the pygame community. https://www.pygame.org/contribute.html
  Loading cached version of road network...
  Loaded cached network in 0.14 seconds.
  Pruning scenario...
  Pruned scenario in 2.122e-05 seconds.
Scenario constructed in 1.41 seconds.
  Connecting to CARLA on port 2000
  Map loaded in simulator.
  Generated scene in 3 iterations, 0.008776 seconds.
  Beginning simulation of top-level scenario...
  Ran simulation in 20.79 seconds.
Beginning scenario construction...
pygame 2.6.1 (SDL 2.28.4, Python 3.10.12)
Hello from the pygame community. https://www.pygame.org/contribute.html
  Loading cached version of road network...
  Loaded cached network in 0.13 seconds.
  Pruning scenario...
  Pruned scenario in 2.337e-05 seconds.
Scenario constructed in 1.39 seconds.
  Connecting to CARLA on port 2000
  Map loaded in simulator.
  Generated scene in 4 iterations, 0.01048 seconds.
  Beginning simulation of top-level scenario...
  Ran simulation in 18.4 seconds.
Beginning scenario construction...
pygame 2.6.1 (SDL 2.28.4, Python 3.10.12)
Hello from the pygame community. https://www.pygame.org/contribute.html
  Loading cached version of road network...
  Loaded cached network in 0.13 seconds.
  Pruning scenario...
  Pruned scenario in 2.17e-05 seconds.
Scenario constructed in 1.40 seconds.
  Connecting to CARLA on port 2000
  Map loaded in simulator.
  Generated scene in 1 iterations, 0.005484 seconds.
  Beginning simulation of top-level scenario...
  Ran simulation in 18.98 seconds.
Beginning scenario construction...
pygame 2.6.1 (SDL 2.28.4, Python 3.10.12)
Hello from the pygame community. https://www.pygame.org/contribute.html
  Loading cached version of road network...
  Loaded cached network in 0.14 seconds.
  Pruning scenario...
  Pruned scenario in 2.67e-05 seconds.
Scenario constructed in 1.42 seconds.
  Connecting to CARLA on port 2000
  Map loaded in simulator.
  Generated scene in 2 iterations, 0.007268 seconds.
  Beginning simulation of top-level scenario...
  Ran simulation in 17.95 seconds.
Beginning scenario construction...
pygame 2.6.1 (SDL 2.28.4, Python 3.10.12)
Hello from the pygame community. https://www.pygame.org/contribute.html
  Loading cached version of road network...
  Loaded cached network in 0.14 seconds.
  Pruning scenario...
  Pruned scenario in 1.979e-05 seconds.
Scenario constructed in 1.42 seconds.
  Connecting to CARLA on port 2000
  Map loaded in simulator.
  Generated scene in 1 iterations, 0.00536 seconds.
  Beginning simulation of top-level scenario...
  Ran simulation in 19.77 seconds.
Beginning scenario construction...
pygame 2.6.1 (SDL 2.28.4, Python 3.10.12)
Hello from the pygame community. https://www.pygame.org/contribute.html
  Loading cached version of road network...
  Loaded cached network in 0.14 seconds.
  Pruning scenario...
  Pruned scenario in 2.003e-05 seconds.
Scenario constructed in 1.40 seconds.
  Connecting to CARLA on port 2000
  Map loaded in simulator.
  Generated scene in 2 iterations, 0.007454 seconds.
  Beginning simulation of top-level scenario...
  Ran simulation in 17.67 seconds.
Beginning scenario construction...
pygame 2.6.1 (SDL 2.28.4, Python 3.10.12)
Hello from the pygame community. https://www.pygame.org/contribute.html
  Loading cached version of road network...
  Loaded cached network in 0.13 seconds.
  Pruning scenario...
  Pruned scenario in 2.05e-05 seconds.
Scenario constructed in 1.41 seconds.
  Connecting to CARLA on port 2000
  Map loaded in simulator.
  Generated scene in 3 iterations, 0.008992 seconds.
  Beginning simulation of top-level scenario...
  Ran simulation in 17.65 seconds.
Beginning scenario construction...
pygame 2.6.1 (SDL 2.28.4, Python 3.10.12)
Hello from the pygame community. https://www.pygame.org/contribute.html
  Loading cached version of road network...
  Loaded cached network in 0.14 seconds.
  Pruning scenario...
  Pruned scenario in 2.432e-05 seconds.
Scenario constructed in 1.40 seconds.
  Connecting to CARLA on port 2000
  Map loaded in simulator.
  Generated scene in 1 iterations, 0.005505 seconds.
  Beginning simulation of top-level scenario...
  Ran simulation in 19.5 seconds.
Beginning scenario construction...
pygame 2.6.1 (SDL 2.28.4, Python 3.10.12)
Hello from the pygame community. https://www.pygame.org/contribute.html
  Loading cached version of road network...
  Loaded cached network in 0.13 seconds.
  Pruning scenario...
  Pruned scenario in 1.931e-05 seconds.
Scenario constructed in 1.41 seconds.
  Connecting to CARLA on port 2000
  Map loaded in simulator.
  Generated scene in 2 iterations, 0.007413 seconds.
  Beginning simulation of top-level scenario...
  Ran simulation in 18.24 seconds.
Beginning scenario construction...
pygame 2.6.1 (SDL 2.28.4, Python 3.10.12)
Hello from the pygame community. https://www.pygame.org/contribute.html
  Loading cached version of road network...
  Loaded cached network in 0.14 seconds.
  Pruning scenario...
  Pruned scenario in 2.05e-05 seconds.
Scenario constructed in 1.39 seconds.
  Connecting to CARLA on port 2000
  Map loaded in simulator.
  Generated scene in 4 iterations, 0.0103 seconds.
  Beginning simulation of top-level scenario...
  Ran simulation in 19.22 seconds.
Beginning scenario construction...
pygame 2.6.1 (SDL 2.28.4, Python 3.10.12)
Hello from the pygame community. https://www.pygame.org/contribute.html
  Loading cached version of road network...
  Loaded cached network in 0.14 seconds.
  Pruning scenario...
  Pruned scenario in 2.003e-05 seconds.
Scenario constructed in 1.40 seconds.
  Connecting to CARLA on port 2000
  Map loaded in simulator.
  Generated scene in 1 iterations, 0.00531 seconds.
  Beginning simulation of top-level scenario...
  Ran simulation in 18.23 seconds.
Beginning scenario construction...
pygame 2.6.1 (SDL 2.28.4, Python 3.10.12)
Hello from the pygame community. https://www.pygame.org/contribute.html
  Loading cached version of road network...
  Loaded cached network in 0.14 seconds.
  Pruning scenario...
  Pruned scenario in 2.122e-05 seconds.
Scenario constructed in 1.40 seconds.
  Connecting to CARLA on port 2000
  Map loaded in simulator.
  Generated scene in 5 iterations, 0.0117 seconds.
  Beginning simulation of top-level scenario...
  Ran simulation in 19.04 seconds.
Beginning scenario construction...
pygame 2.6.1 (SDL 2.28.4, Python 3.10.12)
Hello from the pygame community. https://www.pygame.org/contribute.html
  Loading cached version of road network...
  Loaded cached network in 0.14 seconds.
  Pruning scenario...
  Pruned scenario in 2.027e-05 seconds.
Scenario constructed in 1.41 seconds.
  Connecting to CARLA on port 2000
  Map loaded in simulator.
  Generated scene in 2 iterations, 0.007355 seconds.
  Beginning simulation of top-level scenario...
  Ran simulation in 17.48 seconds.
Beginning scenario construction...
pygame 2.6.1 (SDL 2.28.4, Python 3.10.12)
Hello from the pygame community. https://www.pygame.org/contribute.html
  Loading cached version of road network...
  Loaded cached network in 0.14 seconds.
  Pruning scenario...
  Pruned scenario in 1.717e-05 seconds.
Scenario constructed in 1.39 seconds.
  Connecting to CARLA on port 2000
  Map loaded in simulator.
  Generated scene in 1 iterations, 0.005364 seconds.
  Beginning simulation of top-level scenario...
  Ran simulation in 18.18 seconds.
Beginning scenario construction...
pygame 2.6.1 (SDL 2.28.4, Python 3.10.12)
Hello from the pygame community. https://www.pygame.org/contribute.html
  Loading cached version of road network...
  Loaded cached network in 0.14 seconds.
  Pruning scenario...
  Pruned scenario in 2.027e-05 seconds.
Scenario constructed in 1.41 seconds.
  Connecting to CARLA on port 2000
  Map loaded in simulator.
  Generated scene in 5 iterations, 0.01218 seconds.
  Beginning simulation of top-level scenario...
  Ran simulation in 19.7 seconds.
Beginning scenario construction...
pygame 2.6.1 (SDL 2.28.4, Python 3.10.12)
Hello from the pygame community. https://www.pygame.org/contribute.html
  Loading cached version of road network...
  Loaded cached network in 0.13 seconds.
  Pruning scenario...
  Pruned scenario in 2.289e-05 seconds.
Scenario constructed in 1.41 seconds.
  Connecting to CARLA on port 2000
  Map loaded in simulator.
  Generated scene in 3 iterations, 0.008936 seconds.
  Beginning simulation of top-level scenario...
  Ran simulation in 18.17 seconds.
Beginning scenario construction...
pygame 2.6.1 (SDL 2.28.4, Python 3.10.12)
Hello from the pygame community. https://www.pygame.org/contribute.html
  Loading cached version of road network...
  Loaded cached network in 0.14 seconds.
  Pruning scenario...
  Pruned scenario in 2.241e-05 seconds.
Scenario constructed in 1.42 seconds.
  Connecting to CARLA on port 2000
  Map loaded in simulator.
  Generated scene in 5 iterations, 0.01192 seconds.
  Beginning simulation of top-level scenario...
  Ran simulation in 18.23 seconds.
Beginning scenario construction...
pygame 2.6.1 (SDL 2.28.4, Python 3.10.12)
Hello from the pygame community. https://www.pygame.org/contribute.html
  Loading cached version of road network...
  Loaded cached network in 0.14 seconds.
  Pruning scenario...
  Pruned scenario in 2.027e-05 seconds.
Scenario constructed in 1.41 seconds.
  Connecting to CARLA on port 2000
  Map loaded in simulator.
  Generated scene in 1 iterations, 0.005306 seconds.
  Beginning simulation of top-level scenario...
  Ran simulation in 21.63 seconds.
Beginning scenario construction...
pygame 2.6.1 (SDL 2.28.4, Python 3.10.12)
Hello from the pygame community. https://www.pygame.org/contribute.html
  Loading cached version of road network...
  Loaded cached network in 0.14 seconds.
  Pruning scenario...
  Pruned scenario in 1.884e-05 seconds.
Scenario constructed in 1.42 seconds.
  Connecting to CARLA on port 2000
  Map loaded in simulator.
  Generated scene in 4 iterations, 0.01057 seconds.
  Beginning simulation of top-level scenario...
  Ran simulation in 18.26 seconds.
Beginning scenario construction...
pygame 2.6.1 (SDL 2.28.4, Python 3.10.12)
Hello from the pygame community. https://www.pygame.org/contribute.html
  Loading cached version of road network...
  Loaded cached network in 0.14 seconds.
  Pruning scenario...
  Pruned scenario in 2.05e-05 seconds.
Scenario constructed in 1.40 seconds.
  Connecting to CARLA on port 2000
  Map loaded in simulator.
  Generated scene in 4 iterations, 0.01034 seconds.
  Beginning simulation of top-level scenario...
  Ran simulation in 18.12 seconds.
Beginning scenario construction...
pygame 2.6.1 (SDL 2.28.4, Python 3.10.12)
Hello from the pygame community. https://www.pygame.org/contribute.html
  Loading cached version of road network...
  Loaded cached network in 0.14 seconds.
  Pruning scenario...
  Pruned scenario in 2.027e-05 seconds.
Scenario constructed in 1.42 seconds.
  Connecting to CARLA on port 2000
  Map loaded in simulator.
  Generated scene in 1 iterations, 0.005397 seconds.
  Beginning simulation of top-level scenario...
  Ran simulation in 18.9 seconds.
Beginning scenario construction...
pygame 2.6.1 (SDL 2.28.4, Python 3.10.12)
Hello from the pygame community. https://www.pygame.org/contribute.html
  Loading cached version of road network...
  Loaded cached network in 0.14 seconds.
  Pruning scenario...
  Pruned scenario in 2.456e-05 seconds.
Scenario constructed in 1.40 seconds.
  Connecting to CARLA on port 2000
  Map loaded in simulator.
  Generated scene in 5 iterations, 0.01195 seconds.
  Beginning simulation of top-level scenario...
  Ran simulation in 17.9 seconds.
Beginning scenario construction...
pygame 2.6.1 (SDL 2.28.4, Python 3.10.12)
Hello from the pygame community. https://www.pygame.org/contribute.html
  Loading cached version of road network...
  Loaded cached network in 0.14 seconds.
  Pruning scenario...
  Pruned scenario in 2.432e-05 seconds.
Scenario constructed in 1.42 seconds.
  Connecting to CARLA on port 2000
  Map loaded in simulator.
  Generated scene in 1 iterations, 0.00534 seconds.
  Beginning simulation of top-level scenario...
  Ran simulation in 18.62 seconds.
Beginning scenario construction...
pygame 2.6.1 (SDL 2.28.4, Python 3.10.12)
Hello from the pygame community. https://www.pygame.org/contribute.html
  Loading cached version of road network...
  Loaded cached network in 0.14 seconds.
  Pruning scenario...
  Pruned scenario in 1.836e-05 seconds.
Scenario constructed in 1.40 seconds.
  Connecting to CARLA on port 2000
  Map loaded in simulator.
  Generated scene in 2 iterations, 0.007407 seconds.
  Beginning simulation of top-level scenario...
  Ran simulation in 18.43 seconds.
Beginning scenario construction...
pygame 2.6.1 (SDL 2.28.4, Python 3.10.12)
Hello from the pygame community. https://www.pygame.org/contribute.html
  Loading cached version of road network...
  Loaded cached network in 0.14 seconds.
  Pruning scenario...
  Pruned scenario in 2.837e-05 seconds.
Scenario constructed in 1.40 seconds.
  Connecting to CARLA on port 2000
  Map loaded in simulator.
  Generated scene in 2 iterations, 0.007503 seconds.
  Beginning simulation of top-level scenario...
  Ran simulation in 18.24 seconds.
Beginning scenario construction...
pygame 2.6.1 (SDL 2.28.4, Python 3.10.12)
Hello from the pygame community. https://www.pygame.org/contribute.html
  Loading cached version of road network...
  Loaded cached network in 0.13 seconds.
  Pruning scenario...
  Pruned scenario in 2.241e-05 seconds.
Scenario constructed in 1.39 seconds.
  Connecting to CARLA on port 2000
  Map loaded in simulator.
  Generated scene in 2 iterations, 0.007376 seconds.
  Beginning simulation of top-level scenario...
  Ran simulation in 19.38 seconds.
Beginning scenario construction...
pygame 2.6.1 (SDL 2.28.4, Python 3.10.12)
Hello from the pygame community. https://www.pygame.org/contribute.html
  Loading cached version of road network...
  Loaded cached network in 0.13 seconds.
  Pruning scenario...
  Pruned scenario in 2.313e-05 seconds.
Scenario constructed in 1.41 seconds.
  Connecting to CARLA on port 2000
  Map loaded in simulator.
  Generated scene in 1 iterations, 0.005441 seconds.
  Beginning simulation of top-level scenario...
  Ran simulation in 21.73 seconds.
Beginning scenario construction...
pygame 2.6.1 (SDL 2.28.4, Python 3.10.12)
Hello from the pygame community. https://www.pygame.org/contribute.html
  Loading cached version of road network...
  Loaded cached network in 0.14 seconds.
  Pruning scenario...
  Pruned scenario in 2.122e-05 seconds.
Scenario constructed in 1.41 seconds.
  Connecting to CARLA on port 2000
  Map loaded in simulator.
  Generated scene in 2 iterations, 0.007333 seconds.
  Beginning simulation of top-level scenario...
  Ran simulation in 18.6 seconds.
Beginning scenario construction...
pygame 2.6.1 (SDL 2.28.4, Python 3.10.12)
Hello from the pygame community. https://www.pygame.org/contribute.html
  Loading cached version of road network...
  Loaded cached network in 0.13 seconds.
  Pruning scenario...
  Pruned scenario in 2.313e-05 seconds.
Scenario constructed in 1.42 seconds.
  Connecting to CARLA on port 2000
  Map loaded in simulator.
  Generated scene in 1 iterations, 0.005335 seconds.
  Beginning simulation of top-level scenario...
  Ran simulation in 19.81 seconds.
Beginning scenario construction...
pygame 2.6.1 (SDL 2.28.4, Python 3.10.12)
Hello from the pygame community. https://www.pygame.org/contribute.html
  Loading cached version of road network...
  Loaded cached network in 0.14 seconds.
  Pruning scenario...
  Pruned scenario in 1.86e-05 seconds.
Scenario constructed in 1.40 seconds.
  Connecting to CARLA on port 2000
  Map loaded in simulator.
  Generated scene in 6 iterations, 0.0137 seconds.
  Beginning simulation of top-level scenario...
  Ran simulation in 17.73 seconds.
Beginning scenario construction...
pygame 2.6.1 (SDL 2.28.4, Python 3.10.12)
Hello from the pygame community. https://www.pygame.org/contribute.html
  Loading cached version of road network...
  Loaded cached network in 0.13 seconds.
  Pruning scenario...
  Pruned scenario in 2.074e-05 seconds.
Scenario constructed in 1.40 seconds.
  Connecting to CARLA on port 2000
  Map loaded in simulator.
  Generated scene in 1 iterations, 0.005433 seconds.
  Beginning simulation of top-level scenario...
  Ran simulation in 19.09 seconds.
Beginning scenario construction...
pygame 2.6.1 (SDL 2.28.4, Python 3.10.12)
Hello from the pygame community. https://www.pygame.org/contribute.html
  Loading cached version of road network...
  Loaded cached network in 0.13 seconds.
  Pruning scenario...
  Pruned scenario in 2.456e-05 seconds.
Scenario constructed in 1.39 seconds.
  Connecting to CARLA on port 2000
  Map loaded in simulator.
  Generated scene in 2 iterations, 0.007314 seconds.
  Beginning simulation of top-level scenario...
  Ran simulation in 18.66 seconds.
Beginning scenario construction...
pygame 2.6.1 (SDL 2.28.4, Python 3.10.12)
Hello from the pygame community. https://www.pygame.org/contribute.html
  Loading cached version of road network...
  Loaded cached network in 0.14 seconds.
  Pruning scenario...
  Pruned scenario in 2.432e-05 seconds.
Scenario constructed in 1.40 seconds.
  Connecting to CARLA on port 2000
  Map loaded in simulator.
  Generated scene in 2 iterations, 0.007491 seconds.
  Beginning simulation of top-level scenario...
  Ran simulation in 19 seconds.
Beginning scenario construction...
pygame 2.6.1 (SDL 2.28.4, Python 3.10.12)
Hello from the pygame community. https://www.pygame.org/contribute.html
  Loading cached version of road network...
  Loaded cached network in 0.13 seconds.
  Pruning scenario...
  Pruned scenario in 2.146e-05 seconds.
Scenario constructed in 1.42 seconds.
  Connecting to CARLA on port 2000
  Map loaded in simulator.
  Generated scene in 1 iterations, 0.005356 seconds.
  Beginning simulation of top-level scenario...
  Ran simulation in 18.85 seconds.
Beginning scenario construction...
pygame 2.6.1 (SDL 2.28.4, Python 3.10.12)
Hello from the pygame community. https://www.pygame.org/contribute.html
  Loading cached version of road network...
  Loaded cached network in 0.14 seconds.
  Pruning scenario...
  Pruned scenario in 3.362e-05 seconds.
Scenario constructed in 1.41 seconds.
  Connecting to CARLA on port 2000
  Map loaded in simulator.
  Generated scene in 3 iterations, 0.009043 seconds.
  Beginning simulation of top-level scenario...
  Ran simulation in 17.85 seconds.
Beginning scenario construction...
pygame 2.6.1 (SDL 2.28.4, Python 3.10.12)
Hello from the pygame community. https://www.pygame.org/contribute.html
  Loading cached version of road network...
  Loaded cached network in 0.13 seconds.
  Pruning scenario...
  Pruned scenario in 2.05e-05 seconds.
Scenario constructed in 1.41 seconds.
  Connecting to CARLA on port 2000
  Map loaded in simulator.
  Generated scene in 3 iterations, 0.008802 seconds.
  Beginning simulation of top-level scenario...
  Ran simulation in 17.98 seconds.
Beginning scenario construction...
pygame 2.6.1 (SDL 2.28.4, Python 3.10.12)
Hello from the pygame community. https://www.pygame.org/contribute.html
  Loading cached version of road network...
  Loaded cached network in 0.14 seconds.
  Pruning scenario...
  Pruned scenario in 2.432e-05 seconds.
Scenario constructed in 1.43 seconds.
  Connecting to CARLA on port 2000
  Map loaded in simulator.
  Generated scene in 6 iterations, 0.01368 seconds.
  Beginning simulation of top-level scenario...
  Ran simulation in 18.86 seconds.
Beginning scenario construction...
pygame 2.6.1 (SDL 2.28.4, Python 3.10.12)
Hello from the pygame community. https://www.pygame.org/contribute.html
  Loading cached version of road network...
  Loaded cached network in 0.14 seconds.
  Pruning scenario...
  Pruned scenario in 2.146e-05 seconds.
Scenario constructed in 1.41 seconds.
  Connecting to CARLA on port 2000
  Map loaded in simulator.
  Generated scene in 7 iterations, 0.01505 seconds.
  Beginning simulation of top-level scenario...
  Ran simulation in 17.7 seconds.
Beginning scenario construction...
pygame 2.6.1 (SDL 2.28.4, Python 3.10.12)
Hello from the pygame community. https://www.pygame.org/contribute.html
  Loading cached version of road network...
  Loaded cached network in 0.14 seconds.
  Pruning scenario...
  Pruned scenario in 1.979e-05 seconds.
Scenario constructed in 1.45 seconds.
  Connecting to CARLA on port 2000
  Map loaded in simulator.
  Generated scene in 3 iterations, 0.008986 seconds.
  Beginning simulation of top-level scenario...
  Ran simulation in 17.78 seconds.
Beginning scenario construction...
pygame 2.6.1 (SDL 2.28.4, Python 3.10.12)
Hello from the pygame community. https://www.pygame.org/contribute.html
  Loading cached version of road network...
  Loaded cached network in 0.14 seconds.
  Pruning scenario...
  Pruned scenario in 1.931e-05 seconds.
Scenario constructed in 1.40 seconds.
  Connecting to CARLA on port 2000
  Map loaded in simulator.
  Generated scene in 1 iterations, 0.005258 seconds.
  Beginning simulation of top-level scenario...
  Ran simulation in 19.74 seconds.
Beginning scenario construction...
pygame 2.6.1 (SDL 2.28.4, Python 3.10.12)
Hello from the pygame community. https://www.pygame.org/contribute.html
  Loading cached version of road network...
  Loaded cached network in 0.14 seconds.
  Pruning scenario...
  Pruned scenario in 2.098e-05 seconds.
Scenario constructed in 1.40 seconds.
  Connecting to CARLA on port 2000
  Map loaded in simulator.
  Generated scene in 1 iterations, 0.005462 seconds.
  Beginning simulation of top-level scenario...
  Ran simulation in 17.49 seconds.
Beginning scenario construction...
pygame 2.6.1 (SDL 2.28.4, Python 3.10.12)
Hello from the pygame community. https://www.pygame.org/contribute.html
  Loading cached version of road network...
  Loaded cached network in 0.14 seconds.
  Pruning scenario...
  Pruned scenario in 1.812e-05 seconds.
Scenario constructed in 1.41 seconds.
  Connecting to CARLA on port 2000
  Map loaded in simulator.
  Generated scene in 10 iterations, 0.01961 seconds.
  Beginning simulation of top-level scenario...
  Ran simulation in 22.34 seconds.
Beginning scenario construction...
pygame 2.6.1 (SDL 2.28.4, Python 3.10.12)
Hello from the pygame community. https://www.pygame.org/contribute.html
  Loading cached version of road network...
  Loaded cached network in 0.13 seconds.
  Pruning scenario...
  Pruned scenario in 1.931e-05 seconds.
Scenario constructed in 1.40 seconds.
  Connecting to CARLA on port 2000
  Map loaded in simulator.
  Generated scene in 3 iterations, 0.008871 seconds.
  Beginning simulation of top-level scenario...
  Ran simulation in 17.82 seconds.
Beginning scenario construction...
pygame 2.6.1 (SDL 2.28.4, Python 3.10.12)
Hello from the pygame community. https://www.pygame.org/contribute.html
  Loading cached version of road network...
  Loaded cached network in 0.14 seconds.
  Pruning scenario...
  Pruned scenario in 1.836e-05 seconds.
Scenario constructed in 1.40 seconds.
  Connecting to CARLA on port 2000
  Map loaded in simulator.
  Generated scene in 7 iterations, 0.0149 seconds.
  Beginning simulation of top-level scenario...
  Ran simulation in 21.32 seconds.
Beginning scenario construction...
pygame 2.6.1 (SDL 2.28.4, Python 3.10.12)
Hello from the pygame community. https://www.pygame.org/contribute.html
  Loading cached version of road network...
  Loaded cached network in 0.14 seconds.
  Pruning scenario...
  Pruned scenario in 2.36e-05 seconds.
Scenario constructed in 1.43 seconds.
  Connecting to CARLA on port 2000
  Map loaded in simulator.
  Generated scene in 1 iterations, 0.005331 seconds.
  Beginning simulation of top-level scenario...
  Ran simulation in 18.58 seconds.
Beginning scenario construction...
pygame 2.6.1 (SDL 2.28.4, Python 3.10.12)
Hello from the pygame community. https://www.pygame.org/contribute.html
  Loading cached version of road network...
  Loaded cached network in 0.13 seconds.
  Pruning scenario...
  Pruned scenario in 1.86e-05 seconds.
Scenario constructed in 1.39 seconds.
  Connecting to CARLA on port 2000
  Map loaded in simulator.
  Generated scene in 1 iterations, 0.005309 seconds.
  Beginning simulation of top-level scenario...
  Ran simulation in 18.58 seconds.
Beginning scenario construction...
pygame 2.6.1 (SDL 2.28.4, Python 3.10.12)
Hello from the pygame community. https://www.pygame.org/contribute.html
  Loading cached version of road network...
  Loaded cached network in 0.14 seconds.
  Pruning scenario...
  Pruned scenario in 1.86e-05 seconds.
Scenario constructed in 1.39 seconds.
  Connecting to CARLA on port 2000
  Map loaded in simulator.
  Generated scene in 12 iterations, 0.02261 seconds.
  Beginning simulation of top-level scenario...
  Ran simulation in 17.75 seconds.
Beginning scenario construction...
pygame 2.6.1 (SDL 2.28.4, Python 3.10.12)
Hello from the pygame community. https://www.pygame.org/contribute.html
  Loading cached version of road network...
  Loaded cached network in 0.14 seconds.
  Pruning scenario...
  Pruned scenario in 1.955e-05 seconds.
Scenario constructed in 1.42 seconds.
  Connecting to CARLA on port 2000
  Map loaded in simulator.
  Generated scene in 3 iterations, 0.008982 seconds.
  Beginning simulation of top-level scenario...
  Ran simulation in 19.57 seconds.
Beginning scenario construction...
pygame 2.6.1 (SDL 2.28.4, Python 3.10.12)
Hello from the pygame community. https://www.pygame.org/contribute.html
  Loading cached version of road network...
  Loaded cached network in 0.14 seconds.
  Pruning scenario...
  Pruned scenario in 2.122e-05 seconds.
Scenario constructed in 1.42 seconds.
  Connecting to CARLA on port 2000
  Map loaded in simulator.
  Generated scene in 2 iterations, 0.007375 seconds.
  Beginning simulation of top-level scenario...
  Ran simulation in 21.24 seconds.
Beginning scenario construction...
pygame 2.6.1 (SDL 2.28.4, Python 3.10.12)
Hello from the pygame community. https://www.pygame.org/contribute.html
  Loading cached version of road network...
  Loaded cached network in 0.14 seconds.
  Pruning scenario...
  Pruned scenario in 2.599e-05 seconds.
Scenario constructed in 1.39 seconds.
  Connecting to CARLA on port 2000
  Map loaded in simulator.
  Generated scene in 3 iterations, 0.009058 seconds.
  Beginning simulation of top-level scenario...
  Ran simulation in 19.77 seconds.
Beginning scenario construction...
pygame 2.6.1 (SDL 2.28.4, Python 3.10.12)
Hello from the pygame community. https://www.pygame.org/contribute.html
  Loading cached version of road network...
  Loaded cached network in 0.13 seconds.
  Pruning scenario...
  Pruned scenario in 2.098e-05 seconds.
Scenario constructed in 1.40 seconds.
  Connecting to CARLA on port 2000
  Map loaded in simulator.
  Generated scene in 5 iterations, 0.01205 seconds.
  Beginning simulation of top-level scenario...
  Ran simulation in 21.35 seconds.
Beginning scenario construction...
pygame 2.6.1 (SDL 2.28.4, Python 3.10.12)
Hello from the pygame community. https://www.pygame.org/contribute.html
  Loading cached version of road network...
  Loaded cached network in 0.14 seconds.
  Pruning scenario...
  Pruned scenario in 2.122e-05 seconds.
Scenario constructed in 1.43 seconds.
  Connecting to CARLA on port 2000
  Map loaded in simulator.
  Generated scene in 5 iterations, 0.01175 seconds.
  Beginning simulation of top-level scenario...
  Ran simulation in 19.11 seconds.
Beginning scenario construction...
pygame 2.6.1 (SDL 2.28.4, Python 3.10.12)
Hello from the pygame community. https://www.pygame.org/contribute.html
  Loading cached version of road network...
  Loaded cached network in 0.14 seconds.
  Pruning scenario...
  Pruned scenario in 2.384e-05 seconds.
Scenario constructed in 1.41 seconds.
  Connecting to CARLA on port 2000
  Map loaded in simulator.
  Generated scene in 5 iterations, 0.01168 seconds.
  Beginning simulation of top-level scenario...
  Ran simulation in 18.02 seconds.
Beginning scenario construction...
pygame 2.6.1 (SDL 2.28.4, Python 3.10.12)
Hello from the pygame community. https://www.pygame.org/contribute.html
  Loading cached version of road network...
  Loaded cached network in 0.14 seconds.
  Pruning scenario...
  Pruned scenario in 1.979e-05 seconds.
Scenario constructed in 1.40 seconds.
  Connecting to CARLA on port 2000
  Map loaded in simulator.
  Generated scene in 4 iterations, 0.01047 seconds.
  Beginning simulation of top-level scenario...
  Ran simulation in 19.18 seconds.
Beginning scenario construction...
pygame 2.6.1 (SDL 2.28.4, Python 3.10.12)
Hello from the pygame community. https://www.pygame.org/contribute.html
  Loading cached version of road network...
  Loaded cached network in 0.13 seconds.
  Pruning scenario...
  Pruned scenario in 1.836e-05 seconds.
Scenario constructed in 1.40 seconds.
  Connecting to CARLA on port 2000
  Map loaded in simulator.
  Generated scene in 1 iterations, 0.005345 seconds.
  Beginning simulation of top-level scenario...
  Ran simulation in 18.53 seconds.
Beginning scenario construction...
pygame 2.6.1 (SDL 2.28.4, Python 3.10.12)
Hello from the pygame community. https://www.pygame.org/contribute.html
  Loading cached version of road network...
  Loaded cached network in 0.13 seconds.
  Pruning scenario...
  Pruned scenario in 1.979e-05 seconds.
Scenario constructed in 1.38 seconds.
  Connecting to CARLA on port 2000
  Map loaded in simulator.
  Generated scene in 3 iterations, 0.008874 seconds.
  Beginning simulation of top-level scenario...
  Ran simulation in 17.94 seconds.
Beginning scenario construction...
pygame 2.6.1 (SDL 2.28.4, Python 3.10.12)
Hello from the pygame community. https://www.pygame.org/contribute.html
  Loading cached version of road network...
  Loaded cached network in 0.14 seconds.
  Pruning scenario...
  Pruned scenario in 2.05e-05 seconds.
Scenario constructed in 1.41 seconds.
  Connecting to CARLA on port 2000
  Map loaded in simulator.
  Generated scene in 3 iterations, 0.008786 seconds.
  Beginning simulation of top-level scenario...
  Ran simulation in 18.19 seconds.
Beginning scenario construction...
pygame 2.6.1 (SDL 2.28.4, Python 3.10.12)
Hello from the pygame community. https://www.pygame.org/contribute.html
  Loading cached version of road network...
  Loaded cached network in 0.14 seconds.
  Pruning scenario...
  Pruned scenario in 2.313e-05 seconds.
Scenario constructed in 1.40 seconds.
  Connecting to CARLA on port 2000
  Map loaded in simulator.
  Generated scene in 3 iterations, 0.008864 seconds.
  Beginning simulation of top-level scenario...
  Ran simulation in 18.06 seconds.
Beginning scenario construction...
pygame 2.6.1 (SDL 2.28.4, Python 3.10.12)
Hello from the pygame community. https://www.pygame.org/contribute.html
  Loading cached version of road network...
  Loaded cached network in 0.14 seconds.
  Pruning scenario...
  Pruned scenario in 2.17e-05 seconds.
Scenario constructed in 1.42 seconds.
  Connecting to CARLA on port 2000
  Map loaded in simulator.
  Generated scene in 1 iterations, 0.005274 seconds.
  Beginning simulation of top-level scenario...
  Ran simulation in 18.25 seconds.
Beginning scenario construction...
pygame 2.6.1 (SDL 2.28.4, Python 3.10.12)
Hello from the pygame community. https://www.pygame.org/contribute.html
  Loading cached version of road network...
  Loaded cached network in 0.14 seconds.
  Pruning scenario...
  Pruned scenario in 1.884e-05 seconds.
Scenario constructed in 1.39 seconds.
  Connecting to CARLA on port 2000
  Map loaded in simulator.
  Generated scene in 2 iterations, 0.007409 seconds.
  Beginning simulation of top-level scenario...
  Ran simulation in 20.13 seconds.
Beginning scenario construction...
pygame 2.6.1 (SDL 2.28.4, Python 3.10.12)
Hello from the pygame community. https://www.pygame.org/contribute.html
  Loading cached version of road network...
  Loaded cached network in 0.14 seconds.
  Pruning scenario...
  Pruned scenario in 2.241e-05 seconds.
Scenario constructed in 1.40 seconds.
  Connecting to CARLA on port 2000
  Map loaded in simulator.
  Generated scene in 5 iterations, 0.01158 seconds.
  Beginning simulation of top-level scenario...
  Ran simulation in 18.72 seconds.
Beginning scenario construction...
pygame 2.6.1 (SDL 2.28.4, Python 3.10.12)
Hello from the pygame community. https://www.pygame.org/contribute.html
  Loading cached version of road network...
  Loaded cached network in 0.14 seconds.
  Pruning scenario...
  Pruned scenario in 2.122e-05 seconds.
Scenario constructed in 1.40 seconds.
  Connecting to CARLA on port 2000
  Map loaded in simulator.
  Generated scene in 1 iterations, 0.005304 seconds.
  Beginning simulation of top-level scenario...
  Ran simulation in 18.65 seconds.
Beginning scenario construction...
pygame 2.6.1 (SDL 2.28.4, Python 3.10.12)
Hello from the pygame community. https://www.pygame.org/contribute.html
  Loading cached version of road network...
  Loaded cached network in 0.14 seconds.
  Pruning scenario...
  Pruned scenario in 2.027e-05 seconds.
Scenario constructed in 1.43 seconds.
  Connecting to CARLA on port 2000
  Map loaded in simulator.
  Generated scene in 5 iterations, 0.01212 seconds.
  Beginning simulation of top-level scenario...
  Ran simulation in 18.44 seconds.
Beginning scenario construction...
pygame 2.6.1 (SDL 2.28.4, Python 3.10.12)
Hello from the pygame community. https://www.pygame.org/contribute.html
  Loading cached version of road network...
  Loaded cached network in 0.14 seconds.
  Pruning scenario...
  Pruned scenario in 1.812e-05 seconds.
Scenario constructed in 1.40 seconds.
  Connecting to CARLA on port 2000
  Map loaded in simulator.
  Generated scene in 7 iterations, 0.01437 seconds.
  Beginning simulation of top-level scenario...
  Ran simulation in 17.86 seconds.
Beginning scenario construction...
pygame 2.6.1 (SDL 2.28.4, Python 3.10.12)
Hello from the pygame community. https://www.pygame.org/contribute.html
  Loading cached version of road network...
  Loaded cached network in 0.14 seconds.
  Pruning scenario...
  Pruned scenario in 1.884e-05 seconds.
Scenario constructed in 1.40 seconds.
  Connecting to CARLA on port 2000
  Map loaded in simulator.
  Generated scene in 3 iterations, 0.008917 seconds.
  Beginning simulation of top-level scenario...
  Ran simulation in 17.8 seconds.
Beginning scenario construction...
pygame 2.6.1 (SDL 2.28.4, Python 3.10.12)
Hello from the pygame community. https://www.pygame.org/contribute.html
  Loading cached version of road network...
  Loaded cached network in 0.13 seconds.
  Pruning scenario...
  Pruned scenario in 3.171e-05 seconds.
Scenario constructed in 1.40 seconds.
  Connecting to CARLA on port 2000
  Map loaded in simulator.
  Generated scene in 2 iterations, 0.007324 seconds.
  Beginning simulation of top-level scenario...
  Ran simulation in 18.91 seconds.
Beginning scenario construction...
pygame 2.6.1 (SDL 2.28.4, Python 3.10.12)
Hello from the pygame community. https://www.pygame.org/contribute.html
  Loading cached version of road network...
  Loaded cached network in 0.14 seconds.
  Pruning scenario...
  Pruned scenario in 2.027e-05 seconds.
Scenario constructed in 1.40 seconds.
  Connecting to CARLA on port 2000
  Map loaded in simulator.
  Generated scene in 1 iterations, 0.005319 seconds.
  Beginning simulation of top-level scenario...
  Ran simulation in 16.99 seconds.
Beginning scenario construction...
pygame 2.6.1 (SDL 2.28.4, Python 3.10.12)
Hello from the pygame community. https://www.pygame.org/contribute.html
  Loading cached version of road network...
  Loaded cached network in 0.14 seconds.
  Pruning scenario...
  Pruned scenario in 1.836e-05 seconds.
Scenario constructed in 1.41 seconds.
  Connecting to CARLA on port 2000
  Map loaded in simulator.
  Generated scene in 2 iterations, 0.007435 seconds.
  Beginning simulation of top-level scenario...
  Ran simulation in 19.63 seconds.
Beginning scenario construction...
pygame 2.6.1 (SDL 2.28.4, Python 3.10.12)
Hello from the pygame community. https://www.pygame.org/contribute.html
  Loading cached version of road network...
  Loaded cached network in 0.14 seconds.
  Pruning scenario...
  Pruned scenario in 2.146e-05 seconds.
Scenario constructed in 1.43 seconds.
  Connecting to CARLA on port 2000
  Map loaded in simulator.
  Generated scene in 3 iterations, 0.008938 seconds.
  Beginning simulation of top-level scenario...
  Ran simulation in 20.3 seconds.
Beginning scenario construction...
pygame 2.6.1 (SDL 2.28.4, Python 3.10.12)
Hello from the pygame community. https://www.pygame.org/contribute.html
  Loading cached version of road network...
  Loaded cached network in 0.14 seconds.
  Pruning scenario...
  Pruned scenario in 1.836e-05 seconds.
Scenario constructed in 1.40 seconds.
  Connecting to CARLA on port 2000
  Map loaded in simulator.
  Generated scene in 2 iterations, 0.007351 seconds.
  Beginning simulation of top-level scenario...
  Ran simulation in 18.29 seconds.
Beginning scenario construction...
pygame 2.6.1 (SDL 2.28.4, Python 3.10.12)
Hello from the pygame community. https://www.pygame.org/contribute.html
  Loading cached version of road network...
  Loaded cached network in 0.14 seconds.
  Pruning scenario...
  Pruned scenario in 1.931e-05 seconds.
Scenario constructed in 1.42 seconds.
  Connecting to CARLA on port 2000
  Map loaded in simulator.
  Generated scene in 4 iterations, 0.0106 seconds.
  Beginning simulation of top-level scenario...
  Ran simulation in 19.41 seconds.
Beginning scenario construction...
pygame 2.6.1 (SDL 2.28.4, Python 3.10.12)
Hello from the pygame community. https://www.pygame.org/contribute.html
  Loading cached version of road network...
  Loaded cached network in 0.14 seconds.
  Pruning scenario...
  Pruned scenario in 2.098e-05 seconds.
Scenario constructed in 1.40 seconds.
  Connecting to CARLA on port 2000
  Map loaded in simulator.
  Generated scene in 3 iterations, 0.009034 seconds.
  Beginning simulation of top-level scenario...
  Ran simulation in 22.41 seconds.
Beginning scenario construction...
pygame 2.6.1 (SDL 2.28.4, Python 3.10.12)
Hello from the pygame community. https://www.pygame.org/contribute.html
  Loading cached version of road network...
  Loaded cached network in 0.13 seconds.
  Pruning scenario...
  Pruned scenario in 2.027e-05 seconds.
Scenario constructed in 1.43 seconds.
  Connecting to CARLA on port 2000
  Map loaded in simulator.
  Generated scene in 7 iterations, 0.01447 seconds.
  Beginning simulation of top-level scenario...
  Ran simulation in 18 seconds.
Beginning scenario construction...
pygame 2.6.1 (SDL 2.28.4, Python 3.10.12)
Hello from the pygame community. https://www.pygame.org/contribute.html
  Loading cached version of road network...
  Loaded cached network in 0.14 seconds.
  Pruning scenario...
  Pruned scenario in 1.788e-05 seconds.
Scenario constructed in 1.40 seconds.
  Connecting to CARLA on port 2000
  Map loaded in simulator.
  Generated scene in 1 iterations, 0.00534 seconds.
  Beginning simulation of top-level scenario...
  Ran simulation in 18.87 seconds.
Beginning scenario construction...
pygame 2.6.1 (SDL 2.28.4, Python 3.10.12)
Hello from the pygame community. https://www.pygame.org/contribute.html
  Loading cached version of road network...
  Loaded cached network in 0.14 seconds.
  Pruning scenario...
  Pruned scenario in 2.027e-05 seconds.
Scenario constructed in 1.42 seconds.
  Connecting to CARLA on port 2000
  Map loaded in simulator.
  Generated scene in 7 iterations, 0.01491 seconds.
  Beginning simulation of top-level scenario...
  Ran simulation in 20.18 seconds.
Beginning scenario construction...
pygame 2.6.1 (SDL 2.28.4, Python 3.10.12)
Hello from the pygame community. https://www.pygame.org/contribute.html
  Loading cached version of road network...
  Loaded cached network in 0.14 seconds.
  Pruning scenario...
  Pruned scenario in 2.05e-05 seconds.
Scenario constructed in 1.40 seconds.
  Connecting to CARLA on port 2000
  Map loaded in simulator.
  Generated scene in 1 iterations, 0.005549 seconds.
  Beginning simulation of top-level scenario...
  Ran simulation in 18.55 seconds.
Beginning scenario construction...
pygame 2.6.1 (SDL 2.28.4, Python 3.10.12)
Hello from the pygame community. https://www.pygame.org/contribute.html
  Loading cached version of road network...
  Loaded cached network in 0.14 seconds.
  Pruning scenario...
  Pruned scenario in 1.931e-05 seconds.
Scenario constructed in 1.42 seconds.
  Connecting to CARLA on port 2000
  Map loaded in simulator.
  Generated scene in 1 iterations, 0.005392 seconds.
  Beginning simulation of top-level scenario...
  Ran simulation in 17.84 seconds.
Beginning scenario construction...
pygame 2.6.1 (SDL 2.28.4, Python 3.10.12)
Hello from the pygame community. https://www.pygame.org/contribute.html
  Loading cached version of road network...
  Loaded cached network in 0.14 seconds.
  Pruning scenario...
  Pruned scenario in 1.931e-05 seconds.
Scenario constructed in 1.40 seconds.
  Connecting to CARLA on port 2000
  Map loaded in simulator.
  Generated scene in 1 iterations, 0.005399 seconds.
  Beginning simulation of top-level scenario...
  Ran simulation in 19.14 seconds.
Beginning scenario construction...
pygame 2.6.1 (SDL 2.28.4, Python 3.10.12)
Hello from the pygame community. https://www.pygame.org/contribute.html
  Loading cached version of road network...
  Loaded cached network in 0.14 seconds.
  Pruning scenario...
  Pruned scenario in 2.074e-05 seconds.
Scenario constructed in 1.43 seconds.
  Connecting to CARLA on port 2000
  Map loaded in simulator.
  Generated scene in 2 iterations, 0.00738 seconds.
  Beginning simulation of top-level scenario...
  Ran simulation in 19.84 seconds.
Beginning scenario construction...
pygame 2.6.1 (SDL 2.28.4, Python 3.10.12)
Hello from the pygame community. https://www.pygame.org/contribute.html
  Loading cached version of road network...
  Loaded cached network in 0.14 seconds.
  Pruning scenario...
  Pruned scenario in 1.74e-05 seconds.
Scenario constructed in 1.40 seconds.
  Connecting to CARLA on port 2000
  Map loaded in simulator.
  Generated scene in 2 iterations, 0.007357 seconds.
  Beginning simulation of top-level scenario...
  Ran simulation in 19.54 seconds.
Beginning scenario construction...
pygame 2.6.1 (SDL 2.28.4, Python 3.10.12)
Hello from the pygame community. https://www.pygame.org/contribute.html
  Loading cached version of road network...
  Loaded cached network in 0.13 seconds.
  Pruning scenario...
  Pruned scenario in 1.931e-05 seconds.
Scenario constructed in 1.41 seconds.
  Connecting to CARLA on port 2000
  Map loaded in simulator.
  Generated scene in 4 iterations, 0.01021 seconds.
  Beginning simulation of top-level scenario...
  Ran simulation in 20.86 seconds.
Beginning scenario construction...
pygame 2.6.1 (SDL 2.28.4, Python 3.10.12)
Hello from the pygame community. https://www.pygame.org/contribute.html
  Loading cached version of road network...
  Loaded cached network in 0.14 seconds.
  Pruning scenario...
  Pruned scenario in 1.931e-05 seconds.
Scenario constructed in 1.41 seconds.
  Connecting to CARLA on port 2000
  Map loaded in simulator.
  Generated scene in 2 iterations, 0.007529 seconds.
  Beginning simulation of top-level scenario...
  Ran simulation in 17.57 seconds.
Beginning scenario construction...
pygame 2.6.1 (SDL 2.28.4, Python 3.10.12)
Hello from the pygame community. https://www.pygame.org/contribute.html
  Loading cached version of road network...
  Loaded cached network in 0.13 seconds.
  Pruning scenario...
  Pruned scenario in 2.098e-05 seconds.
Scenario constructed in 1.42 seconds.
  Connecting to CARLA on port 2000
  Map loaded in simulator.
  Generated scene in 4 iterations, 0.0104 seconds.
  Beginning simulation of top-level scenario...
  Ran simulation in 19.34 seconds.
Executing sim 0
Simulation 0 failed. Retrying...
Executing sim 1
Executing sim 2
Executing sim 3
Executing sim 4
Executing sim 5
Executing sim 6
Executing sim 7
Executing sim 8
Executing sim 9
Executing sim 10
Executing sim 11
Executing sim 12
Executing sim 13
Executing sim 14
Executing sim 15
Executing sim 16
Executing sim 17
Executing sim 18
Executing sim 19
Executing sim 20
Executing sim 21
Executing sim 22
Executing sim 23
Executing sim 24
Executing sim 25
Executing sim 26
Executing sim 27
Executing sim 28
Executing sim 29
Executing sim 30
Executing sim 31
Executing sim 32
Executing sim 33
Executing sim 34
Executing sim 35
Executing sim 36
Simulation 36 failed. Retrying...
Executing sim 37
Executing sim 38
Executing sim 39
Executing sim 40
Executing sim 41
Executing sim 42
Executing sim 43
Executing sim 44
Executing sim 45
Executing sim 46
Executing sim 47
Executing sim 48
Executing sim 49
Executing sim 50
Executing sim 51
Executing sim 52
Executing sim 53
Executing sim 54
Executing sim 55
Executing sim 56
Executing sim 57
Executing sim 58
Executing sim 59
Executing sim 60
Executing sim 61
Executing sim 62
Executing sim 63
Executing sim 64
Executing sim 65
Executing sim 66
Executing sim 67
Executing sim 68
Executing sim 69
Executing sim 70
Executing sim 71
Executing sim 72
Executing sim 73
Executing sim 74
Executing sim 75
Executing sim 76
Executing sim 77
Executing sim 78
Executing sim 79
Executing sim 80
Executing sim 81
Executing sim 82
Executing sim 83
Executing sim 84
Executing sim 85
Executing sim 86
Executing sim 87
Executing sim 88
Executing sim 89
Executing sim 90
Executing sim 91
Executing sim 92
Executing sim 93
Executing sim 94
Executing sim 95
Executing sim 96
Executing sim 97
Executing sim 98
Executing sim 99
Executing sim 100
Executing sim 101
Executing sim 102
Executing sim 103
Executing sim 104
Executing sim 105
Executing sim 106
Executing sim 107
Executing sim 108
Executing sim 109
Executing sim 110
Executing sim 111
Executing sim 112
Executing sim 113
Executing sim 114
Executing sim 115
Executing sim 116
Executing sim 117
Executing sim 118
Executing sim 119
Executing sim 120
Executing sim 121
Executing sim 122
Executing sim 123
Executing sim 124
Executing sim 125
Executing sim 126
Executing sim 127
Executing sim 128
Executing sim 129
Executing sim 130
Executing sim 131
Executing sim 132
Executing sim 133
Executing sim 134
Executing sim 135
Executing sim 136
Executing sim 137
Executing sim 138
Executing sim 139
Executing sim 140
Executing sim 141
Executing sim 142
Executing sim 143
Executing sim 144
Executing sim 145
Executing sim 146
Executing sim 147
Executing sim 148
Executing sim 149
Executing sim 150
Executing sim 151
Executing sim 152
Executing sim 153
Executing sim 154
Executing sim 155
Executing sim 156
Executing sim 157
Executing sim 158
Executing sim 159
Executing sim 160
Executing sim 161
Executing sim 162
Executing sim 163
Executing sim 164
Executing sim 165
Executing sim 166
Executing sim 167
Executing sim 168
Executing sim 169
Executing sim 170
Executing sim 171
Executing sim 172
Executing sim 173
Executing sim 174
Executing sim 175
Executing sim 176
Executing sim 177
Executing sim 178
Executing sim 179
Executing sim 180
Executing sim 181
Executing sim 182
Executing sim 183
Executing sim 184
Executing sim 185
Executing sim 186
Executing sim 187
Executing sim 188
Executing sim 189
Executing sim 190
Executing sim 191
Executing sim 192
Executing sim 193
Executing sim 194
Executing sim 195
Executing sim 196
Executing sim 197
Executing sim 198
Executing sim 199
Executing sim 200
Executing sim 201
Executing sim 202
Executing sim 203
Executing sim 204
Executing sim 205
Executing sim 206
Executing sim 207
Executing sim 208
Executing sim 209
Executing sim 210
Executing sim 211
Executing sim 212
Executing sim 213
Executing sim 214
Executing sim 215
Executing sim 216
Executing sim 217
Executing sim 218
Executing sim 219
Executing sim 220
Executing sim 221
Executing sim 222
Executing sim 223
Executing sim 224
Executing sim 225
Executing sim 226
Executing sim 227
Executing sim 228
Executing sim 229
Executing sim 230
Executing sim 231
Executing sim 232
Executing sim 233
Executing sim 234
Executing sim 235
Executing sim 236
Executing sim 237
Executing sim 238
Executing sim 239
Executing sim 240
Executing sim 241
Executing sim 242
Executing sim 243
Executing sim 244
Executing sim 245
Executing sim 246
Executing sim 247
Executing sim 248
Executing sim 249
Executing sim 250
Executing sim 251
Executing sim 252
Executing sim 253
Executing sim 254
Executing sim 255
Executing sim 256
Executing sim 257
Executing sim 258
Executing sim 259
Executing sim 260
Executing sim 261
Executing sim 262
Executing sim 263
Executing sim 264
Executing sim 265
Executing sim 266
Executing sim 267
Executing sim 268
Executing sim 269
Executing sim 270
Executing sim 271
Executing sim 272
Executing sim 273
Executing sim 274
Executing sim 275
Executing sim 276
Executing sim 277
Executing sim 278
Executing sim 279
Executing sim 280
Executing sim 281
Executing sim 282
Executing sim 283
Executing sim 284
Executing sim 285
Executing sim 286
Executing sim 287
Executing sim 288
Executing sim 289
Executing sim 290
Executing sim 291
Executing sim 292
Executing sim 293
Executing sim 294
Executing sim 295
Executing sim 296
Executing sim 297
Executing sim 298
Executing sim 299
Executing sim 300
Executing sim 301
Executing sim 302
Executing sim 303
Executing sim 304
Executing sim 305
Executing sim 306
Executing sim 307
Executing sim 308
Executing sim 309
Executing sim 310
Executing sim 311
Executing sim 312
Executing sim 313
Executing sim 314
Executing sim 315
Executing sim 316
Executing sim 317
Executing sim 318
Executing sim 319
Executing sim 320
Executing sim 321
Executing sim 322
Executing sim 323
Executing sim 324
Executing sim 325
Executing sim 326
Executing sim 327
Executing sim 328
Executing sim 329
Executing sim 330
Executing sim 331
Executing sim 332
Executing sim 333
Executing sim 334
Executing sim 335
Executing sim 336
Executing sim 337
Executing sim 338
Executing sim 339
Executing sim 340
Executing sim 341
Executing sim 342
Executing sim 343
Executing sim 344
Executing sim 345
Executing sim 346
Executing sim 347
Executing sim 348
Executing sim 349
Executing sim 350
Executing sim 351
Executing sim 352
Executing sim 353
Executing sim 354
Executing sim 355
Executing sim 356
Executing sim 357
Executing sim 358
Executing sim 359
Executing sim 360
Executing sim 361
Executing sim 362
Executing sim 363
Executing sim 364
Executing sim 365
Executing sim 366
Executing sim 367
Executing sim 368
Executing sim 369
Executing sim 370
Executing sim 371
Executing sim 372
Executing sim 373
Executing sim 374
Executing sim 375
Executing sim 376
Executing sim 377
Executing sim 378
Executing sim 379
Executing sim 380
Executing sim 381
Executing sim 382
Executing sim 383
Executing sim 384
Executing sim 385
Executing sim 386
Executing sim 387
Executing sim 388
Executing sim 389
Executing sim 390
Executing sim 391
Executing sim 392
Executing sim 393
Executing sim 394
Executing sim 395
Executing sim 396
Executing sim 397
Executing sim 398
Executing sim 399
Executing sim 400
Executing sim 401
Executing sim 402
Executing sim 403
Executing sim 404
Executing sim 405
Executing sim 406
Executing sim 407
Executing sim 408
Executing sim 409
Executing sim 410
Executing sim 411
Executing sim 412
Executing sim 413
Executing sim 414
Executing sim 415
Executing sim 416
Executing sim 417
Executing sim 418
Executing sim 419
Executing sim 420
Executing sim 421
Executing sim 422
Executing sim 423
Executing sim 424
Executing sim 425
Executing sim 426
Executing sim 427
Executing sim 428
Executing sim 429
Executing sim 430
Executing sim 431
Executing sim 432
Executing sim 433
Executing sim 434
Executing sim 435
Executing sim 436
Executing sim 437
Executing sim 438
Executing sim 439
Executing sim 440
Executing sim 441
Executing sim 442
Executing sim 443
Executing sim 444
Executing sim 445
Executing sim 446
Executing sim 447
Executing sim 448
Executing sim 449
Executing sim 450
Executing sim 451
Executing sim 452
Executing sim 453
Executing sim 454
Executing sim 455
Executing sim 456
Beginning scenario construction...
pygame 2.6.1 (SDL 2.28.4, Python 3.10.12)
Hello from the pygame community. https://www.pygame.org/contribute.html
  Loading cached version of road network...
  Loaded cached network in 0.14 seconds.
  Pruning scenario...
  Pruned scenario in 2.098e-05 seconds.
Scenario constructed in 1.43 seconds.
  Connecting to CARLA on port 2000
  Map loaded in simulator.
  Generated scene in 1 iterations, 0.005449 seconds.
  Beginning simulation of top-level scenario...
  Ran simulation in 18.03 seconds.
Beginning scenario construction...
pygame 2.6.1 (SDL 2.28.4, Python 3.10.12)
Hello from the pygame community. https://www.pygame.org/contribute.html
  Loading cached version of road network...
  Loaded cached network in 0.14 seconds.
  Pruning scenario...
  Pruned scenario in 2.17e-05 seconds.
Scenario constructed in 1.43 seconds.
  Connecting to CARLA on port 2000
  Map loaded in simulator.
  Generated scene in 4 iterations, 0.01044 seconds.
  Beginning simulation of top-level scenario...
  Ran simulation in 18.02 seconds.
Beginning scenario construction...
pygame 2.6.1 (SDL 2.28.4, Python 3.10.12)
Hello from the pygame community. https://www.pygame.org/contribute.html
  Loading cached version of road network...
  Loaded cached network in 0.14 seconds.
  Pruning scenario...
  Pruned scenario in 2.193e-05 seconds.
Scenario constructed in 1.41 seconds.
  Connecting to CARLA on port 2000
  Map loaded in simulator.
  Generated scene in 2 iterations, 0.007499 seconds.
  Beginning simulation of top-level scenario...
  Ran simulation in 17.59 seconds.
Beginning scenario construction...
pygame 2.6.1 (SDL 2.28.4, Python 3.10.12)
Hello from the pygame community. https://www.pygame.org/contribute.html
  Loading cached version of road network...
  Loaded cached network in 0.14 seconds.
  Pruning scenario...
  Pruned scenario in 2.933e-05 seconds.
Scenario constructed in 1.43 seconds.
  Connecting to CARLA on port 2000
  Map loaded in simulator.
  Generated scene in 1 iterations, 0.005526 seconds.
  Beginning simulation of top-level scenario...
  Ran simulation in 18.69 seconds.
Beginning scenario construction...
pygame 2.6.1 (SDL 2.28.4, Python 3.10.12)
Hello from the pygame community. https://www.pygame.org/contribute.html
  Loading cached version of road network...
  Loaded cached network in 0.14 seconds.
  Pruning scenario...
  Pruned scenario in 2.193e-05 seconds.
Scenario constructed in 1.42 seconds.
  Connecting to CARLA on port 2000
  Map loaded in simulator.
  Generated scene in 1 iterations, 0.005616 seconds.
  Beginning simulation of top-level scenario...
  Ran simulation in 19.58 seconds.
Beginning scenario construction...
pygame 2.6.1 (SDL 2.28.4, Python 3.10.12)
Hello from the pygame community. https://www.pygame.org/contribute.html
  Loading cached version of road network...
  Loaded cached network in 0.14 seconds.
  Pruning scenario...
  Pruned scenario in 1.907e-05 seconds.
Scenario constructed in 1.42 seconds.
  Connecting to CARLA on port 2000
  Map loaded in simulator.
  Generated scene in 1 iterations, 0.005274 seconds.
  Beginning simulation of top-level scenario...
  Ran simulation in 17.13 seconds.
Beginning scenario construction...
pygame 2.6.1 (SDL 2.28.4, Python 3.10.12)
Hello from the pygame community. https://www.pygame.org/contribute.html
  Loading cached version of road network...
  Loaded cached network in 0.14 seconds.
  Pruning scenario...
  Pruned scenario in 2.098e-05 seconds.
Scenario constructed in 1.41 seconds.
  Connecting to CARLA on port 2000
  Map loaded in simulator.
  Generated scene in 5 iterations, 0.01228 seconds.
  Beginning simulation of top-level scenario...
  Ran simulation in 18.34 seconds.
Beginning scenario construction...
pygame 2.6.1 (SDL 2.28.4, Python 3.10.12)
Hello from the pygame community. https://www.pygame.org/contribute.html
  Loading cached version of road network...
  Loaded cached network in 0.14 seconds.
  Pruning scenario...
  Pruned scenario in 2.146e-05 seconds.
Scenario constructed in 1.44 seconds.
  Connecting to CARLA on port 2000
  Map loaded in simulator.
  Generated scene in 2 iterations, 0.007399 seconds.
  Beginning simulation of top-level scenario...
  Ran simulation in 18.96 seconds.
Beginning scenario construction...
pygame 2.6.1 (SDL 2.28.4, Python 3.10.12)
Hello from the pygame community. https://www.pygame.org/contribute.html
  Loading cached version of road network...
  Loaded cached network in 0.13 seconds.
  Pruning scenario...
  Pruned scenario in 1.836e-05 seconds.
Scenario constructed in 1.41 seconds.
  Connecting to CARLA on port 2000
  Map loaded in simulator.
  Generated scene in 4 iterations, 0.01059 seconds.
  Beginning simulation of top-level scenario...
  Ran simulation in 17.45 seconds.
Beginning scenario construction...
pygame 2.6.1 (SDL 2.28.4, Python 3.10.12)
Hello from the pygame community. https://www.pygame.org/contribute.html
  Loading cached version of road network...
  Loaded cached network in 0.13 seconds.
  Pruning scenario...
  Pruned scenario in 2.456e-05 seconds.
Scenario constructed in 1.42 seconds.
  Connecting to CARLA on port 2000
  Map loaded in simulator.
  Generated scene in 4 iterations, 0.01046 seconds.
  Beginning simulation of top-level scenario...
  Ran simulation in 17.74 seconds.
Beginning scenario construction...
pygame 2.6.1 (SDL 2.28.4, Python 3.10.12)
Hello from the pygame community. https://www.pygame.org/contribute.html
  Loading cached version of road network...
  Loaded cached network in 0.14 seconds.
  Pruning scenario...
  Pruned scenario in 1.907e-05 seconds.
Scenario constructed in 1.40 seconds.
  Connecting to CARLA on port 2000
  Map loaded in simulator.
  Generated scene in 2 iterations, 0.007422 seconds.
  Beginning simulation of top-level scenario...
  Ran simulation in 19.98 seconds.
Beginning scenario construction...
pygame 2.6.1 (SDL 2.28.4, Python 3.10.12)
Hello from the pygame community. https://www.pygame.org/contribute.html
  Loading cached version of road network...
  Loaded cached network in 0.14 seconds.
  Pruning scenario...
  Pruned scenario in 2.027e-05 seconds.
Scenario constructed in 1.41 seconds.
  Connecting to CARLA on port 2000
  Map loaded in simulator.
  Generated scene in 2 iterations, 0.007478 seconds.
  Beginning simulation of top-level scenario...
  Ran simulation in 18.91 seconds.
Beginning scenario construction...
pygame 2.6.1 (SDL 2.28.4, Python 3.10.12)
Hello from the pygame community. https://www.pygame.org/contribute.html
  Loading cached version of road network...
  Loaded cached network in 0.14 seconds.
  Pruning scenario...
  Pruned scenario in 1.979e-05 seconds.
Scenario constructed in 1.40 seconds.
  Connecting to CARLA on port 2000
  Map loaded in simulator.
  Generated scene in 1 iterations, 0.00549 seconds.
  Beginning simulation of top-level scenario...
  Ran simulation in 20.38 seconds.
Beginning scenario construction...
pygame 2.6.1 (SDL 2.28.4, Python 3.10.12)
Hello from the pygame community. https://www.pygame.org/contribute.html
  Loading cached version of road network...
  Loaded cached network in 0.13 seconds.
  Pruning scenario...
  Pruned scenario in 2.027e-05 seconds.
Scenario constructed in 1.42 seconds.
  Connecting to CARLA on port 2000
  Map loaded in simulator.
  Generated scene in 1 iterations, 0.005419 seconds.
  Beginning simulation of top-level scenario...
  Ran simulation in 16.77 seconds.
Beginning scenario construction...
pygame 2.6.1 (SDL 2.28.4, Python 3.10.12)
Hello from the pygame community. https://www.pygame.org/contribute.html
  Loading cached version of road network...
  Loaded cached network in 0.14 seconds.
  Pruning scenario...
  Pruned scenario in 1.907e-05 seconds.
Scenario constructed in 1.41 seconds.
  Connecting to CARLA on port 2000
  Map loaded in simulator.
  Generated scene in 1 iterations, 0.005331 seconds.
  Beginning simulation of top-level scenario...
  Ran simulation in 19.84 seconds.
Beginning scenario construction...
pygame 2.6.1 (SDL 2.28.4, Python 3.10.12)
Hello from the pygame community. https://www.pygame.org/contribute.html
  Loading cached version of road network...
  Loaded cached network in 0.14 seconds.
  Pruning scenario...
  Pruned scenario in 1.836e-05 seconds.
Scenario constructed in 1.42 seconds.
  Connecting to CARLA on port 2000
  Map loaded in simulator.
  Generated scene in 4 iterations, 0.01031 seconds.
  Beginning simulation of top-level scenario...
  Ran simulation in 20.23 seconds.
Beginning scenario construction...
pygame 2.6.1 (SDL 2.28.4, Python 3.10.12)
Hello from the pygame community. https://www.pygame.org/contribute.html
  Loading cached version of road network...
  Loaded cached network in 0.14 seconds.
  Pruning scenario...
  Pruned scenario in 2.503e-05 seconds.
Scenario constructed in 1.42 seconds.
  Connecting to CARLA on port 2000
  Map loaded in simulator.
  Generated scene in 2 iterations, 0.007641 seconds.
  Beginning simulation of top-level scenario...
  Ran simulation in 19.24 seconds.
Beginning scenario construction...
pygame 2.6.1 (SDL 2.28.4, Python 3.10.12)
Hello from the pygame community. https://www.pygame.org/contribute.html
  Loading cached version of road network...
  Loaded cached network in 0.14 seconds.
  Pruning scenario...
  Pruned scenario in 2.193e-05 seconds.
Scenario constructed in 1.42 seconds.
  Connecting to CARLA on port 2000
  Map loaded in simulator.
  Generated scene in 3 iterations, 0.008913 seconds.
  Beginning simulation of top-level scenario...
  Ran simulation in 19.04 seconds.
Beginning scenario construction...
pygame 2.6.1 (SDL 2.28.4, Python 3.10.12)
Hello from the pygame community. https://www.pygame.org/contribute.html
  Loading cached version of road network...
  Loaded cached network in 0.14 seconds.
  Pruning scenario...
  Pruned scenario in 2.146e-05 seconds.
Scenario constructed in 1.40 seconds.
  Connecting to CARLA on port 2000
  Map loaded in simulator.
  Generated scene in 2 iterations, 0.007361 seconds.
  Beginning simulation of top-level scenario...
  Ran simulation in 18.89 seconds.
Beginning scenario construction...
pygame 2.6.1 (SDL 2.28.4, Python 3.10.12)
Hello from the pygame community. https://www.pygame.org/contribute.html
  Loading cached version of road network...
  Loaded cached network in 0.13 seconds.
  Pruning scenario...
  Pruned scenario in 2.313e-05 seconds.
Scenario constructed in 1.41 seconds.
  Connecting to CARLA on port 2000
  Map loaded in simulator.
  Generated scene in 3 iterations, 0.009007 seconds.
  Beginning simulation of top-level scenario...
  Ran simulation in 21.38 seconds.
Beginning scenario construction...
pygame 2.6.1 (SDL 2.28.4, Python 3.10.12)
Hello from the pygame community. https://www.pygame.org/contribute.html
  Loading cached version of road network...
  Loaded cached network in 0.13 seconds.
  Pruning scenario...
  Pruned scenario in 1.884e-05 seconds.
Scenario constructed in 1.39 seconds.
  Connecting to CARLA on port 2000
  Map loaded in simulator.
  Generated scene in 3 iterations, 0.009079 seconds.
  Beginning simulation of top-level scenario...
  Ran simulation in 21.71 seconds.
Beginning scenario construction...
pygame 2.6.1 (SDL 2.28.4, Python 3.10.12)
Hello from the pygame community. https://www.pygame.org/contribute.html
  Loading cached version of road network...
  Loaded cached network in 0.13 seconds.
  Pruning scenario...
  Pruned scenario in 1.884e-05 seconds.
Scenario constructed in 1.41 seconds.
  Connecting to CARLA on port 2000
  Map loaded in simulator.
  Generated scene in 5 iterations, 0.01227 seconds.
  Beginning simulation of top-level scenario...
  Ran simulation in 18.57 seconds.
Beginning scenario construction...
pygame 2.6.1 (SDL 2.28.4, Python 3.10.12)
Hello from the pygame community. https://www.pygame.org/contribute.html
  Loading cached version of road network...
  Loaded cached network in 0.14 seconds.
  Pruning scenario...
  Pruned scenario in 2.337e-05 seconds.
Scenario constructed in 1.41 seconds.
  Connecting to CARLA on port 2000
  Map loaded in simulator.
  Generated scene in 3 iterations, 0.008998 seconds.
  Beginning simulation of top-level scenario...
  Ran simulation in 19.12 seconds.
Beginning scenario construction...
pygame 2.6.1 (SDL 2.28.4, Python 3.10.12)
Hello from the pygame community. https://www.pygame.org/contribute.html
  Loading cached version of road network...
  Loaded cached network in 0.14 seconds.
  Pruning scenario...
  Pruned scenario in 2.193e-05 seconds.
Scenario constructed in 1.41 seconds.
  Connecting to CARLA on port 2000
  Map loaded in simulator.
  Generated scene in 1 iterations, 0.005587 seconds.
  Beginning simulation of top-level scenario...
  Ran simulation in 18.81 seconds.
Beginning scenario construction...
pygame 2.6.1 (SDL 2.28.4, Python 3.10.12)
Hello from the pygame community. https://www.pygame.org/contribute.html
  Loading cached version of road network...
  Loaded cached network in 0.14 seconds.
  Pruning scenario...
  Pruned scenario in 2.17e-05 seconds.
Scenario constructed in 1.40 seconds.
  Connecting to CARLA on port 2000
  Map loaded in simulator.
  Generated scene in 6 iterations, 0.01381 seconds.
  Beginning simulation of top-level scenario...
  Ran simulation in 18.4 seconds.
Beginning scenario construction...
pygame 2.6.1 (SDL 2.28.4, Python 3.10.12)
Hello from the pygame community. https://www.pygame.org/contribute.html
  Loading cached version of road network...
  Loaded cached network in 0.14 seconds.
  Pruning scenario...
  Pruned scenario in 1.86e-05 seconds.
Scenario constructed in 1.41 seconds.
  Connecting to CARLA on port 2000
  Map loaded in simulator.
  Generated scene in 1 iterations, 0.005519 seconds.
  Beginning simulation of top-level scenario...
  Ran simulation in 18.41 seconds.
Beginning scenario construction...
pygame 2.6.1 (SDL 2.28.4, Python 3.10.12)
Hello from the pygame community. https://www.pygame.org/contribute.html
  Loading cached version of road network...
  Loaded cached network in 0.14 seconds.
  Pruning scenario...
  Pruned scenario in 2.098e-05 seconds.
Scenario constructed in 1.41 seconds.
  Connecting to CARLA on port 2000
  Map loaded in simulator.
  Generated scene in 1 iterations, 0.005487 seconds.
  Beginning simulation of top-level scenario...
  Ran simulation in 18.44 seconds.
Beginning scenario construction...
pygame 2.6.1 (SDL 2.28.4, Python 3.10.12)
Hello from the pygame community. https://www.pygame.org/contribute.html
  Loading cached version of road network...
  Loaded cached network in 0.14 seconds.
  Pruning scenario...
  Pruned scenario in 1.979e-05 seconds.
Scenario constructed in 1.42 seconds.
  Connecting to CARLA on port 2000
  Map loaded in simulator.
  Generated scene in 3 iterations, 0.008973 seconds.
  Beginning simulation of top-level scenario...
  Ran simulation in 18.19 seconds.
Beginning scenario construction...
pygame 2.6.1 (SDL 2.28.4, Python 3.10.12)
Hello from the pygame community. https://www.pygame.org/contribute.html
  Loading cached version of road network...
  Loaded cached network in 0.14 seconds.
  Pruning scenario...
  Pruned scenario in 1.788e-05 seconds.
Scenario constructed in 1.41 seconds.
  Connecting to CARLA on port 2000
  Map loaded in simulator.
  Generated scene in 6 iterations, 0.01318 seconds.
  Beginning simulation of top-level scenario...
  Ran simulation in 20.93 seconds.
Beginning scenario construction...
pygame 2.6.1 (SDL 2.28.4, Python 3.10.12)
Hello from the pygame community. https://www.pygame.org/contribute.html
  Loading cached version of road network...
  Loaded cached network in 0.14 seconds.
  Pruning scenario...
  Pruned scenario in 1.955e-05 seconds.
Scenario constructed in 1.42 seconds.
  Connecting to CARLA on port 2000
  Map loaded in simulator.
  Generated scene in 1 iterations, 0.005459 seconds.
  Beginning simulation of top-level scenario...
  Ran simulation in 18.27 seconds.
Beginning scenario construction...
pygame 2.6.1 (SDL 2.28.4, Python 3.10.12)
Hello from the pygame community. https://www.pygame.org/contribute.html
  Loading cached version of road network...
  Loaded cached network in 0.14 seconds.
  Pruning scenario...
  Pruned scenario in 2.027e-05 seconds.
Scenario constructed in 1.42 seconds.
  Connecting to CARLA on port 2000
  Map loaded in simulator.
  Generated scene in 2 iterations, 0.007333 seconds.
  Beginning simulation of top-level scenario...
  Ran simulation in 19.2 seconds.
Beginning scenario construction...
pygame 2.6.1 (SDL 2.28.4, Python 3.10.12)
Hello from the pygame community. https://www.pygame.org/contribute.html
  Loading cached version of road network...
  Loaded cached network in 0.13 seconds.
  Pruning scenario...
  Pruned scenario in 2.456e-05 seconds.
Scenario constructed in 1.41 seconds.
  Connecting to CARLA on port 2000
  Map loaded in simulator.
  Generated scene in 2 iterations, 0.007464 seconds.
  Beginning simulation of top-level scenario...
  Ran simulation in 17.74 seconds.
Beginning scenario construction...
pygame 2.6.1 (SDL 2.28.4, Python 3.10.12)
Hello from the pygame community. https://www.pygame.org/contribute.html
  Loading cached version of road network...
  Loaded cached network in 0.14 seconds.
  Pruning scenario...
  Pruned scenario in 1.955e-05 seconds.
Scenario constructed in 1.42 seconds.
  Connecting to CARLA on port 2000
  Map loaded in simulator.
  Generated scene in 1 iterations, 0.005326 seconds.
  Beginning simulation of top-level scenario...
  Ran simulation in 17.11 seconds.
Beginning scenario construction...
pygame 2.6.1 (SDL 2.28.4, Python 3.10.12)
Hello from the pygame community. https://www.pygame.org/contribute.html
  Loading cached version of road network...
  Loaded cached network in 0.14 seconds.
  Pruning scenario...
  Pruned scenario in 2.599e-05 seconds.
Scenario constructed in 1.44 seconds.
  Connecting to CARLA on port 2000
  Map loaded in simulator.
  Generated scene in 2 iterations, 0.007523 seconds.
  Beginning simulation of top-level scenario...
  Ran simulation in 21.4 seconds.
Beginning scenario construction...
pygame 2.6.1 (SDL 2.28.4, Python 3.10.12)
Hello from the pygame community. https://www.pygame.org/contribute.html
  Loading cached version of road network...
  Loaded cached network in 0.14 seconds.
  Pruning scenario...
  Pruned scenario in 1.812e-05 seconds.
Scenario constructed in 1.39 seconds.
  Connecting to CARLA on port 2000
  Map loaded in simulator.
  Generated scene in 4 iterations, 0.01035 seconds.
  Beginning simulation of top-level scenario...
  Ran simulation in 18.62 seconds.
Beginning scenario construction...
pygame 2.6.1 (SDL 2.28.4, Python 3.10.12)
Hello from the pygame community. https://www.pygame.org/contribute.html
  Loading cached version of road network...
  Loaded cached network in 0.14 seconds.
  Pruning scenario...
  Pruned scenario in 1.955e-05 seconds.
Scenario constructed in 1.42 seconds.
  Connecting to CARLA on port 2000
  Map loaded in simulator.
  Generated scene in 4 iterations, 0.0104 seconds.
  Beginning simulation of top-level scenario...
  Ran simulation in 18.75 seconds.
Beginning scenario construction...
pygame 2.6.1 (SDL 2.28.4, Python 3.10.12)
Hello from the pygame community. https://www.pygame.org/contribute.html
  Loading cached version of road network...
  Loaded cached network in 0.14 seconds.
  Pruning scenario...
  Pruned scenario in 1.931e-05 seconds.
Scenario constructed in 1.41 seconds.
  Connecting to CARLA on port 2000
  Map loaded in simulator.
  Generated scene in 4 iterations, 0.01052 seconds.
  Beginning simulation of top-level scenario...
  Ran simulation in 19.43 seconds.
Beginning scenario construction...
pygame 2.6.1 (SDL 2.28.4, Python 3.10.12)
Hello from the pygame community. https://www.pygame.org/contribute.html
  Loading cached version of road network...
  Loaded cached network in 0.14 seconds.
  Pruning scenario...
  Pruned scenario in 2.074e-05 seconds.
Scenario constructed in 1.41 seconds.
  Connecting to CARLA on port 2000
  Map loaded in simulator.
  Generated scene in 8 iterations, 0.01674 seconds.
  Beginning simulation of top-level scenario...
  Ran simulation in 18.5 seconds.
Beginning scenario construction...
pygame 2.6.1 (SDL 2.28.4, Python 3.10.12)
Hello from the pygame community. https://www.pygame.org/contribute.html
  Loading cached version of road network...
  Loaded cached network in 0.14 seconds.
  Pruning scenario...
  Pruned scenario in 2.193e-05 seconds.
Scenario constructed in 1.42 seconds.
  Connecting to CARLA on port 2000
  Map loaded in simulator.
  Generated scene in 2 iterations, 0.00749 seconds.
  Beginning simulation of top-level scenario...
  Ran simulation in 18.26 seconds.
Beginning scenario construction...
pygame 2.6.1 (SDL 2.28.4, Python 3.10.12)
Hello from the pygame community. https://www.pygame.org/contribute.html
  Loading cached version of road network...
  Loaded cached network in 0.14 seconds.
  Pruning scenario...
  Pruned scenario in 2.313e-05 seconds.
Scenario constructed in 1.41 seconds.
  Connecting to CARLA on port 2000
  Map loaded in simulator.
  Generated scene in 1 iterations, 0.005377 seconds.
  Beginning simulation of top-level scenario...
  Ran simulation in 18.68 seconds.
Beginning scenario construction...
pygame 2.6.1 (SDL 2.28.4, Python 3.10.12)
Hello from the pygame community. https://www.pygame.org/contribute.html
  Loading cached version of road network...
  Loaded cached network in 0.14 seconds.
  Pruning scenario...
  Pruned scenario in 1.931e-05 seconds.
Scenario constructed in 1.45 seconds.
  Connecting to CARLA on port 2000
  Map loaded in simulator.
  Generated scene in 2 iterations, 0.007524 seconds.
  Beginning simulation of top-level scenario...
  Ran simulation in 17.56 seconds.
Beginning scenario construction...
pygame 2.6.1 (SDL 2.28.4, Python 3.10.12)
Hello from the pygame community. https://www.pygame.org/contribute.html
  Loading cached version of road network...
  Loaded cached network in 0.14 seconds.
  Pruning scenario...
  Pruned scenario in 2.074e-05 seconds.
Scenario constructed in 1.42 seconds.
  Connecting to CARLA on port 2000
  Map loaded in simulator.
  Generated scene in 5 iterations, 0.01196 seconds.
  Beginning simulation of top-level scenario...
  Ran simulation in 18.96 seconds.
Beginning scenario construction...
pygame 2.6.1 (SDL 2.28.4, Python 3.10.12)
Hello from the pygame community. https://www.pygame.org/contribute.html
  Loading cached version of road network...
  Loaded cached network in 0.14 seconds.
  Pruning scenario...
  Pruned scenario in 1.645e-05 seconds.
Scenario constructed in 1.41 seconds.
  Connecting to CARLA on port 2000
  Map loaded in simulator.
  Generated scene in 1 iterations, 0.005348 seconds.
  Beginning simulation of top-level scenario...
  Ran simulation in 18.46 seconds.
Executing sim 457
Executing sim 458
Executing sim 459
Executing sim 460
Executing sim 461
Executing sim 462
Executing sim 463
Executing sim 464
Executing sim 465
Executing sim 466
Executing sim 467
Executing sim 468
Executing sim 469
Executing sim 470
Executing sim 471
Executing sim 472
Executing sim 473
Executing sim 474
Executing sim 475
Executing sim 476
Executing sim 477
Executing sim 478
Executing sim 479
Executing sim 480
Executing sim 481
Executing sim 482
Executing sim 483
Executing sim 484
Executing sim 485
Executing sim 486
Executing sim 487
Executing sim 488
Executing sim 489
Executing sim 490
Executing sim 491
Executing sim 492
Executing sim 493
Executing sim 494
Executing sim 495
Executing sim 496
Executing sim 497
Executing sim 498
Executing sim 499
